destination_name,district,province,duration_days,budget_npr,category,activities,difficulty_level,description
Phewa Lake,Kaski,Gandaki,1,3000,Lake,"Boating, Photography, Lakeside Walk",easy,A serene lake in Pokhara offering boating and stunning reflections of the Annapurna range at sunrise.
Sarangkot,Kaski,Gandaki,1,2500,Hill Station,"Sunrise Viewing, Paragliding, Hiking",easy,Popular viewpoint near Pokhara known for spectacular sunrise views over the Annapurna and Machhapuchhre peaks.
Annapurna Base Camp,Kaski,Gandaki,12,45000,Trekking,"Trekking, Camping, Mountain Viewing",difficult,Iconic trekking destination surrounded by towering peaks
Poon Hill,Myagdi,Gandaki,5,15000,Trekking,"Trekking, Sunrise Viewing, Photography",moderate,Famous short trek offering panoramic sunrise views of Dhaulagiri and Annapurna ranges from a scenic hilltop.
Chitwan National Park,Chitwan,Bagmati,3,8000,National Park,"Jungle Safari, Canoeing, Bird Watching",easy,UNESCO World Heritage jungle reserve famous for one-horned rhinos
Lumbini,Rupandehi,Lumbini,2,5000,Religious,"Pilgrimage, Monastery Tour, Meditation",easy,Birthplace of Lord Buddha and UNESCO World Heritage Site featuring ancient monasteries and the sacred Maya Devi Temple.
Swayambhunath Stupa,Kathmandu,Bagmati,1,1500,Religious,"Sightseeing, Pilgrimage, Photography",easy,Ancient hilltop stupa overlooking Kathmandu Valley
Pashupatinath Temple,Kathmandu,Bagmati,1,1000,Religious,"Pilgrimage, Cultural Observation, Photography",easy,Sacred Hindu temple complex on the Bagmati River
Boudhanath Stupa,Kathmandu,Bagmati,1,1500,Religious,"Pilgrimage, Shopping, Photography",easy,One of the largest stupas in the world
Kathmandu Durbar Square,Kathmandu,Bagmati,1,1200,Heritage,"Sightseeing, Photography, Museum Visit",easy,Historic royal palace complex showcasing exquisite Newar architecture and centuries of Kathmandu's heritage.
Bhaktapur Durbar Square,Bhaktapur,Bagmati,1,1500,Heritage,"Sightseeing, Pottery Tour, Photography",easy,Well-preserved medieval city famous for intricate wood carvings
Patan Durbar Square,Lalitpur,Bagmati,1,1200,Heritage,"Sightseeing, Museum Visit, Photography",easy,City of fine arts renowned for ancient temples
Nagarkot,Bhaktapur,Bagmati,1,3500,Hill Station,"Sunrise Viewing, Hiking, Photography",easy,Popular hill station near Kathmandu offering breathtaking Himalayan sunrise views including Everest on clear days.
Everest Base Camp,Solukhumbu,Koshi,14,80000,Trekking,"Trekking, Mountaineering, Camping",difficult,World-renowned trek to the foot of Mount Everest through Sherpa villages and dramatic high-altitude landscapes.
Namche Bazaar,Solukhumbu,Koshi,2,15000,Trekking,"Trekking, Shopping, Acclimatization",moderate,Vibrant Sherpa trading town and gateway to Everest
Rara Lake,Mugu,Karnali,7,30000,Lake,"Trekking, Boating, Camping",moderate,Nepal's largest lake
Gosaikunda,Rasuwa,Bagmati,5,18000,Lake,"Trekking, Pilgrimage, Camping",moderate,Sacred alpine lake revered by Hindus and Buddhists
Langtang Valley,Rasuwa,Bagmati,7,25000,Trekking,"Trekking, Camping, Cultural Tour",moderate,Scenic Himalayan valley near Kathmandu offering glaciers
Mustang (Upper Mustang),Mustang,Gandaki,10,60000,Cultural,"Trekking, Cultural Tour, Photography",difficult,Remote trans-Himalayan kingdom with arid landscapes
Bandipur,Tanahun,Gandaki,2,4000,Hill Station,"Sightseeing, Hiking, Photography",easy,Charming hilltop Newar town preserving traditional architecture with panoramic Himalayan and valley views.
Ilam Tea Gardens,Ilam,Koshi,2,5000,Hill Station,"Tea Garden Tour, Hiking, Photography",easy,Lush rolling tea estates in eastern Nepal offering scenic walks and insight into Nepal's tea production heritage.
Pathibhara Devi Temple,Taplejung,Koshi,3,8000,Religious,"Pilgrimage, Trekking, Photography",moderate,Revered Hindu temple atop a scenic ridge in eastern Nepal
Kanchenjunga Base Camp,Taplejung,Koshi,18,55000,Trekking,"Trekking, Camping, Mountaineering",difficult,Remote trek to the world's third-highest peak through pristine forests and traditional Limbu villages.
Bardia National Park,Bardiya,Lumbini,3,9000,National Park,"Jungle Safari, Canoeing, Bird Watching",easy,Nepal's largest wilderness national park
Shuklaphanta National Park,Kanchanpur,Sudurpashchim,2,8500,National Park,"Jungle Safari, Bird Watching, Wildlife Photography",easy,Grassland reserve in the far west famous for swamp deer herds and rich biodiversity in the Terai region.
Khaptad National Park,Bajhang,Sudurpashchim,5,12000,National Park,"Trekking, Pilgrimage, Camping",moderate,Tranquil plateau national park blending alpine meadows
Tilicho Lake,Manang,Gandaki,10,40000,Lake,"Trekking, Camping, Photography",difficult,One of the world's highest lakes
Manang Valley,Manang,Gandaki,4,22000,Trekking,"Trekking, Acclimatization, Cultural Tour",moderate,Picturesque high-altitude valley along the Annapurna Circuit known for Tibetan-influenced culture and dramatic scenery.
Thorong La Pass,Manang,Gandaki,3,35000,Trekking,"Trekking, Mountaineering",difficult,High mountain pass on the Annapurna Circuit
Dhulikhel,Kavrepalanchok,Bagmati,1,3000,Hill Station,"Sunrise Viewing, Hiking, Photography",easy,Quiet hill town near Kathmandu offering stunning Himalayan panoramas and pleasant short hiking trails.
Namobuddha,Kavrepalanchok,Bagmati,1,2500,Religious,"Pilgrimage, Monastery Tour, Hiking",easy,Sacred Buddhist pilgrimage site marking where Buddha sacrificed himself to a starving tigress
Janakpur (Janaki Mandir),Dhanusha,Madhesh,2,4000,Religious,"Pilgrimage, Sightseeing, Cultural Tour",easy,Sacred city and birthplace of Sita
Halesi Mahadev,Khotang,Koshi,2,5000,Religious,"Pilgrimage, Cave Exploration, Hiking",moderate,Sacred limestone cave temple revered by both Hindus and Buddhists
Pokhara Cave (Mahendra Gupha),Kaski,Gandaki,1,1000,Cave,"Cave Exploration, Photography",easy,Limestone cave near Pokhara featuring stalactite and stalagmite formations within a serene natural setting.
Davis Falls,Kaski,Gandaki,1,800,Waterfall,"Sightseeing, Photography",easy,Distinctive waterfall in Pokhara that vanishes underground into a mysterious gorge
Begnas Lake,Kaski,Gandaki,1,2500,Lake,"Boating, Fishing, Hiking",easy,Quieter alternative to Phewa Lake
Muktinath Temple,Mustang,Gandaki,4,20000,Religious,"Pilgrimage, Trekking, Photography",moderate,Sacred temple revered by both Hindus and Buddhists
Sundarijal,Kathmandu,Bagmati,1,1500,Waterfall,"Hiking, Photography, Picnicking",easy,Scenic waterfall and hiking gateway on the edge of Kathmandu Valley leading toward Shivapuri National Park.
Shivapuri National Park,Kathmandu,Bagmati,1,2000,National Park,"Hiking, Bird Watching, Camping",easy,Forested national park bordering Kathmandu
Daman,Makwanpur,Bagmati,1,2500,Hill Station,"Sunrise Viewing, Photography, Hiking",easy,Elevated hill station along the Tribhuvan Highway offering one of the widest Himalayan panoramas in Nepal.
Manakamana Temple,Gorkha,Gandaki,1,3000,Religious,"Pilgrimage, Cable Car Ride, Photography",easy,Hilltop temple dedicated to a wish-fulfilling goddess
Gorkha Durbar,Gorkha,Gandaki,1,2000,Heritage,"Sightseeing, Pilgrimage, Photography",moderate,Historic hilltop palace and birthplace of Nepal's unification
Lake Phoksundo,Dolpa,Karnali,9,45000,Lake,"Trekking, Camping, Photography",difficult,Stunning turquoise glacial lake within Shey Phoksundo National Park
Tansen,Palpa,Lumbini,2,3000,Hill Station,"Sightseeing, Hiking, Photography",easy,Historic Newar hill town known for its palace remains
Khokana,Lalitpur,Bagmati,1,1000,Cultural,"Sightseeing, Cultural Tour, Photography",easy,Traditional Newar village renowned for mustard oil production and well-preserved cultural heritage.
Panauti,Kavrepalanchok,Bagmati,1,1500,Heritage,"Sightseeing, Photography, Festival Visit",easy,Ancient Newar town at the confluence of two rivers
Ghandruk,Kaski,Gandaki,3,12000,Trekking,"Trekking, Cultural Tour, Photography",moderate,Picturesque Gurung village on the Annapurna trail offering rich culture and close-up Himalayan mountain views.
Pikey Peak,Solukhumbu,Koshi,5,18000,Trekking,"Trekking, Camping, Sunrise Viewing",moderate,Lesser-known viewpoint trek offering one of the widest Himalayan panoramas including Everest
Dhampus,Kaski,Gandaki,2,6000,Hill Station,"Hiking, Photography, Village Tour",easy,Accessible hillside village near Pokhara offering close mountain views and an easy introduction to Himalayan trekking.
Kakani,Nuwakot,Bagmati,1,2000,Hill Station,"Sightseeing, Hiking, Photography",easy,Quiet hill resort near Kathmandu known for terraced landscapes and clear views of the Ganesh Himal range.
Khotang Diktel,Khotang,Koshi,2,8000,Cultural,"Sightseeing, Local Culture, Photography",easy,"District headquarters of Khotang known for its peaceful hills, local Rai culture, and scenic landscapes."
Bhulbhule,Khotang,Koshi,2,7000,Village,"Village Walk, Hiking, Photography",easy,"A quiet rural village surrounded by green hills, offering traditional lifestyles and beautiful countryside views."
Nerpa Village,Khotang,Koshi,2,7000,Village,"Cultural Tour, Hiking, Photography",easy,"A traditional Rai settlement famous for its rich heritage, terraced farms, and welcoming local community."
Bhedetar,Dhankuta,Koshi,2,5000,Hill Station,"Sightseeing, Paragliding, Photography",easy,"A popular hill station offering cool weather, panoramic mountain views, and the famous Charles Point viewpoint."
Hile,Dhankuta,Koshi,1,4500,Hill Station,"Sightseeing, Local Food, Photography",easy,"A scenic stop known for its cool climate, beautiful landscapes, and locally produced churpi cheese."
Koshi Tappu Wildlife Reserve,Sunsari/Saptari/Udayapur,Koshi,2,12000,Wildlife Reserve,"Bird Watching, Wildlife Safari, Photography",easy,"Nepal's premier wetland reserve famous for migratory birds, wild water buffalo, and rich biodiversity."
Shree Antu,Ilam,Koshi,2,7000,Viewpoint,"Sunrise Viewing, Hiking, Photography",easy,A beautiful hilltop destination renowned for spectacular sunrise views and surrounding tea gardens.
Makalu Barun National Park,Sankhuwasabha,Koshi,14,65000,National Park,"Trekking, Camping, Wildlife Viewing",difficult,"A remote protected area featuring Mount Makalu, diverse wildlife, alpine forests, and challenging trekking routes."
Sagarmatha National Park,Solukhumbu,Koshi,14,85000,National Park,"Trekking, Mountain Viewing, Photography",difficult,"UNESCO World Heritage Site home to Mount Everest, glaciers, Sherpa culture, and the famous Everest Base Camp trail."
Suketar,Taplejung,Koshi,2,9000,Village,"Trekking, Village Walk, Homestay Experience",moderate,Airport hub and gateway village with community homestays
Syamdo Lake,Taplejung,Koshi,12,50000,Lake,"Trekking, Camping, Photography",difficult,"Newly explored alpine lake at 5,200m in Faktanglung"
Fungling Bazaar,Taplejung,Koshi,1,6000,Cultural,"Sightseeing, Local Culture, Shopping",easy,The primary cultural and commercial district headquarters
Kanchenjunga Base Camp (Pangpema),Taplejung,Koshi,18,70000,Trekking,"Trekking, Camping, Mountaineering",difficult,High-altitude extreme north alpine site
Olangchung Gola,Taplejung,Koshi,8,40000,Village,"Trekking, Cultural Tour, Photography",difficult,"Remote, historic Walung/Sherpa trade village near Tibet border"
Timbung Pokhari,Taplejung,Koshi,9,42000,Lake,"Trekking, Camping, Bird Watching",difficult,"Sacred high-altitude lake cluster, rich biodiversity"
Ghuna Village,Taplejung,Koshi,7,35000,Village,"Trekking, Cultural Tour, Photography",difficult,Traditional Sherpa settlement along the Kanchenjunga trail
Amjilosa,Taplejung,Koshi,6,30000,Village,"Trekking, Homestay Experience, Photography",moderate,Charming river-valley trekking stop with local homestay potential
Gyabla Village,Taplejung,Koshi,6,32000,Village,"Trekking, Cultural Tour, Photography",moderate,Dense high-forest Tibetan-Buddhist cultural settlement
Sinuwa Village,Taplejung,Koshi,5,28000,Village,"Trekking, Village Walk, Photography",moderate,Lower-altitude agricultural and cultural village
Mitlung,Taplejung,Koshi,3,20000,Village,"Trekking, Photography, River Walk",moderate,Scenic river basin village on the Tamor River
Chhiruwa,Taplejung,Koshi,3,18000,Village,"Cultural Tour, Farming Tour, Photography",moderate,Limbu cultural settlement featuring cardamom farming
Phale Village,Taplejung,Koshi,4,25000,Village,"Trekking, Cultural Tour, Handicraft Shopping",moderate,Tibetan refugee settlement known for local hand-woven rugs
Lelep,Taplejung,Koshi,3,22000,Cultural,"Trekking, Conservation Office Visit, Photography",moderate,Headquarters of the Kanchenjunga Conservation Area
Antu Danda,Ilam,Koshi,2,6000,Viewpoint,"Sunrise Viewing, Photography, Homestay Experience",easy,Famous for epic sunrises over Kanchenjunga; premier homestays
Kanyam Tea Estate,Ilam,Koshi,1,4000,Tea Estate,"Tea Garden Tour, Photography, Walking",easy,"The most photographed, sprawling green tea hills in East Nepal"
Mai Pokhari,Ilam,Koshi,1,3500,Lake,"Sightseeing, Pilgrimage, Photography",easy,Sacred nine-cornered star lake; Ramsar wetland site
Sandakphu,Ilam,Koshi,4,15000,Viewpoint,"Trekking, Sunrise Viewing, Photography",moderate,"Highest ridge point at 3,636m sharing a border with India"
Fikkal Bazaar,Ilam,Koshi,1,2500,Bazaar,"Shopping, Local Food, Sightseeing",easy,"Lively, multi-cultural trade hub for tea, cardamom, and ginger"
Chintapu,Ilam,Koshi,1,3000,Hill Station,"Hiking, Photography, Herb Walk",easy,Rich natural hill famous for herbs and rhododendrons
Gajurmukhi,Ilam,Koshi,1,2500,Religious,"Pilgrimage, Cave Exploration, Photography",moderate,Religious riverside shrine cave built into steep cliffs
Siddhi Thumka,Ilam,Koshi,1,2800,Hill Station,"Sunset Viewing, Photography, Picnicking",easy,Hill station renowned for panoramic sunset views
Todke Waterfall,Ilam,Koshi,1,2000,Waterfall,"Sightseeing, Photography, Picnicking",easy,"Massive, cascading 85-meter natural waterfall"
Mangmalung,Ilam,Koshi,1,3000,Religious,"Pilgrimage, Sightseeing, Photography",easy,Ancient Kirat religious site with historic stone structures
Ilam Bazaar,Ilam,Koshi,1,3500,Cultural,"Sightseeing, Shopping, Local Food",easy,Historic hill town with cobblestone pathways and tea shops
Larumba,Ilam,Koshi,1,2500,Religious,"Pilgrimage, Cultural Observation, Photography",easy,Spiritual epicenter of the Kirat religion/Mangsebung
Pashupatinagar,Ilam,Koshi,1,4000,Cultural,"Sightseeing, Local Food, Shopping",easy,Border town blending Nepali and Darjeeling cultures
Hanspokhari,Ilam,Koshi,1,2000,Lake,"Sightseeing, Photography, Picnicking",easy,Scenic natural pond along the Mechi Highway corridor
Shanti Thumka,Ilam,Koshi,1,2500,Viewpoint,"Sightseeing, Photography, Farm Tour",easy,Quiet viewpoint ridge ideal for agro-tourism data points
Namje Village,Dhankuta,Koshi,2,6000,Village,"Cultural Tour, Dance Performance, Homestay Experience",easy,World-renowned Magar community homestay hub; Hurra dance
Namaste Jharna,Dhankuta,Koshi,1,2500,Waterfall,"Sightseeing, Photography, Picnicking",moderate,Imposing 80-meter waterfall located in Simsuwa
Hile Bazaar,Dhankuta,Koshi,1,4500,Bazaar,"Sightseeing, Local Food, Photography",easy,Famous high-ridge town known for Tongba and cold climates
Pakhribas,Dhankuta,Koshi,1,3000,Cultural,"Sightseeing, Picnicking, Farm Tour",easy,Agricultural research hub with pine forests and picnic grounds
Chintang Devi Temple (Jalpa Devi),Dhankuta,Koshi,1,2500,Religious,"Pilgrimage, Sightseeing, Photography",easy,Deeply spiritual Kirat and Hindu shrine
Dhankuta Bazaar,Dhankuta,Koshi,1,2500,Heritage,"Sightseeing, Photography, Local Food",easy,Historic Newari-style architecture and orange orchards
Rajarani Lake (Rani Pokhari),Dhankuta,Koshi,1,2000,Lake,"Boating, Photography, Picnicking",easy,Serene wetland valley perfect for canoeing
Danje Hill,Dhankuta,Koshi,1,3500,Viewpoint,"Hiking, Photography, Mountain Viewing",moderate,Lesser-known high ridge trail offering views of Makalu
Hattikharka,Dhankuta,Koshi,1,3500,Village,"Village Walk, Local Culture, Photography",easy,Indigenous village experiencing a surge in domestic weekend tourism
Mulghat,Dhankuta,Koshi,1,4000,River,"Rafting, Photography, Fishing",moderate,Warm riverside hub along the Tamor River; rafting launching point
Muga Village,Dhankuta,Koshi,1,2500,Heritage,"Sightseeing, Photography, Cultural Tour",easy,Historic ancestral village with traditional estate architecture
Bishranti Temple,Dhankuta,Koshi,1,2000,Religious,"Pilgrimage, Sightseeing, Photography",easy,Spiritual elderly home and temple complex on the Tamor bank
Sankuwa Sabrag,Dhankuta,Koshi,1,3000,Village,"Farm Tour, Cultural Tour, Photography",easy,Rural community node featuring rich agricultural tourism
Jorpatali,Dhankuta,Koshi,1,2500,Viewpoint,"Picnicking, Photography, Hiking",easy,Scenic rest stop surrounded by dense mid-hill pine trees
Koshi Tappu Wildlife Reserve,Sunsari,Koshi,2,12000,Wildlife Reserve,"Bird Watching, Wildlife Safari, Photography",easy,Ramsar wetland; habitat of the rare Wild Water Buffalo
Prakashpur Village,Sunsari,Koshi,2,7000,Village,"Homestay Experience, Cultural Tour, Bird Watching",easy,Gateway to Koshi Tappu; ideal for indigenous Tharu homestays
Barahakshetra Dham,Sunsari,Koshi,1,3000,Religious,"Pilgrimage, Sightseeing, Photography",easy,"One of Nepal's oldest, most sacred Hindu pilgrimage sites"
Budhasubba Temple,Sunsari,Koshi,1,1500,Religious,"Pilgrimage, Sightseeing, Photography",easy,Famous temple in Dharan known for its unique tip-less bamboo
Dantakali Temple,Sunsari,Koshi,1,1500,Religious,"Pilgrimage, Sightseeing, Photography",easy,Ancient Shakti Peeth where Sati Devi's teeth are mythologically said to have fallen
Pindeshwor Temple,Sunsari,Koshi,1,1500,Religious,"Pilgrimage, Sightseeing, Photography",easy,Holy Shiva temple where oil lamps burn continuously
Vijayapur Hill,Sunsari,Koshi,1,2500,Hill Station,"Sightseeing, Hiking, Photography",easy,Historic administrative center of the ancient Sen kings
Chatara Dham,Sunsari,Koshi,1,2500,Religious,"Pilgrimage, Sightseeing, Festival Visit",easy,Riverside religious site; host of the grand Kumbha Mela
Itahari,Sunsari,Koshi,1,2500,Cultural,"Sightseeing, Shopping, Local Food",easy,Bustling transport junction and rapidly growing commercial hub
Inaruwa,Sunsari,Koshi,1,2000,Cultural,"Sightseeing, Local Food, Shopping",easy,District headquarters situated amidst fertile agrarian Terai plains
Koshi Barrage,Sunsari,Koshi,1,2500,Landmark,"Sightseeing, Photography, Bird Watching",easy,Engineering landmark across the massive Sapta Koshi River
Madhuban,Sunsari,Koshi,1,3000,Village,"Bird Watching, Fishing, Photography",easy,Rural community specializing in wetland fishing cultures and birding
Seuti River Bank,Sunsari,Koshi,1,1500,River,"Sightseeing, Photography, Picnicking",easy,Scenic forest fringes surrounding the base of the Dharan hills
Taltalaiya,Sunsari,Koshi,1,2000,Eco Park,"Boating, Sightseeing, Photography",easy,Eco-park wetland area with boating facilities and wildlife statues
Tarahara,Sunsari,Koshi,1,2000,Cultural,"Sightseeing, Local Food, Farm Visit",easy,Noted for its agricultural research farms and rural food stalls
Basantapur,Tehrathum,Koshi,2,5000,Hill Station,"Trekking, Sightseeing, Photography",moderate,High hill station; starting point of the legendary TMJ trek
Tinjure Hill,Tehrathum,Koshi,3,12000,Viewpoint,"Trekking, Rhododendron Viewing, Photography",moderate,Part of the Tinjure-Milke-Jaljale trail containing 30+ rhododendron species
Myanglung Bazaar,Tehrathum,Koshi,1,3500,Bazaar,"Sightseeing, Local Food, Shopping",easy,"District capital named after the mythical ""cat meow"" stone"
Hyatrung Waterfall,Tehrathum,Koshi,1,3000,Waterfall,"Sightseeing, Photography, Hiking",moderate,One of the highest cascading waterfalls in Nepal
Chhatedhunga,Tehrathum,Koshi,1,2500,Landmark,"Sightseeing, Photography, Hiking",moderate,Unique geological rock formation resembling a stone umbrella
Aathrai,Tehrathum,Koshi,1,3000,Cultural,"Cultural Tour, Sightseeing, Photography",easy,Historic educational and cultural core area of eastern Limbus
Lasune Bazaar,Tehrathum,Koshi,1,2500,Bazaar,"Sightseeing, Farm Tour, Photography",easy,Quaint mountain pass settlement surrounded by organic farms
Panchakanya Pokhari,Tehrathum,Koshi,1,2500,Lake,"Sightseeing, Photography, Pilgrimage",moderate,Mystical woodland pond surrounded by local lore
Singhabahini Temple,Tehrathum,Koshi,1,2000,Religious,"Pilgrimage, Sightseeing, Photography",easy,Revered religious site within the main bazaar area
Sankranti Bazaar,Tehrathum,Koshi,1,2500,Bazaar,"Shopping, Local Food, Sightseeing",easy,Historic weekly trading post along the mid-hill highway
Chuhandanda,Tehrathum,Koshi,1,3000,Hill Station,"Sightseeing, Photography, Hiking",easy,Scenic hill station overlooking pristine river valleys
Phauda Village,Tehrathum,Koshi,1,3500,Village,"Handicraft Shopping, Cultural Tour, Photography",easy,Traditional village specializing in hand-woven Dhaka textiles
Okhre Community,Tehrathum,Koshi,2,8000,Village,"Homestay Experience, Hiking, Photography",moderate,High-altitude village adapting to eco-homestay programs
Jaljale Ridge,Tehrathum,Koshi,3,15000,Viewpoint,"Trekking, Photography, Camping",difficult,High moorland where Tehrathum meets Sankhuwasabha
Solma,Tehrathum,Koshi,2,7000,Village,"Farm Tour, Homestay Experience, Photography",easy,Model eco-agricultural village focusing on organic farming and local homestays
Chhiyangthapu,Panchthar,Koshi,3,15000,Village,"Trekking, Cultural Tour, Photography",difficult,Remote high-altitude border village near Sikkim
Phidim Bazaar,Panchthar,Koshi,1,3500,Bazaar,"Sightseeing, Local Food, Shopping",easy,Charming valley basin town; district headquarters
Sadhutar,Panchthar,Koshi,1,2500,Lake,"Sightseeing, Photography, Picnicking",easy,Scenic pond reflecting stunning views of Mount Kanchenjunga
Timbu Pokhari (Panchthar Side),Panchthar,Koshi,2,8000,Lake,"Trekking, Photography, Bird Watching",moderate,High-altitude wetland shared across borders
Miklafajung Hill,Panchthar,Koshi,1,4000,Viewpoint,"Sunrise Viewing, Photography, Hiking",moderate,Epic viewpoint for viewing both the plains and high Himalayas
Laba Kuti,Panchthar,Koshi,1,2500,Heritage,"Sightseeing, Photography, Cultural Tour",easy,Historical clearing associated with old regional rulers
Yashok Bazaar,Panchthar,Koshi,1,3000,Bazaar,"Festival Visit, Sightseeing, Local Food",easy,Cultural center famous for the unique Kumayak festivals
Kumayak Temple,Panchthar,Koshi,1,2500,Religious,"Pilgrimage, Sightseeing, Photography",moderate,Sacred hilltop site where non-animal sacrifices are made
Saranmati River Banks,Panchthar,Koshi,1,2500,River,"Sightseeing, Fishing, Photography",easy,Lush agricultural valley flatlands
Oyam Village,Panchthar,Koshi,2,7000,Village,"Farm Tour, Cultural Tour, Photography",moderate,Traditional village offering deep sub-alpine agricultural insights
Amarpur,Panchthar,Koshi,1,4000,Village,"Sightseeing, Photography, Walking",easy,Warm river-valley basin near the Tamor hydro installations
Mauwa,Panchthar,Koshi,1,3500,Village,"Sightseeing, Cultural Tour, Photography",easy,Charming historical village containing old trail rest-houses
Rabi Bazaar,Panchthar,Koshi,1,3000,Bazaar,"Shopping, Local Food, Sightseeing",easy,Major western commercial gateway hub for the district
Saurini,Panchthar,Koshi,1,5000,Village,"Farm Tour, Photography, Cultural Tour",easy,Terraced agricultural village rich in cardamoms and local dairy products
Limba Village,Panchthar,Koshi,2,6000,Village,"Dance Performance, Cultural Tour, Photography",easy,Focal point for indigenous Chabrung drum-dance research
Halesi Mahadev Cave,Khotang,Koshi,2,5000,Religious,"Pilgrimage, Cave Exploration, Hiking",moderate,"""Pashupatinath of the East""; sacred to three religions"
Diktel Bazaar,Khotang,Koshi,2,8000,Cultural,"Sightseeing, Local Culture, Shopping",easy,The primary high-street administrative and cultural town
Baraha Pokhari,Khotang,Koshi,1,3000,Lake,"Sightseeing, Pilgrimage, Photography",moderate,Sacred historic lake that legend says changes color naturally
Tuwachung Jayachung,Khotang,Koshi,1,2500,Heritage,"Sightseeing, Cultural Tour, Photography",easy,Historic archaeological cradle of Kirati civilization
Rupakot Hill,Khotang,Koshi,1,4500,Hill Station,"Trekking, Photography, Hiking",moderate,"Lush, green panoramic ridge line ideal for trekking"
Bhagawati Temple,Khotang,Koshi,1,2500,Religious,"Pilgrimage, Sightseeing, Photography",easy,Revered Durga shrine overlooking the local valleys
Lamidanda,Khotang,Koshi,1,4000,Hill Station,"Sightseeing, Flight Spotting, Photography",easy,Hill station featuring a scenic high-ridge domestic airstrip
Aiselukharka,Khotang,Koshi,1,3500,Cultural,"Sightseeing, Farm Tour, Local Food",easy,Major agricultural market town known for organic produce
Chisapani Garhi,Khotang,Koshi,1,2500,Heritage,"Sightseeing, Hiking, Photography",moderate,Historic fortification post used during old unification wars
Kakani Hill (Khotang),Khotang,Koshi,1,3000,Hill Station,"Hiking, Photography, Bird Watching",moderate,Scenic viewpoint forest ridge rich in biodiversity
Mahadevsthan Village,Khotang,Koshi,1,4000,Village,"Homestay Experience, Pilgrimage, Cultural Tour",easy,The cultural homestay cluster enveloping the Halesi caves
Buipa,Khotang,Koshi,1,3500,Cultural,"Sightseeing, Cultural Tour, Photography",easy,Key intersection town blending Rai and Sherpa high-hill lifestyles
Baksila Bazaar,Khotang,Koshi,1,3000,Bazaar,"Festival Visit, Sightseeing, Local Food",easy,Host of major cultural Sakela festival gatherings
Sapteshwor,Khotang,Koshi,1,3500,Village,"Sightseeing, Photography, Hiking",moderate,Remote village harboring hidden cascades and river shrines
Khartamchha,Khotang,Koshi,1,4000,Village,"Farm Tour, Cultural Tour, Photography",moderate,Indigenous settlement practicing ancient terraced farming techniques
Bhojpur Bazaar,Bhojpur,Koshi,1,4500,Bazaar,"Shopping, Sightseeing, Local Food",easy,World-famous for its traditional hand-crafted Bhojpure Khukuri blades
Taksar,Bhojpur,Koshi,1,3000,Heritage,"Sightseeing, Handicraft Shopping, Photography",easy,Historic town settled by Newari metal-smiths; famous for brassware
Maiyung Danda,Bhojpur,Koshi,4,18000,Viewpoint,"Trekking, Photography, Camping",difficult,High alpine pasture ridge along the majestic Mundhum Trail
Salpa Pokhari,Bhojpur,Koshi,5,22000,Lake,"Trekking, Pilgrimage, Camping",difficult,"Sacred high-altitude lake at 3,450m; deeply spiritual for shamans"
Silichung Peak,Bhojpur,Koshi,4,20000,Viewpoint,"Trekking, Mountain Viewing, Photography",difficult,Commanding viewpoint looking out toward Everest and Makalu
Dingla,Bhojpur,Koshi,1,3000,Cultural,"Sightseeing, Cultural Tour, Photography",easy,Historic town home to Nepal's first community-level Sanskrit school
Suntale Hill,Bhojpur,Koshi,1,3000,Hill Station,"Sightseeing, Hiking, Photography",easy,Scenic hill station covered in dense pine and orange groves
Shadananda Municipality,Bhojpur,Koshi,1,2500,Cultural,"Sightseeing, Cultural Tour, Photography",easy,Cultural heartland named after the social reformer Bal Guru Shadananda
Ghodaretar,Bhojpur,Koshi,1,2500,Bazaar,"Shopping, Local Food, Sightseeing",easy,Bustling lower-altitude weekly community trading market
Chinnamasta Temple (Bhojpur),Bhojpur,Koshi,1,2000,Religious,"Pilgrimage, Sightseeing, Photography",easy,Revered local hilltop religious temple
Hatuwagadhi,Bhojpur,Koshi,1,2500,Heritage,"Sightseeing, Hiking, Photography",moderate,Ancient stone fortification ruins of the historical Kirat kings
Pikhuwa Waterfall,Bhojpur,Koshi,1,2500,Waterfall,"Sightseeing, Photography, Picnicking",easy,Scenic natural waterfall and popular weekend picnic area
Aamchwok,Bhojpur,Koshi,2,6000,Village,"Homestay Experience, Hiking, Photography",moderate,Charming mountain ridge community developing localized homestays
Kulung Village,Bhojpur,Koshi,1,4000,Village,"Cultural Tour, Handicraft Shopping, Photography",easy,Traditional home of the Rai sub-group; unique dialect and textiles
Tiwari Bhanjyang,Bhojpur,Koshi,1,3000,Village,"Sightseeing, Local Food, Photography",easy,Key trail village along the mid-hill highway path
Khandbari,Sankhuwasabha,Koshi,1,6000,Cultural,"Sightseeing, Local Food, Trekking Prep",easy,District capital; bustling ridge town acting as the gateway to Mount Makalu
Tumlingtar,Sankhuwasabha,Koshi,1,8000,Cultural,"Sightseeing, Flight Spotting, Photography",easy,Deep plateau river valley housing a major regional airport
Hedangna,Sankhuwasabha,Koshi,5,25000,Village,"Trekking, Photography, Gorge Viewing",difficult,Perched village offering dramatic views over the deep Arun River Gorge
Num Village,Sankhuwasabha,Koshi,6,28000,Village,"Trekking, Photography, Camping",difficult,The steep drop-off trekking hub heading into the Makalu core
Sedua,Sankhuwasabha,Koshi,4,22000,Village,"Trekking, Village Walk, Photography",moderate,Charming hillside agricultural village with traditional bamboo houses
Tashigaon,Sankhuwasabha,Koshi,8,35000,Village,"Trekking, Cultural Tour, Photography",difficult,The last permanent Sherpa village before entering high alpine wilderness
Arun Valley,Sankhuwasabha,Koshi,6,30000,Viewpoint,"Trekking, Bird Watching, Photography",moderate,"The deepest valley basin in Nepal, globally recognized for bird species"
Chichila,Sankhuwasabha,Koshi,5,24000,Village,"Trekking, Photography, Mountain Viewing",moderate,Gurung settlement famous for panoramic views of the Makalu range
Chainpur,Sankhuwasabha,Koshi,1,4500,Cultural,"Sightseeing, Handicraft Shopping, Photography",easy,Famous historic town known for casting premium brass Karuwa water vessels
Bhotkhola,Sankhuwasabha,Koshi,10,40000,Unknown,"Trekking, Cultural Tour, Photography",difficult,Remote northern trans-Himalayan region bordering Tibet
Kimathanka,Sankhuwasabha,Koshi,12,50000,Border Crossing,"Trekking, Photography, Cultural Observation",difficult,The furthest northern border frontier post along the Arun corridor
Matsyapokhari,Sankhuwasabha,Koshi,7,32000,Lake,"Trekking, Camping, Photography",difficult,A natural high alpine lake named for its unique fish-like profile
Yafu Village,Sankhuwasabha,Koshi,4,20000,Village,"Trekking, Cultural Tour, Photography",moderate,Indigenous settlement preserving ancient traditional hunting practices
Wana,Sankhuwasabha,Koshi,2,6000,Village,"Farm Tour, Photography, Cultural Tour",easy,Lower-altitude area filled with expansive cardamom and rice plantations
Lukla (Tenzing-Hillary Airport),Solukhumbu,Koshi,1,12000,Cultural,"Sightseeing, Flight Spotting, Trekking Prep",easy,Globally famous mountain airport and Everest gateway
Tengboche Monastery,Solukhumbu,Koshi,2,18000,Religious,"Trekking, Pilgrimage, Photography",moderate,Famed high-altitude Buddhist monastery with Everest backdrops
Khumjung Village,Solukhumbu,Koshi,2,16000,Village,"Trekking, School Visit, Photography",moderate,"Home of the Hillary School and the legendary ""Yeti Scalp"""
Salleri / Phaplu,Solukhumbu,Koshi,1,8000,Cultural,"Sightseeing, Homestay Experience, Local Food",easy,District headquarters; accessible by road with classic homestays
Gokyo Lakes,Solukhumbu,Koshi,8,35000,Lake,"Trekking, Camping, Photography",difficult,"Breathtaking turquoise, sacred alpine glacial lake systems"
Everest Base Camp (EBC),Solukhumbu,Koshi,14,80000,Trekking,"Trekking, Mountaineering, Camping",difficult,"The globally iconic base camp at 5,364m"
Kala Patthar,Solukhumbu,Koshi,13,78000,Viewpoint,"Trekking, Sunrise Viewing, Photography",difficult,"The ultimate 5,644m viewpoint facing the Everest icefalls"
Thame Village,Solukhumbu,Koshi,3,20000,Village,"Trekking, Cultural Tour, Photography",moderate,Historic home of legendary Sherpa mountaineers and climbers
Chhukung,Solukhumbu,Koshi,10,42000,Village,"Trekking, Camping, Mountain Viewing",difficult,Small glacial valley hamlet geared toward high-altitude climbers
Dingboche,Solukhumbu,Koshi,9,38000,Village,"Trekking, Acclimatization, Photography",difficult,High-altitude summer settlement bordered by stone walls
Lobuche,Solukhumbu,Koshi,12,55000,Trekking,"Trekking, Glacier Viewing, Photography",difficult,Glacial trail outpost adjacent to the Khumbu Glacier
Phortse Village,Solukhumbu,Koshi,4,22000,Village,"Trekking, Conservation Tour, Photography",moderate,Traditional village leading in high-altitude conservation efforts
Kharikhola,Solukhumbu,Koshi,2,10000,Village,"Trekking, Cultural Tour, Photography",moderate,Lower alpine agricultural village rich in Rai and Sherpa heritage
Okhaldhunga Bazaar,Okhaldhunga,Koshi,1,3500,Bazaar,"Sightseeing, Local Food, Shopping",easy,Historic market town showcasing the landmark historic countdown monument
Rumjatar,Okhaldhunga,Koshi,1,4000,Hill Station,"Sightseeing, Handicraft Shopping, Farm Tour",easy,Famous for its pasture lands and production of traditional wool Radi blankets
Kakani Hill (Okhaldhunga),Okhaldhunga,Koshi,1,3000,Hill Station,"Hiking, Photography, Mountain Viewing",moderate,High pine viewpoint overlooking deep river confluences
Champadevi Temple,Okhaldhunga,Koshi,1,2500,Religious,"Pilgrimage, Festival Visit, Photography",moderate,Revered ridge-top pilgrimage site hosting vibrant annual fairs
Pokali Waterfall,Okhaldhunga,Koshi,1,3500,Waterfall,"Sightseeing, Photography, Hiking",moderate,Stunning 130-meter high cascade; one of Nepal's longest drops
Molung River Valley,Okhaldhunga,Koshi,1,4000,River,"Fishing, Photography, Eco Tourism",easy,Fertile agricultural valley perfect for fishing and agro-tourism
Khiji Demba,Okhaldhunga,Koshi,2,6000,Village,"Homestay Experience, Cultural Tour, Photography",moderate,Sunuwar indigenous homeland developing community homestays
Tolu Gumba,Okhaldhunga,Koshi,1,4000,Religious,"Pilgrimage, Sightseeing, Photography",moderate,Historic Buddhist monastery located in the quiet upper highlands
Ragani,Okhaldhunga,Koshi,1,3500,Village,"Farm Tour, Photography, Cultural Tour",easy,Multi-ethnic village focusing on rich seasonal fruit farming
Khiji Chandeshwori,Okhaldhunga,Koshi,1,4500,Village,"Trekking, Photography, Village Walk",moderate,Gateway village supporting high-potential wilderness trails
Garamju,Okhaldhunga,Koshi,1,3000,Village,"Watermill Visit, Cultural Tour, Photography",easy,Traditional village maintaining old custom watermill practices
Manebhanjyang,Okhaldhunga,Koshi,1,2500,Bazaar,"Shopping, Local Food, Sightseeing",easy,Major highway trade node connecting the hills to the plains
Siddhicharan Park,Okhaldhunga,Koshi,1,2500,Cultural,"Sightseeing, Photography, Cultural Tour",easy,Cultural park honoring the national poet Siddhicharan Shrestha
Thulachhap,Okhaldhunga,Koshi,1,4000,Village,"Farm Tour, Hiking, Photography",easy,Model organic agricultural village utilizing community farming techniques
Bilandu,Okhaldhunga,Koshi,1,4500,Village,"Cultural Tour, Sightseeing, Photography",easy,"Remote, pristine valley showing traditional Newari and Rai lifestyles"
Biratnagar,Morang,Koshi,2,5000,Cultural,"Sightseeing, Shopping, Local Food",easy,"Metropolitan industrial city, provincial capital, and historical hub"
Biratnagar Haat Bazaar,Morang,Koshi,1,2500,Bazaar,"Shopping, Local Food, Cultural Observation",easy,Vibrant weekly open-air market showcasing cross-border trade
Kali Mandir,Morang,Koshi,1,1500,Religious,"Pilgrimage, Sightseeing, Photography",easy,"Centrally located, historically significant Hindu temple complex"
Virat Raja ko Darbar,Morang,Koshi,1,2000,Heritage,"Sightseeing, Photography, Cultural Tour",easy,Archaeological ruins tied to the ancient Mahabharata era
Letang,Morang,Koshi,1,3000,Cultural,"Sightseeing, Walking, Local Food",easy,Scenic inner-terai town where the low plains transition into green hills
Urlabari,Morang,Koshi,1,2500,Cultural,"Sightseeing, Forest Walk, Local Food",easy,Fast-growing plains town adjacent to dense community forests
Pathari,Morang,Koshi,1,2500,Cultural,"Sightseeing, Wetland Visit, Local Food",easy,Urban center hosting major settlement history and community wetlands
Mik Lajung (Morang Side),Morang,Koshi,1,4000,Hill Station,"Hiking, Camping, Photography",moderate,Lush foothill range offering scenic weekend camping options
Betana Wetland (Belbari),Morang,Koshi,1,3500,Eco Park,"Bird Watching, Photography, Nature Walk",easy,Biodiverse lake community forest home to rare tortoises
Rangeli,Morang,Koshi,1,2500,Cultural,"Sightseeing, Photography, Local Food",easy,Historic former district headquarters retaining old colonial-style architecture
Kanepokhari,Morang,Koshi,1,2000,Lake,"Sightseeing, Photography, Picnicking",easy,Natural intersection forest pond steeped in local folk legends
Sunbarsa,Morang,Koshi,1,3000,Village,"Cultural Tour, Photography, Village Walk",easy,"Border village showcasing rich, authentic Santhal and Rajbanshi cultures"
Jahuwa Village,Morang,Koshi,1,3000,Village,"Cultural Tour, Farm Tour, Photography",easy,Indigenous Tharu settlement centered around agricultural lifestyles
Tankisinuwari,Morang,Koshi,1,2500,Cultural,"Sightseeing, Local Food, Shopping",easy,"Industrial suburb hiding quiet, traditional outer ring-villages"
Kerabari,Morang,Koshi,1,3000,Cultural,"Farm Tour, Forest Walk, Local Food",easy,Farming foothill town famous for river stone crafts and forest honey
Gaighat (Triyuga),Udayapur,Koshi,1,4000,Cultural,"Sightseeing, Local Food, Shopping",easy,District capital nestled neatly within the inner-terai valley
Udayapurgadhi,Udayapur,Koshi,1,4500,Heritage,"Sightseeing, Hiking, Photography",moderate,The historic hilltop capital featuring ruins of the old Sen palace
Katari,Udayapur,Koshi,1,3500,Cultural,"Sightseeing, Shopping, Local Food",easy,Western gateway market town connecting to the hillside Churia range
Beltar,Udayapur,Koshi,1,3000,Cultural,"Sightseeing, Forest Walk, Local Food",easy,Agricultural commercial hub adjacent to lush community forests
Triyuga River Basin,Udayapur,Koshi,1,3500,River,"Fishing, Photography, Wetland Visit",easy,Wide river plains ideal for checking out local wetland farming
Rauta Pokhari,Udayapur,Koshi,1,5000,Lake,"Trekking, Photography, Picnicking",moderate,"Mystical pond at 2,000m tucked inside a dense hill forest"
Chaudandigadhi,Udayapur,Koshi,1,3500,Heritage,"Sightseeing, Hiking, Photography",moderate,Historic fort ruins of the ancient independent Chaudandi kingdom
Murkuchi,Udayapur,Koshi,1,2500,Bazaar,"Shopping, Local Food, Sightseeing",easy,Lively inner-valley trade junction point surrounded by hills
Mainamaini,Udayapur,Koshi,1,3000,Cultural,"Sightseeing, River Walk, Photography",easy,"Scenic, low-lying hill town bordering the massive Sapta Koshi River"
Nepaltar,Udayapur,Koshi,1,3000,Village,"Sightseeing, Photography, Valley Walk",easy,Picturesque valley settlement sitting along the Sagarmatha Highway
Jaljale (Udayapur),Udayapur,Koshi,1,3000,Cultural,"Sightseeing, Local Food, Shopping",easy,Town hosting major infrastructure alongside traditional communities
Bhuttar,Udayapur,Koshi,1,4500,Village,"Farm Tour, Cultural Tour, Photography",moderate,Indigenous Rai village practicing traditional organic hill farming
Danuwar Village (Rampur),Udayapur,Koshi,1,3500,Village,"Cultural Tour, Village Walk, Photography",easy,Authentic plain settlement preserving the Danuwar lifestyle
Chuhade,Udayapur,Koshi,1,2500,Village,"Cultural Tour, Farm Visit, Photography",easy,Suburban-agricultural zone specializing in traditional mustard oil pressing
Sunkoshi River Bank (Ghurmi),Udayapur,Koshi,1,8000,River,"Rafting, Fishing, Photography",moderate,Sandy river beaches perfect for fishing and rafting pit stops
Kakarbhitta,Jhapa,Koshi,1,3500,Cultural,"Sightseeing, Shopping, Border Tourism",easy,The primary eastern international border gateway to India
Bhadrapur,Jhapa,Koshi,1,4500,Cultural,"Sightseeing, Local Food, Flight Spotting",easy,Historic tea-processing river city hosting a key domestic airport
Birtamod,Jhapa,Koshi,1,3500,Bazaar,"Shopping, Local Food, Sightseeing",easy,"The hyper-commercial, fast-paced central economic hub of Jhapa"
Satighatta Tea Estate,Jhapa,Koshi,1,4000,Tea Estate,"Tea Garden Tour, Photography, Walking",easy,Stunning plains-level tea plantation near the border
Arjundhara Dham,Jhapa,Koshi,1,2500,Religious,"Pilgrimage, Sightseeing, Photography",easy,"Revered religious temple complex dubbed the ""Pashupatinath of Jhapa"""
Baidam,Kaski,Gandaki,1,1511,Cultural,Photography,easy,Main lakeside tourist strip; restaurants and nightlife
Lakeside,Kaski,Gandaki,1,1522,Cultural,Photography,easy,The core tourism promenade facing Phewa Lake
Khahare,Kaski,Gandaki,1,1533,Cultural,"Sunrise Viewing, Photography",easy,"Budget traveler zone, vibrant cafes, and lake views"
Sededi,Kaski,Gandaki,1,1544,Cultural,"Sunrise Viewing, Photography",easy,Quiet lakeside outskirt; paragliding landing views
Pame,Kaski,Gandaki,1,1555,Lake,Photography,easy,Famous for local fish delicacies and lakeside chilling
Chapaude,Kaski,Gandaki,1,1566,Cultural,"Sightseeing, Photography",easy,Growing residential outskirt of north Pokhara
Gairapatan,Kaski,Gandaki,1,1577,Bazaar,"Shopping, Photography",easy,Central urban street known for shopping and local commerce
Chipledhunga,Kaski,Gandaki,1,1588,Bazaar,"Shopping, Photography",easy,"The busy, central commercial market of Pokhara"
Mahendrapool,Kaski,Gandaki,1,1599,Bazaar,"Shopping, Photography",easy,Major old-city bridge and bustling shopping hub
Prithvi Chowk,Kaski,Gandaki,1,1610,Bazaar,"Sightseeing, Photography",easy,Main transportation junction connecting Pokhara to Kathmandu
Amar Singh Chowk,Kaski,Gandaki,1,1621,Bazaar,"Sightseeing, Photography",easy,Major urban intersection; gateway to industrial/hospital zones
Buddhabazar,Kaski,Gandaki,1,1632,Bazaar,"Sightseeing, Photography",easy,Quiet commercial residential area in eastern Pokhara
Simalchaur,Kaski,Gandaki,1,1643,Cultural,"Sightseeing, Photography",easy,Educational and institutional residential area
Parsyang,Kaski,Gandaki,1,1654,Cultural,"Sightseeing, Photography",easy,Busy intersection leading toward the highway to Baglung
Zero Galli,Kaski,Gandaki,1,1665,Cultural,"Sightseeing, Photography",easy,Trendy intersection packed with local restaurants and bars
Srijana Chowk,Kaski,Gandaki,1,1676,Bazaar,"Sightseeing, Photography",easy,Major business and banking hub in Pokhara city
Matepani,Kaski,Gandaki,1,1687,Religious,"Pilgrimage, Photography",easy,Home to a magnificent hilltop Buddhist Monastery
Kundahar,Kaski,Gandaki,1,1698,Cultural,"Sightseeing, Photography",easy,Agricultural plains transformed into an urban residential zone
Birauta,Kaski,Gandaki,1,1709,Bazaar,"Sightseeing, Photography",easy,Southern urban hub leading toward Devi's Fall
Chhorepatan,Kaski,Gandaki,1,1720,Cave,"Sightseeing, Photography",easy,Tibetan refugee settlement and cave exploration site
Nayabazar,Kaski,Gandaki,1,1731,Cultural,"Cultural Tour, Photography",easy,Famous for hosting regional festivals and traditional exhibitions
Ranipauwa,Kaski,Gandaki,1,1742,Bazaar,"Shopping, Photography",easy,Commercial market known for electronics and local trade
Gharipatan,Kaski,Gandaki,1,1753,Cultural,"Sightseeing, Photography",easy,Residential area bordering the Pokhara Airport
Archalbot,Kaski,Gandaki,1,1764,Cultural,"Sightseeing, Photography",easy,Old city residential crossing near urban green patches
Nadipur,Kaski,Gandaki,1,1775,Cultural,"Cultural Tour, Photography",easy,Home to old traditional Pokhara architecture and institutions
Bagar,Kaski,Gandaki,1,1786,Heritage,"Sightseeing, Photography",easy,Ancient gateway to northern Kaski; college student hub
Lamachaur,Kaski,Gandaki,1,1797,Cave,"Sightseeing, Camping, Photography",easy,"Famous for green meadows, engineering campuses, and caves"
Batulechaur,Kaski,Gandaki,1,1808,Cave,"Cultural Tour, Sightseeing, Photography",easy,Traditional home of Gandharba musical culture and Mahendra Cave
Hemja,Kaski,Gandaki,1,1819,Cultural,"Sightseeing, Photography",easy,Vast valley plain known for potato farming and Tibetan monasteries
Yamdi,Kaski,Gandaki,1,1830,River,Photography,easy,River crossing point on the highway heading north
Hyangja,Kaski,Gandaki,1,1841,Village,"Trekking, Photography",easy,Gateway village leading toward Mardi Himal trails
Suikhet,Kaski,Gandaki,1,1852,Hill Station,"Sightseeing, Photography",easy,Fertile lowlands beneath the beautiful Naudanda ridge
Harichowk,Kaski,Gandaki,1,1863,Cultural,"Sightseeing, Photography",easy,Bustling public vehicle boarding station for rural Kaski routes
Phoolbari,Kaski,Gandaki,1,1874,Cultural,"Sightseeing, Photography",easy,Upscale resort and residential neighborhood
Kaskikot,Kaski,Gandaki,1,1896,Religious,"Pilgrimage, Photography",easy,Ancient ruins of the Kaski Kingdom; sacred hilltop shrine
Naudanda,Kaski,Gandaki,1,1907,Lake,"Sunrise Viewing, Photography",easy,Ridge village offering double-sided views of lakes and mountains
Pothana,Kaski,Gandaki,1,1929,Hill Station,"Trekking, Photography",easy,Forested ridge checkpoint on the Annapurna Circuit/Mardi route
Australian Camp,Kaski,Gandaki,3,8920,Viewpoint,"Sunrise Viewing, Photography",moderate,High alpine meadow offering panoramic views of the Annapurnas
Pitam Deurali,Kaski,Gandaki,1,1951,Trekking,"Trekking, Photography",easy,High forest pass where trails split toward Mardi or Sanctuary
Landruk,Kaski,Gandaki,2,8966,Village,"Sightseeing, Photography",moderate,Gurung cliffside village facing the Modi Khola gorge
Tolka,Kaski,Gandaki,1,1984,Village,"Trekking, Photography",easy,Terraced agricultural village on the foothills trail
Birethanti,Kaski,Gandaki,2,9035,River,"Trekking, Photography",moderate,River confluence checkpoint where trekking permits are stamped
Sudame,Kaski,Gandaki,1,2006,Village,"Trekking, Photography",easy,Gentle riverside farming hamlet along the lower trail
Hille,Kaski,Gandaki,4,9081,Cultural,"Trekking, Photography",moderate,Stone-paved overnight rest stop for hikers
Tikhedhunga,Kaski,Gandaki,1,2028,Cultural,"Trekking, Photography",easy,"Base of the infamous 3,300 stone staircase climb"
Ulleri,Kaski,Gandaki,3,9127,Village,"Sightseeing, Photography",moderate,Steeply stacked Magar village overlooking deep green valleys
Banthanti,Kaski,Gandaki,1,2050,Cultural,"Sightseeing, Photography",easy,Dense rhododendron forest rest stop with cool mountain streams
Nangethanti,Kaski,Gandaki,2,9173,Trekking,"Trekking, Photography",moderate,Shaded forest rest stop before the alpine pass
Chhomrong,Kaski,Gandaki,1,2072,Village,"Sightseeing, Photography",easy,Massive Gurung village hanging directly beneath Annapurna South
Sinuwa,Kaski,Gandaki,4,9219,River,"Sightseeing, Photography",moderate,Cliff-side forest outpost marking the entry into the upper sanctuary gorge
Bamboo,Kaski,Gandaki,1,2094,Village,"Sightseeing, Photography",easy,Shaded damp settlement surrounded by massive bamboo forests
Dovan,Kaski,Gandaki,1,2105,River,"Trekking, Photography",easy,Solitary river trail rest stop inside a deep rocky canyon
Himalaya,Kaski,Gandaki,4,9288,Waterfall,"Sightseeing, Camping, Photography",moderate,Sub-alpine glacial valley camp beneath giant waterfalls
Deurali,Kaski,Gandaki,8,47109,Trekking,"Camping, Photography",difficult,Final sub-alpine rest camp before the high glacier basin
Machhapuchhre Base Camp (MBC),Kaski,Gandaki,1,2138,Trekking,"Sunrise Viewing, Photography",difficult,Glacial bowl sanctuary offering vertical views of Fishtail
Annapurna Base Camp (ABC),Kaski,Gandaki,1,2149,Trekking,"Sightseeing, Photography",difficult,4130m 360-degree amphitheater of snow-capped walls
Pumdikot,Kaski,Gandaki,1,2160,Lake,Photography,easy,Massive 108-foot Shiva Statue overlooking the lake
Kahun Danda,Kaski,Gandaki,1,2171,Viewpoint,"Sunrise Viewing, Photography",easy,Less crowded eastern hill viewpoint with a historic watchtower
Armala,Kaski,Gandaki,1,2182,Village,"Cultural Tour, Photography",easy,Agricultural hill village famous for traditional organic farming
Bhadaure,Kaski,Gandaki,2,9449,Cultural,"Trekking, Photography",moderate,Pristine Gurung and Panchase eco-trekking stop
Tamagi,Kaski,Gandaki,3,9472,Village,"Cultural Tour, Photography",moderate,Remote rural village showcasing traditional hillside terrace farming
Salyan,Kaski,Gandaki,1,2215,Village,"Cultural Tour, Photography",easy,Traditional hill settlement famous for orange orchards
Ghasa,Mustang,Gandaki,1,2226,River,"Sightseeing, Photography",easy,Deep pine gorge marking the transition into the dry mountain zone
Lete,Mustang,Gandaki,3,9541,Trekking,"Sightseeing, Photography",moderate,Spectacular pine alpine meadow looking straight up at Dhaulagiri
Kalopani,Mustang,Gandaki,11,47516,Trekking,"Cultural Tour, Photography",difficult,Clean stone village with an interactive climate and glacier museum
Larjung,Mustang,Gandaki,1,2259,Cultural,"Sightseeing, Photography",easy,Base of the massive Dhaulagiri icefall; unique stone alleys
Kokhethanti,Mustang,Gandaki,1,2270,Village,Photography,easy,Small riverside settlement famous for Thakali food stops
Tukuche,Mustang,Gandaki,1,2281,Heritage,"Sightseeing, Photography",easy,Historic salt-trading hub lined with old merchant mansions
Marpha,Mustang,Gandaki,1,2292,Village,"Sightseeing, Photography",easy,"Capital of stone architecture, stone alleys, and organic apple brandy"
Syang,Mustang,Gandaki,1,2303,Heritage,"Sightseeing, Photography",easy,Windy village home to ancient clay monasteries and apricot trees
Jomsom,Mustang,Gandaki,1,2314,Cultural,"Sightseeing, Photography",easy,Windy district headquarters with an active mountain airstrip
Thini,Mustang,Gandaki,1,2325,Religious,"Pilgrimage, Photography, Cultural Tour",easy,"Ancient ethnic village near the mysterious, holy Dhumba Lake"
Dhumba,Mustang,Gandaki,1,2336,Religious,"Pilgrimage, Photography",easy,Emerald green sacred lake nestled at the base of Mt. Nilgiri
Lupra,Mustang,Gandaki,1,2347,Village,"Sightseeing, Photography",easy,The only village in Mustang practicing the ancient pre-Buddhist Bon religion
Kagbeni,Mustang,Gandaki,1,2358,Heritage,"Sightseeing, Photography",easy,Mystical medieval mud-brick town; gateway to Upper Mustang
Khingar,Mustang,Gandaki,1,2369,Village,"Sightseeing, Photography",easy,Arid Tibetan-style mud village flanked by green barley terraces
Jharkot,Mustang,Gandaki,1,2380,Religious,"Pilgrimage, Photography",easy,Fortress village featuring a 500-year-old red monastery
Muktinath,Mustang,Gandaki,1,2391,Religious,"Pilgrimage, Photography",easy,Sacred temple of liberation featuring 108 natural cold water spouts
Ranipauwa (Mustang),Mustang,Gandaki,1,2402,Bazaar,"Shopping, Photography",easy,Bustling bazaar catering to pilgrims visiting Muktinath
Chhongur,Mustang,Gandaki,4,9909,Village,"Cultural Tour, Photography",moderate,Traditional high-altitude horse breeding community
Purang,Mustang,Gandaki,1,2424,Cave,"Sightseeing, Photography",easy,Forgotten dry mud village showing ancient cave systems
Chhusang,Mustang,Gandaki,3,9955,Village,Photography,moderate,Towering red-cliff village along the Kali Gandaki river
Tangbe,Mustang,Gandaki,4,9978,Cultural,"Cultural Tour, Photography",moderate,Labyrinth of white red and grey painted traditional Chortens
Chele,Mustang,Gandaki,2,10001,Village,"Sightseeing, Photography",moderate,Cliffside village marking the first steep ascent into Upper Mustang proper
Samar,Mustang,Gandaki,3,10024,Cultural,"Sightseeing, Photography",moderate,Oasis of green poplar trees amidst the dry mountain wilderness
Bhena,Mustang,Gandaki,8,48293,Trekking,"Trekking, Photography",difficult,Remote high-altitude highway pass and tea-house stop
Syangboche,Mustang,Gandaki,9,48330,Trekking,"Trekking, Sightseeing, Photography",difficult,Settlement near ancient meditation caves and mountain passes
Ghiling,Mustang,Gandaki,3,10093,Heritage,"Sightseeing, Photography",moderate,Expansive village home to massive ancient clay mud Gompas
Ghami,Mustang,Gandaki,4,10116,Religious,"Pilgrimage, Photography",moderate,Village fronted by the longest most sacred Mani prayer wall in Nepal
Dhakmar,Mustang,Gandaki,2,10139,Cave,"Sightseeing, Photography",moderate,Dramatic blood-red sandstone cliffs riddled with ancient caves
Tsarang (Charang),Mustang,Gandaki,3,10162,Heritage,"Pilgrimage, Photography",moderate,Home to a massive 5-story white palace and a red fortress monastery
Lo Manthang,Mustang,Gandaki,4,10185,Heritage,"Sightseeing, Photography",moderate,The walled medieval capital city of the ancient Kingdom of Lo
Chhoser,Mustang,Gandaki,2,10208,Cave,"Sightseeing, Photography",moderate,Site of the multi-story Sky Caves carved into vertical cliffs
Tingkhar,Mustang,Gandaki,3,10231,Heritage,"Sightseeing, Photography",moderate,The summer palace village of the old Kings of Mustang
Kimling,Mustang,Gandaki,4,10254,Heritage,"Sightseeing, Photography",moderate,Remote border hamlet practicing pure ancient Tibetan traditions
Phuwa,Mustang,Gandaki,10,48663,Village,"Sightseeing, Photography",difficult,Isolated settlement surviving on high-altitude yak herding
Namgyal,Mustang,Gandaki,11,48700,Religious,"Pilgrimage, Photography",difficult,The Monastery of Victory built on a high desolate ridge
Nyamdo,Mustang,Gandaki,4,10323,Village,"Sightseeing, Photography",moderate,Arid farming community living on the rugged edge of Tibet
Ghar Gumba,Mustang,Gandaki,2,10346,Religious,"Pilgrimage, Photography",moderate,Built in the 8th century it is the oldest active monastery in the region
Yara,Mustang,Gandaki,3,10369,Cultural,"Sightseeing, Photography",moderate,Gateway to the unique wind-sculpted sand castle formations
Ghara,Mustang,Gandaki,7,48848,Village,"Sightseeing, Photography",difficult,High agricultural village cultivating barley against the elements
Dhi,Mustang,Gandaki,2,10415,Village,Photography,moderate,Picturesque canyon settlement resting along the riverbed
Tangge,Mustang,Gandaki,3,10438,Village,"Trekking, Photography",moderate,Desolate remote village requiring long desert trekking to access
Tetang,Mustang,Gandaki,10,48959,Heritage,"Sightseeing, Photography",difficult,Naturally fortified stone village built to withstand high canyon winds
Damodar Kunda,Mustang,Gandaki,11,48996,Lake,"Pilgrimage, Photography",difficult,Sacred high-altitude alpine lake deep in the wilderness
Korala,Mustang,Gandaki,12,49033,Heritage,"Trekking, Photography",difficult,The high-altitude international border pass between Nepal and Tibet
Garphu,Mustang,Gandaki,4,10530,Religious,"Pilgrimage, Sightseeing, Photography",moderate,Cave monastery location built entirely inside solid rock walls
Tal,Manang,Gandaki,2,10553,Village,"Sightseeing, Photography",moderate,A village built on a white sandy beach inside a deep canyon basin
Karte,Manang,Gandaki,3,10576,Village,"Sightseeing, Photography",moderate,Small farming settlement sitting precariously below massive rock faces
Dharapani,Manang,Gandaki,4,10599,Cultural,"Trekking, Photography",moderate,The main trail junction where the Manaslu and Annapurna circuits meet
Odar,Manang,Gandaki,9,49218,Cave,"Sightseeing, Photography",difficult,The Cave Village sitting on a high ridge overlooking valleys
Bagarchhap,Manang,Gandaki,3,10645,Heritage,"Cultural Tour, Photography",moderate,Historic village marking the boundary of Tibetan-Buddhist culture
Danakyu,Manang,Gandaki,4,10668,Waterfall,"Sightseeing, Photography",moderate,Steep forested village famous for apple orchards and waterfalls
Thanchowk,Manang,Gandaki,2,10691,Village,"Cultural Tour, Photography",moderate,Traditional Gurung settlement known for pine forest walks
Koto,Manang,Gandaki,3,10714,Cultural,"Sightseeing, Photography",moderate,Gateway checkpoint leading to the remote wild Nar-Phu valley
Chame,Manang,Gandaki,4,10737,Cultural,"Photography, Sightseeing",moderate,District headquarters of Manang featuring natural riverside hot springs
Bhratang,Manang,Gandaki,7,49440,Bazaar,"Sightseeing, Photography",difficult,Massive commercial high-altitude apple farm inside a canyon wall
Dhukur Pokhari,Manang,Gandaki,3,10783,Lake,"Sightseeing, Photography",moderate,Pond-side settlement facing a smooth curved mountain wall
Upper Pisang,Manang,Gandaki,4,10806,Heritage,"Sunrise Viewing, Photography",moderate,Ancient stone village with prime views of the towering Pisang Peak
Lower Pisang,Manang,Gandaki,2,10829,Village,Photography,moderate,Riverside valley floor settlement with a distinct alpine vibe
Ghyaru,Manang,Gandaki,11,49588,Village,"Sunrise Viewing, Photography",difficult,High-altitude cliff village offering the ultimate views of Annapurna II
Ngawal,Manang,Gandaki,4,10875,Heritage,"Sightseeing, Photography",moderate,Medieval village featuring ancient Tibetan architecture and old chortens
Humde,Manang,Gandaki,13,49662,Cultural,"Sightseeing, Photography",difficult,High altitude valley floor containing Manang domestic grass runway
Mugje,Manang,Gandaki,14,49699,Village,"Sightseeing, Photography",difficult,High-altitude agricultural village cultivating local mountain garlic
Braga (Braka),Manang,Gandaki,4,10944,Religious,"Pilgrimage, Photography",moderate,Famous for a 500-year-old monastery built into craggy cliffs
Manang Village,Manang,Gandaki,2,10967,Village,"Sightseeing, Photography",moderate,Flat-roofed alpine cultural capital sitting beneath massive glaciers
Tanksighat,Manang,Gandaki,9,49810,Lake,"Trekking, Photography",difficult,Valley trail junction heading toward the Tilicho lake route
Gunsang,Manang,Gandaki,10,49847,Trekking,"Sunrise Viewing, Photography",difficult,High altitude sub-alpine pastures with sweeping views of the valley
Yak Kharka,Manang,Gandaki,11,49884,Trekking,"Sightseeing, Photography",difficult,Alpine grazing meadow where herds of yaks roam freely
Ledar,Manang,Gandaki,12,49921,Trekking,"Trekking, Camping, Photography",difficult,Final vegetation zone camp before climbing into the high passes
Thorong Phedi,Manang,Gandaki,13,49958,Trekking,"Trekking, Camping, Photography",difficult,The rocky base camp sitting at the bottom of the Thorong La pass
High Camp,Manang,Gandaki,14,49995,Trekking,"Trekking, Photography",difficult,4920m extreme outpost built for the final push over the pass
Khangsar,Manang,Gandaki,7,50032,Lake,Photography,difficult,The Last Village of Nepal on the way to Tilicho Lake
Shree Kharka,Manang,Gandaki,8,50069,Trekking,"Sunrise Viewing, Photography",difficult,Blue sheep viewing pastures on the high mountain slopes
Tilicho Base Camp,Manang,Gandaki,9,50106,Cultural,"Sightseeing, Photography",difficult,High-altitude hotel outpost surrounded by massive rock and ice
Nar Village,Manang,Gandaki,10,50143,Village,"Cultural Tour, Photography",difficult,Remote walled medieval village practicing pristine Tibetan culture
Phu Village,Manang,Gandaki,11,50180,Cultural,"Sightseeing, Photography",difficult,Isolated mountain outpost with unique clay architecture and monasteries
Meta,Manang,Gandaki,12,50217,Village,"Trekking, Photography",difficult,Desolate abandoned seasonal settlement on the high Nar-Phu trail
Chyako,Manang,Gandaki,13,50254,Village,"Sightseeing, Photography",difficult,High pasture settlement used by nomadic trans-Himalayan herders
Kyang,Manang,Gandaki,14,50291,Heritage,Photography,difficult,Ancient seasonal ruins overlooking deep canyon rivers
Dharmasala,Manang,Gandaki,7,50328,Cultural,"Trekking, Photography",difficult,Small basic shelter spot for hikers in remote valleys
Junam,Manang,Gandaki,8,50365,Trekking,"Trekking, Photography",difficult,Shaded wilderness outpost on the remote alpine trails
Kang La Phedi,Manang,Gandaki,9,50402,Trekking,"Trekking, Photography",difficult,The foot of the technical Kang La pass connecting Nar to Manang
Pisang Peak Base Camp,Manang,Gandaki,10,50439,Trekking,"Camping, Photography",difficult,High alpine camp for mountaineers tackling the peak
Chulu Base Camp,Manang,Gandaki,11,50476,Trekking,"Trekking, Camping, Photography",difficult,Glacial base camp for climbing the technical Chulu peaks
Ice Lake (Kicho Tal),Manang,Gandaki,12,50513,Lake,"Pilgrimage, Photography",difficult,A high-altitude sacred lake at 4600m with mountain reflections
Kecho Lake,Manang,Gandaki,13,50550,Lake,"Sightseeing, Photography",difficult,A hidden glacial tarn located deep in the high mountains
Beni,Myagdi,Gandaki,1,3161,River,Photography,easy,District headquarters at the confluence of the Myagdi and Kali Gandaki rivers
Galeshwor,Myagdi,Gandaki,1,3172,Religious,"Pilgrimage, Photography",easy,Sacred Hindu pilgrimage temple built entirely on a single massive rock
Tatopani,Myagdi,Gandaki,1,3183,Hot Springs,"Photography, Sightseeing",easy,World-famous natural riverside hot springs with healing minerals
Dana,Myagdi,Gandaki,1,3194,Village,"Sightseeing, Photography",easy,Home to the deep Kali Gandaki Gorge (the deepest gorge in the world)
Rupse Chhahara,Myagdi,Gandaki,1,3205,Waterfall,"Sightseeing, Photography",easy,A stunning multi-tiered highway waterfall cascading down rock faces
Kopchepani,Myagdi,Gandaki,1,3216,Village,"Sightseeing, Photography",easy,Deep gorge village located near the border of Mustang
Bhurung,Myagdi,Gandaki,1,3227,Village,"Sunrise Viewing, Photography, Cultural Tour",easy,Traditional village known for farming and river views
Narchyang,Myagdi,Gandaki,13,50846,Trekking,"Sightseeing, Camping, Photography",difficult,Gateway to the legendary Mauritius Waterfall and Mist Base Camp
Shikh,Myagdi,Gandaki,1,3249,Village,"Sightseeing, Photography",easy,Large terraced Magar village overlooking deep agricultural valleys
Phalate,Myagdi,Gandaki,3,11680,Heritage,"Trekking, Camping, Photography",moderate,Old historical trading camp along the classical trekking routes
Chitre,Myagdi,Gandaki,1,3271,Village,"Sightseeing, Photography",easy,Beautiful village surrounded by deep green oak and rhododendron forests
Ghorepani,Myagdi,Gandaki,2,11726,Village,"Trekking, Sunrise Viewing, Photography",moderate,High ridge village famous for the ultimate panorama trek access
Deurali Pass,Myagdi,Gandaki,1,3304,Trekking,"Trekking, Photography",easy,High forest pass featuring wild streams and rhododendron tunnels
Tadapani,Myagdi,Gandaki,1,3315,Cultural,"Sunrise Viewing, Photography",easy,High clearing in the woods providing views of Machhapuchhre
Chuile,Myagdi,Gandaki,3,11818,Village,Photography,moderate,Steep hillside village hanging over the deep Kimrong river
Kimrong,Myagdi,Gandaki,14,51179,Trekking,Photography,difficult,Deep valley village known for its fast-flowing glacier rivers
Singha,Myagdi,Gandaki,1,3348,Hot Springs,"Sightseeing, Photography",easy,Home to healing hot springs used extensively for natural therapy
Babichaur,Myagdi,Gandaki,1,3359,Bazaar,"Photography, Shopping",easy,Peaceful low valley market town alongside the Myagdi river
Darbang,Myagdi,Gandaki,1,3370,Bazaar,"Sightseeing, Photography",easy,Bustling hub known for slate mines and regional transport
Takam,Myagdi,Gandaki,1,3381,Heritage,"Sightseeing, Photography",easy,Historic hilltop village featuring an ancient palace fort ruin
Muri,Myagdi,Gandaki,1,3392,Village,"Sunrise Viewing, Photography",easy,Magar settlement offering views of the Dhaulagiri massifs
Sibang,Myagdi,Gandaki,1,3403,Village,"Cultural Tour, Photography",easy,Traditional village known for its abundant local orange harvests
Mattim,Myagdi,Gandaki,1,3414,Village,"Sightseeing, Photography",easy,Peaceful rural farming hamlet off the main tourist track
Dharapani (Myagdi),Myagdi,Gandaki,1,3425,Village,"Sunrise Viewing, Photography",easy,Ridge village offering wide views of the Dhaulagiri valley
Lulang,Myagdi,Gandaki,4,12048,Lake,"Cultural Tour, Photography",moderate,Remote village practicing traditional metal crafts and farming
Gurja Khani,Myagdi,Gandaki,2,12071,Heritage,"Sightseeing, Photography",moderate,Isolated Chanthyal and Magar village famous for ancient copper mines
Boghara,Myagdi,Gandaki,3,12094,Village,"Trekking, Photography",moderate,The last permanent settlement on the rugged Wild Dhaulagiri trek
Dobang,Myagdi,Gandaki,1,3469,Waterfall,"Sightseeing, Camping, Photography",easy,Dense forest campsite surrounded by giant waterfalls and wilderness
Sallaghari,Myagdi,Gandaki,2,12140,Trekking,"Camping, Photography",moderate,Shaded campsite inside a primeval sub-alpine pine forest
Italian Base Camp,Myagdi,Gandaki,1,3491,Trekking,"Camping, Photography",easy,Glacial camp sitting directly at the base of Dhaulagiri west face
Dhaulagiri Base Camp,Myagdi,Gandaki,13,51734,Trekking,"Camping, Photography",difficult,4740m extreme camp set on a massive active glacier
Pakhapani,Myagdi,Gandaki,1,3513,Village,"Cultural Tour, Photography",easy,Hill village known for organic honey hunting and traditional lifestyle
Jhi,Myagdi,Gandaki,3,12232,Village,"Cultural Tour, Photography",moderate,Remote ethnic village preserving unique oral folk history and dances
Rakhu,Myagdi,Gandaki,1,3535,Cultural,"Sightseeing, Photography",easy,Fertile agricultural plain known for rice and seasonal vegetables
Begkhola,Myagdi,Gandaki,1,3546,Village,Photography,easy,Scenic riverside village prone to dramatic seasonal water flows
Bhagwati,Myagdi,Gandaki,1,3557,Religious,"Pilgrimage, Photography",easy,Historic village featuring a hilltop temple overlooking the Kali Gandaki
Piple,Myagdi,Gandaki,1,3568,Bazaar,"Shopping, Photography",easy,Valley market town on the highway heading north toward Mustang
Tipling,Myagdi,Gandaki,2,12347,Village,"Cultural Tour, Photography",moderate,Remote village known for its traditional slate-roofed houses
Chimkhola,Myagdi,Gandaki,1,3590,Cultural,"Cultural Tour, Photography",easy,Famous for preserving unique traditional Magar clothing and dances
Besisahar,Lamjung,Gandaki,1,3601,Cultural,"Trekking, Photography",easy,District headquarters and the launch pad for the Annapurna Circuit
Bhulbhule,Lamjung,Gandaki,1,3612,Waterfall,"Photography, Sightseeing",easy,Scenic river town featuring a high suspension bridge and waterfall
Ngadi,Lamjung,Gandaki,1,3623,River,Photography,easy,Fast-flowing river junction home to a major hydro-power project
Syange,Lamjung,Gandaki,4,12462,Waterfall,"Photography, Sightseeing",moderate,High highway stop famous for its steep vertical waterfall dropping into the river
Jagat,Lamjung,Gandaki,2,12485,Heritage,"Sightseeing, Photography",moderate,Historic cliffside toll village carved out of vertical rock walls
Chamje,Lamjung,Gandaki,1,3656,Waterfall,"Photography, Sightseeing",easy,Wild river crossing point marked by massive crashing waterfalls
Khudi,Lamjung,Gandaki,1,3667,Cave,"Photography, Sightseeing",easy,Confluence village known for limestone caves and river boating
Bulbule,Lamjung,Gandaki,1,3678,Bazaar,"Shopping, Photography",easy,Peaceful market stop named after local bubbling natural springs
Arkhale,Lamjung,Gandaki,3,12577,Village,"Cultural Tour, Photography",moderate,Cliffside village surrounded by traditional wild honey bee cliffs
Chyamche,Lamjung,Gandaki,4,12600,River,"Trekking, Photography",moderate,Steep canyon trail stop famous for dramatic mountain weather
Ghalegaon,Lamjung,Gandaki,1,3711,Village,"Cultural Tour, Homestay Experience, Photography",easy,World-famous smart eco-homestay village showcasing pure Gurung culture
Ghanapokhari,Lamjung,Gandaki,1,3722,Viewpoint,"Sunrise Viewing, Photography",easy,Hilltop village famous for wild honey hunting and sunrise views
Bhujung,Lamjung,Gandaki,1,3733,Village,"Cultural Tour, Photography",easy,A massive densely clustered settlement of over 400 traditional Gurung houses
Kaulepani,Lamjung,Gandaki,1,3744,Heritage,"Sunrise Viewing, Homestay Experience, Photography",easy,Award-winning hilltop homestay village with deep historical fort views
Pasgaon,Lamjung,Gandaki,3,12715,Village,"Cultural Tour, Photography",moderate,Remote village famous for preserving traditional Gurung architecture and dances
Siurung,Lamjung,Gandaki,1,3766,Village,"Sightseeing, Photography",easy,Hilltop community village known for local hospitality and cultural shows
Rainas,Lamjung,Gandaki,1,3777,Heritage,"Sightseeing, Photography",easy,Historic hilltop fort area linked to the early Kings of Nepal
Sundarbazar,Lamjung,Gandaki,1,3788,Bazaar,"Shopping, Photography",easy,A prominent educational and commercial market town in Lamjung
Bhoteodar,Lamjung,Gandaki,1,3799,Cave,"Photography, Shopping, Sightseeing",easy,Historic river trading market town named after a natural cave
Karapu,Lamjung,Gandaki,1,3810,Trekking,"Camping, Photography",easy,High green pasture ridge ideal for hiking and wilderness camping
Udipur,Lamjung,Gandaki,1,3821,Religious,"Pilgrimage, Camping, Photography",easy,Home to a unique temple and a major army training camp
Chandrabazar,Lamjung,Gandaki,1,3832,Bazaar,"Photography, Shopping",easy,Bustling regional marketplace along the Marshyangdi river
Phaliye,Lamjung,Gandaki,1,3843,Village,"Cultural Tour, Photography",easy,Traditional checkpoint village on old trading footpaths
Tarkughat,Lamjung,Gandaki,1,3854,Hill Station,Photography,easy,Old river crossing point famous for local bridge history
Kunchha,Lamjung,Gandaki,1,3865,Heritage,"Sightseeing, Photography",easy,The old historical district headquarters of Lamjung district
Gilung,Lamjung,Gandaki,1,3876,Village,"Cultural Tour, Photography",easy,Beautiful village rich in traditional music art and Gurung history
Taghring,Lamjung,Gandaki,1,3887,Waterfall,"Cultural Tour, Sightseeing, Photography",easy,High hill village famous for terrace agriculture and waterfalls
Bahundanda,Lamjung,Gandaki,1,3898,Village,"Sightseeing, Photography",easy,A prominent Brahmin village built on a high ridge
Archalbot (Lamjung),Lamjung,Gandaki,1,3909,Village,"Sightseeing, Photography",easy,Local agricultural village specializing in fruit farming
Ilampokhari,Lamjung,Gandaki,1,3920,Religious,"Pilgrimage, Photography",easy,Sacred mountain lake surrounded by dense rhododendron forests
Ghermu,Lamjung,Gandaki,1,3931,Waterfall,"Trekking, Sightseeing, Photography",easy,Home to an expansive beautiful waterfall wall facing the trail
Kolki,Lamjung,Gandaki,1,3942,Village,"Sightseeing, Photography",easy,Peaceful rarely visited rural village rich in local folklore
Pyarjung,Lamjung,Gandaki,3,13129,Village,"Sightseeing, Photography",moderate,Isolated hill settlement keeping old shamanistic practices alive
Bharte,Lamjung,Gandaki,1,3964,Village,"Sunrise Viewing, Photography",easy,Ridge village known for orange farming and wide valley views
Gaunshahar,Lamjung,Gandaki,1,3975,Heritage,"Sightseeing, Photography",easy,The original royal seat of the Lamjung palace before unification
Damauli,Tanahun,Gandaki,1,3986,River,Photography,easy,District headquarters at the confluence of the Madi and Seti rivers
Khairenitar,Tanahun,Gandaki,1,3997,Bazaar,"Sightseeing, Photography",easy,Major commercial city built on wide flat valley plains
Shuklagandaki,Tanahun,Gandaki,1,4008,Cave,"Photography, Sightseeing",easy,Municipality known for river caves and forest reserves
Kotre,Tanahun,Gandaki,1,4019,Cultural,"Sightseeing, Photography",easy,Gateway town connecting Tanahun to Kaski district
Myagde,Tanahun,Gandaki,1,4030,Cultural,"Sightseeing, Photography",easy,Rural valley known for organic vegetable supply to cities
Tharpu,Tanahun,Gandaki,1,4041,Bazaar,"Shopping, Photography",easy,Local market center serving hilly rural outposts
Dumre,Tanahun,Gandaki,1,4063,Bazaar,"Shopping, Photography",easy,Major highway bazaar town that connects to the Marshyangdi valley
Bimalnagar,Tanahun,Gandaki,1,4074,Adventure,"Trekking, Photography",easy,Rock-climbing capital of Nepal with technical limestone walls
Siddha Gufa,Tanahun,Gandaki,1,4085,Cave,"Sightseeing, Photography",easy,The largest natural stalactite cave in Nepal
Abukhaireni,Tanahun,Gandaki,1,4096,Cultural,"Sightseeing, Photography",easy,Bustling highway town located near the iconic Marshyangdi Hydro Dam
Markukyag,Tanahun,Gandaki,1,4107,Village,Photography,easy,Small rural farming settlement along river banks
Bhimad,Tanahun,Gandaki,1,4118,Heritage,"Shopping, Photography",easy,Ancient historical market town connecting southern Tanahun
Rising,Tanahun,Gandaki,1,4129,Hill Station,"Sightseeing, Photography",easy,Hilly region known for deep Magar cultural roots and coffee farming
Ghiring,Tanahun,Gandaki,1,4140,Heritage,"Sightseeing, Photography",easy,Southern hills known for ancient palace ruins and orange forests
Devghat (Tanahun side),Tanahun,Gandaki,1,4151,Religious,"Pilgrimage, Photography",easy,Holy river confluence site where seniors retire for spiritual life
Baidi,Tanahun,Gandaki,4,13566,Village,Photography,moderate,Remote southern village sitting along the massive Trishuli river
Kota,Tanahun,Gandaki,1,4173,Heritage,"Sightseeing, Photography",easy,Hilltop settlement known for old defensive fortifications
Chhipchhipe,Tanahun,Gandaki,1,4184,Bazaar,"Photography, Shopping",easy,Known for local agricultural markets and river fishing
Tanahunsur,Tanahun,Gandaki,1,4195,Lake,"Sightseeing, Photography",easy,Ancient capital ruins of the Sen Kingdom of Tanahun
Pokhari Bhanjyang,Tanahun,Gandaki,1,4206,Trekking,"Trekking, Photography",easy,Mountain pass village with seasonal pond wetlands
Bhanu,Tanahun,Gandaki,1,4217,Cultural,"Sightseeing, Photography",easy,Birthplace of the legendary Nepali pioneer poet Bhanubhakta Acharya
Chundiramgha,Tanahun,Gandaki,1,4228,Heritage,"Sightseeing, Photography",easy,The historic ancestral home of poet Bhanubhakta Acharya
Barbote,Tanahun,Gandaki,1,4239,Village,"Sightseeing, Photography",easy,Hilly village famous for high-quality organic ginger farming
Purkot,Tanahun,Gandaki,1,4250,Heritage,Photography,easy,Ancient fort village with wide vistas of the Marshyangdi river
Jamune,Tanahun,Gandaki,1,4261,Cultural,Photography,easy,Highway rest stop town known for local fish and food stalls
Manungkot,Tanahun,Gandaki,1,4272,Viewpoint,"Sunrise Viewing, Photography",easy,Famous hilltop viewpoint for viewing magical morning fog rivers
Gunadi,Tanahun,Gandaki,1,4283,Village,"Sightseeing, Photography",easy,Roadside settlement near unique geological rock formations
Belchautara,Tanahun,Gandaki,1,4294,Trekking,"Camping, Photography",easy,Educational town housing regional campuses and science centers
Dulegaunda,Tanahun,Gandaki,1,4305,Bazaar,"Photography, Shopping",easy,Major market center known for the mysterious subterranean Seti River Gorge
Bhansar,Tanahun,Gandaki,1,4316,Heritage,"Shopping, Photography",easy,Historical customs checkpoint turned into a bustling rural market
Ranitari,Tanahun,Gandaki,1,4327,Village,"Photography, Cultural Tour",easy,Peaceful riverside village promoting eco-agriculture
Satrasaya,Tanahun,Gandaki,1,4338,Heritage,"Sightseeing, Photography",easy,Historical battle site from old unification wars
Chhahara,Tanahun,Gandaki,1,4349,Waterfall,"Sightseeing, Photography",easy,Named after local waterfalls that drop down into deep forests
Kyamin,Tanahun,Gandaki,1,4360,Village,"Sightseeing, Photography",easy,Hilly village focused on community forest conservation projects
Gorkha Bazaar,Gorkha,Gandaki,1,4371,Heritage,"Sightseeing, Photography",easy,District headquarters sitting at the base of the historic Gorkha palace
Laxmibazar,Gorkha,Gandaki,1,4382,Trekking,"Camping, Photography",easy,Educational suburb town hosting regional university campuses
Shaktichowk,Gorkha,Gandaki,1,4393,Bazaar,"Sightseeing, Photography",easy,The main central business square of Gorkha city
Phujel,Gorkha,Gandaki,1,4404,Village,"Cultural Tour, Photography",easy,Rural farming village known for traditional organic agriculture
Bungkot,Gorkha,Gandaki,1,4415,Cultural,"Sightseeing, Photography",easy,The birthplace of Lakhan Thapa officially recognized as Nepal's first martyr
Borlang,Gorkha,Gandaki,1,4426,Heritage,"Sightseeing, Photography",easy,Birthplace of historical Prime Minister Bhimsen Thapa
Ampipal,Gorkha,Gandaki,1,4437,Lake,"Sunrise Viewing, Photography",easy,Famous for a historic mission hospital and panoramic hill views
Palungtar,Gorkha,Gandaki,1,4448,Heritage,Photography,easy,Flat river valley city with an old historical turf airstrip
Luitel,Gorkha,Gandaki,1,4459,Heritage,"Sightseeing, Photography",easy,Hilly village famous for historical community schools and farming
Harmi,Gorkha,Gandaki,1,4470,Village,"Cultural Tour, Photography",easy,Traditional village focused on rice and millet crop terraces
Chhoprak,Gorkha,Gandaki,1,4481,Trekking,"Trekking, Photography",easy,Historic village situated near old strategic mountain passes
Khoplang,Gorkha,Gandaki,1,4492,Village,"Sunrise Viewing, Photography",easy,Hilltop village known for fruit orchards and view vistas
Mirkot,Gorkha,Gandaki,1,4503,Heritage,Photography,easy,Ancient watchtower fort area overlooking the Marshyangdi river
Deurali (Gorkha),Gorkha,Gandaki,1,4514,Trekking,"Trekking, Photography",easy,Busy ridge pass village connecting rural northern Gorkha
Aarughat,Gorkha,Gandaki,1,4525,Bazaar,"Photography, Shopping",easy,Major market town split by the wild Budhi Gandaki river
Soti Khola,Gorkha,Gandaki,2,14348,Cultural,"Trekking, Photography",moderate,The official starting trail head for the Manaslu Circuit trek
Machha Khola,Gorkha,Gandaki,1,4547,Hot Springs,"Photography, Sightseeing",easy,Fish River settlement famous for riverside hot springs
Khorlabesi,Gorkha,Gandaki,1,4558,Village,"Sightseeing, Photography",easy,Small farming hamlet specializing in local organic coffee and hemp fabrics
Tatopani (Gorkha),Gorkha,Gandaki,2,14417,Cultural,"Sightseeing, Photography",moderate,Natural hot water spouts pouring directly out of cliff walls
Jagat (Gorkha),Gorkha,Gandaki,1,4580,Cultural,"Sightseeing, Photography",easy,Main tax checkpoint station for entering the Manaslu conservation zone
Philim,Gorkha,Gandaki,1,4591,Village,"Sightseeing, Photography",easy,A large prosperous Gurung village hosting regional schools and offices
Ekle Bhatti,Gorkha,Gandaki,1,4602,Cultural,"Trekking, Photography",easy,Solitary trail house junction where the route splits to Tsum Valley
Nyak,Gorkha,Gandaki,3,14509,Village,"Sightseeing, Photography",moderate,High isolated mountain village perched on a cliff edge
Ghap,Gorkha,Gandaki,1,4624,Village,"Sightseeing, Photography",easy,Shaded forest village covered in intricate Tibetan Mani stone carvings
Namrung,Gorkha,Gandaki,1,4635,Village,"Sunrise Viewing, Photography",easy,Beautiful village featuring Tibetan style gateways and views of Ganesh Himal
Lihi,Gorkha,Gandaki,1,4646,Village,"Sightseeing, Photography",easy,Village famous for multi-roofed chortens and barley fields
Sho,Gorkha,Gandaki,4,14601,Village,"Cultural Tour, Photography",moderate,High alpine village where residents wear traditional Tibetan clothing
Lho,Gorkha,Gandaki,1,4668,Religious,"Sunrise Viewing, Pilgrimage, Photography",easy,Massive village famous for its spectacular view of Mt. Manaslu and its large monastery
Syala,Gorkha,Gandaki,3,14647,Village,"Sightseeing, Photography",moderate,Pine-forested alpine settlement surrounded by 360-degree snow peaks
Sama Gaon,Gorkha,Gandaki,1,4690,Village,"Sightseeing, Photography",easy,The largest most historic village at the foot of Mount Manaslu
Samdo,Gorkha,Gandaki,1,4701,Village,"Sightseeing, Photography",easy,High altitude Tibetan refugee village sitting close to the Tibetan border
Dharamsala (Larkya Phedi),Gorkha,Gandaki,1,4712,Trekking,"Trekking, Photography",easy,4460m stone lodge base built before the high pass crossing
Larkya La,Gorkha,Gandaki,1,4723,Trekking,"Trekking, Photography",difficult,5106m epic mountain pass marking the highest point of the Manaslu trail
Lokpa,Gorkha,Gandaki,1,4734,Lake,"Sightseeing, Photography",easy,The wild forested entry portal into the hidden Tsum Valley
Chumling,Gorkha,Gandaki,1,4745,Heritage,"Sightseeing, Photography",easy,Lower Tsum village featuring ancient suspension bridges and monasteries
Chhekampar,Gorkha,Gandaki,1,4756,Religious,"Pilgrimage, Photography",easy,The upper holy sanctuary valley where animal slaughter is forbidden
Nile,Gorkha,Gandaki,1,4767,Village,"Sightseeing, Photography",easy,The last northern village in the upper western Tsum valley
Mu Gumba,Gorkha,Gandaki,3,14854,Religious,"Pilgrimage, Photography",moderate,High-altitude monastery at 3700m housing ancient Buddhist scriptures
Rachen Gumba,Gorkha,Gandaki,1,4789,Religious,"Pilgrimage, Photography",easy,A massive nunnery monastery nestled in a wide mountain basin
Laprak,Gorkha,Gandaki,1,4800,Village,"Sightseeing, Photography",easy,Famous epic village rebuilt completely following the 2015 earthquake
Putalibazar,Syangja,Gandaki,1,4811,Cultural,"Sightseeing, Photography",easy,District headquarters nestled in a scenic valley known for orange trading
Waling,Syangja,Gandaki,1,4822,Cultural,"Sightseeing, Photography",easy,A model smart city known for its award-winning waste management and clean streets
Galyang,Syangja,Gandaki,1,4833,Bazaar,Photography,easy,Major highway commercial hub sitting close to the Kali Gandaki river
Chapakot,Syangja,Gandaki,1,4844,River,Photography,easy,Flat highly fertile river valley plain known as the rice bowl of Syangja
Mirmi,Syangja,Gandaki,1,4855,Lake,Photography,easy,Site of the Kali Gandaki A Hydro Project featuring a unique reservoir lake
Fedikhola,Syangja,Gandaki,1,4866,Hill Station,"Sightseeing, Photography",easy,Highway entrance valley town leading into the Syangja hills
Bayarghari,Syangja,Gandaki,1,4877,Bazaar,"Shopping, Photography",easy,Busy local market center serving rural hill communities
Bhirkot,Syangja,Gandaki,1,4888,River,Photography,easy,Riverside municipality focusing on local industrial development
Rangkhani,Syangja,Gandaki,1,4899,Heritage,"Cultural Tour, Photography",easy,Known for historic stone mines and traditional farming
Jagatradevi,Syangja,Gandaki,1,4910,Religious,"Pilgrimage, Photography",easy,Historic temple site situated on the banks of the river
Sirubari,Syangja,Gandaki,1,4921,Village,"Homestay Experience, Photography",easy,Nepal's first model homestay village pioneer of community tourism
Panchamul,Syangja,Gandaki,1,4932,Village,"Sightseeing, Photography",easy,Educational village known for high literacy rates and community forests
Sworek Maidan,Syangja,Gandaki,1,4943,Hill Station,"Sightseeing, Photography",easy,A world-class paragliding launch hill away from Pokhara
Nuwakot (Syangja),Syangja,Gandaki,1,4954,Heritage,"Sunrise Viewing, Photography",easy,Hilltop historic palace site offering wide valley views
Chandrakot,Syangja,Gandaki,1,4965,Viewpoint,"Sunrise Viewing, Camping, Photography",easy,Scenic viewpoint ridge popular for weekend camp excursions
Mattikhan,Syangja,Gandaki,1,4976,Hill Station,"Sightseeing, Photography",easy,High border ridge shared with Kaski; luxury eco-resort destination
Kolma,Syangja,Gandaki,1,4987,Village,"Trekking, Sunrise Viewing, Photography",easy,High village ridge famous for its spectacular orchid trails and views
Bahakot,Syangja,Gandaki,1,4998,Village,Photography,easy,High hill village looking out over the winding Kali Gandaki river
Pelakha,Syangja,Gandaki,1,5009,Heritage,"Cultural Tour, Photography",easy,Traditional Magar village showcasing local heritage and folk arts
Thumpokhara,Syangja,Gandaki,1,5020,Wildlife Reserve,"Wildlife Viewing, Photography",easy,High green forest reserve area ideal for bird watching
Karkineta,Syangja,Gandaki,1,5031,Trekking,"Trekking, Photography",easy,Mountain pass junction town connecting Syangja to Parbat
Phedikhola,Syangja,Gandaki,1,5042,Cultural,"Sightseeing, Photography",easy,Shaded valley stream area known for local water mill systems
Bhalu Kharka,Syangja,Gandaki,1,5053,Trekking,"Camping, Photography",easy,High pasture hills ideal for off-road biking and camping
Chhangchhangdi,Syangja,Gandaki,1,5064,Religious,"Pilgrimage, Sightseeing, Photography",easy,Sacred holy cave shrine featuring a perennial waterfall drop
Ramgha,Syangja,Gandaki,1,5075,Village,"Sightseeing, Photography",easy,Agricultural village specialized in large-scale orange production
Arjun Chaupari,Syangja,Gandaki,1,5086,Bazaar,"Trekking, Photography, Shopping",easy,Rural market center known for local river hiking trails
Harinas,Syangja,Gandaki,1,5097,Wildlife Reserve,"Wildlife Viewing, Photography",easy,Forested hill region rich in local wildlife and medicinal plants
Biruwa,Syangja,Gandaki,1,5108,Cultural,"Sightseeing, Photography",easy,Valley municipality centered around organic farming cooperatives
Kalikakot,Syangja,Gandaki,1,5119,Heritage,"Sightseeing, Photography",easy,Hilltop fort ruin once used as a defensive outpost
Alamdevi,Syangja,Gandaki,1,5130,Religious,"Pilgrimage, Photography",easy,The highly sacred ancestral temple shrine of the Shah royal family
Baglung Bazar,Baglung,Gandaki,1,5141,Bazaar,"Sightseeing, Photography",easy,District headquarters known for its distinct Newari architecture and business
Maldhunga,Baglung,Gandaki,1,5152,Trekking,"Photography, Camping",easy,River stone mining camp and the bridge gate over the Kali Gandaki
Kalika Bhagwati,Baglung,Gandaki,12,57321,Religious,"Pilgrimage, Photography",difficult,Extremely sacred historic temple tucked inside a dense forest reserve
Burtibang,Baglung,Gandaki,1,5174,Bazaar,"Sightseeing, Photography",easy,Major Western commercial town serving as a hub for the Mid-Hill Highway
Galkot,Baglung,Gandaki,1,5185,Heritage,"Sightseeing, Photography",easy,Ancient sovereign kingdom site featuring an authentic royal palace mansion
Harichaur,Baglung,Gandaki,1,5196,Heritage,"Shopping, Photography",easy,The original historical market town center of the Galkot valley
Hatiya,Baglung,Gandaki,1,5207,Bazaar,Photography,easy,Busy commercial trading intersection along the river valley
Bihakot,Baglung,Gandaki,1,5218,Hill Station,"Sightseeing, Photography",easy,Scenic hill town known for its sweeping step-terrace landscapes
Kushmisera,Baglung,Gandaki,2,15797,Bazaar,"Shopping, Photography",moderate,Southern market hub connecting remote agricultural outposts
Balewa,Baglung,Gandaki,1,5240,Viewpoint,"Sunrise Viewing, Photography",easy,Site of a historic airport hill and panoramic canyon views
Sigana,Baglung,Gandaki,1,5251,Cultural,"Sightseeing, Photography",easy,Famous for its intensive high-yield organic orange orchards
Tityang,Baglung,Gandaki,1,5262,Village,"Cultural Tour, Photography",easy,Valley village known for traditional stone carving and masonry
Bhakunde,Baglung,Gandaki,1,5273,Village,"Sunrise Viewing, Homestay Experience, Photography",easy,Hilltop eco-homestay village famous for viewing three mountain ranges
Panchakot,Baglung,Gandaki,1,5284,Religious,"Pilgrimage, Photography",easy,Major religious destination featuring massive new temple structures
Resha,Baglung,Gandaki,2,15935,Heritage,"Sightseeing, Photography",moderate,Remote Magar village preserving authentic ancient community customs
Dhamja,Baglung,Gandaki,1,5306,Village,"Sightseeing, Photography",easy,High altitude village famous for its dense rhododendron forests
Dhorpatan,Baglung,Gandaki,4,15981,Wildlife Reserve,"Sightseeing, Photography",moderate,Nepal's only hunting reserve featuring alpine meadows and blue sheep
Bobang,Baglung,Gandaki,1,5328,Village,"Sightseeing, Photography",easy,Gateway village leading into the high Dhorpatan valley plains
Adhikarichaur,Baglung,Gandaki,1,5339,Village,"Sightseeing, Photography",easy,High mountain pasture settlement prone to winter snows
Nishi,Baglung,Gandaki,1,5350,Village,"Sightseeing, Photography",easy,Magar settlement marking the farthest western edge of Gandaki province
Balman,Baglung,Gandaki,2,16073,Trekking,"Sightseeing, Photography",moderate,Forested wilderness area rich in alpine herbs and streams
Bongadovan,Baglung,Gandaki,1,5372,Village,"Photography, Cultural Tour",easy,Riverside valley community centered around cattle and agriculture
Jaimini,Baglung,Gandaki,1,5383,Religious,"Pilgrimage, Photography",easy,Holy riverside area named after the legendary sage Jaimini
Bareng,Baglung,Gandaki,1,5394,Bazaar,"Shopping, Photography",easy,Hilly Southern market village trading with Gulmi district
Tara Khola,Baglung,Gandaki,1,5405,Cultural,"Sightseeing, Photography",easy,Mountain valley famous for slate mines and organic potato farming
Kushma,Parbat,Gandaki,1,5416,Heritage,"Sightseeing, Photography",easy,District headquarters famous for holding the highest suspension bridges in Asia
Gyadi,Parbat,Gandaki,1,5427,Hill Station,"Sightseeing, Photography",easy,Wide flat agricultural plateau connected to Kushma by a giant footbridge
Mudikuwa,Parbat,Gandaki,1,5438,Village,"Sightseeing, Photography",easy,Village known for large-scale organic fruit processing
Armadi,Parbat,Gandaki,1,5449,Village,Photography,easy,Riverside highway settlement along the Pokhara-Baglung route
Phalebas,Parbat,Gandaki,1,5460,River,Photography,easy,Large agricultural plain city bordering the Kali Gandaki river
Khanigaon,Parbat,Gandaki,1,5471,Heritage,"Cultural Tour, Photography",easy,Famous for historic iron ore mines and traditional blacksmith heritage
Deupur,Parbat,Gandaki,1,5482,Bazaar,"Sightseeing, Photography",easy,Major regional producer of organic commercial coffee beans
Tilahar,Parbat,Gandaki,1,5493,Village,Photography,easy,Serene highway village famous for roadside fresh fish eateries
Bajung,Parbat,Gandaki,1,5504,Heritage,"Sightseeing, Photography",easy,Hilltop village known for ancient slate mines and old forests
Dimuwa,Parbat,Gandaki,1,5515,River,Photography,easy,Popular river-side stop famous for fresh local mountain fish
Nayapul (Parbat),Parbat,Gandaki,1,5526,Hill Station,Photography,easy,Important bridge town over the Modi river connecting regional routes
Chuwa,Parbat,Gandaki,3,16441,Village,"Sightseeing, Photography",moderate,Deep canyon gorge village sitting beneath towering cliff faces
Karkineta (Parbat),Parbat,Gandaki,1,5548,Trekking,"Trekking, Sunrise Viewing, Photography",easy,High mountain pass town with views extending toward Dhaulagiri
Shankar Pokhari,Parbat,Gandaki,1,5559,Religious,"Pilgrimage, Photography",easy,Historic village named after a sacred royal stone pond
Lunkhu Deurali,Parbat,Gandaki,1,5570,Bazaar,"Sightseeing, Photography",easy,Major commercial ridge town in Southern Parbat
Huwas,Parbat,Gandaki,1,5581,Bazaar,"Sightseeing, Photography",easy,The primary economic business hub of south-eastern Parbat
Wahu,Parbat,Gandaki,1,5592,Village,"Sightseeing, Photography",easy,Rural farming village specializing in ginger and cardamom production
Beulibas,Parbat,Gandaki,1,5603,Village,Photography,easy,Riverside agricultural hamlet along the southern loop
Ranipani,Parbat,Gandaki,1,5614,Heritage,"Sightseeing, Photography",easy,Queen's Water village known for historical stone rest stops
Setibeni,Parbat,Gandaki,1,5625,Religious,"Pilgrimage, Photography",easy,Site of the world's largest Shaligram stone a holy Hindu monument
Pang,Parbat,Gandaki,1,5636,River,Photography,easy,High fertile plateau overlooking the confluence of rivers
Banau,Parbat,Gandaki,1,5647,Village,"Cultural Tour, Photography",easy,High altitude village populated by the ethnic Pun community; famous for wild mushrooms
Salija,Parbat,Gandaki,2,16694,Village,"Sightseeing, Photography",moderate,Remote high village known for large potato farms and rhododendron woods
Lespar,Parbat,Gandaki,3,16717,Village,"Trekking, Photography",moderate,Hidden eco-trekking village offering a quiet alternative to Ghorepani
Mahashila,Parbat,Gandaki,1,5680,Cultural,"Sightseeing, Photography",easy,Named after a colossal single rock monolith standing in the forest
Kawasoti,Nawalpur,Gandaki,1,5691,Wildlife Reserve,"Wildlife Viewing, Photography",easy,District headquarters and a major wildlife tourism city
Gaidakot,Nawalpur,Gandaki,1,5702,River,Photography,easy,Located across the Narayani river from Narayangarh; home to big industries
Devchuli,Nawalpur,Gandaki,1,5713,Hill Station,"Sunrise Viewing, Photography",easy,High hill peak offering views of both the plains and the Himalayas
Pragatinagar,Nawalpur,Gandaki,1,5724,Bazaar,"Shopping, Photography",easy,Rapidly growing urban residential and commercial market
Rajahar,Nawalpur,Gandaki,1,5735,Village,"Sightseeing, Photography",easy,Home to pioneering community health institutions and hospitals
Danda,Nawalpur,Gandaki,1,5746,Wildlife Reserve,"Sightseeing, Photography",easy,Important highway junction leading toward the Chitwan National Park buffer zones
Chaurjahari,Nawalpur,Gandaki,1,5757,River,"Photography, Cultural Tour",easy,Riverside plain area transitioning from agriculture to urban spaces
Dumkibas,Nawalpur,Gandaki,1,5768,Hill Station,"Trekking, Photography",easy,Border town located at the base of the Daunne hill climb
Tribeni,Nawalpur,Gandaki,1,5779,Religious,"Pilgrimage, Photography",easy,Holy three-river confluence site and major temple pilgrimage destination
Daunne,Nawalpur,Gandaki,1,5790,Religious,"Trekking, Pilgrimage, Photography",easy,Famous hilltop pass home to a historic goddess temple and monastery
Arunkhola,Nawalpur,Gandaki,1,5801,River,Photography,easy,Growing city named after the local river flowing through it
Chilmili,Nawalpur,Gandaki,1,5812,Cultural,"Sightseeing, Photography",easy,Flat inner-terai agricultural plain known for mustard fields
Pithauli,Nawalpur,Gandaki,1,5823,Wildlife Reserve,"Sightseeing, Photography",easy,Home to the world's first community-managed Vulture Restaurant for eco-conservation
Amaltari,Nawalpur,Gandaki,1,5834,Wildlife Reserve,"Homestay Experience, Wildlife Viewing, Photography",easy,Tharu community village famous for safari homestays and rhinos
Gundari,Nawalpur,Gandaki,1,5845,Wildlife Reserve,"Photography, Wildlife Viewing",easy,Riverside buffer zone area frequented by wild elephants and rhinos
Kolhuwa,Nawalpur,Gandaki,1,5856,Bazaar,"Sightseeing, Photography",easy,Commercial center for the farming communities of eastern Nawalpur
Bullingtar,Nawalpur,Gandaki,1,5867,Village,"Sightseeing, Photography",easy,Hilly inner-valley enclave inhabited by the Magar community
Dedgaun,Nawalpur,Gandaki,1,5878,Religious,"Pilgrimage, Photography",easy,Northern hilly plain along the holy Kali Gandaki river bank
Rakuwa,Nawalpur,Gandaki,2,17177,Hill Station,"Cultural Tour, Photography",moderate,Remote hilly sector known for traditional citrus orchards
Jhyalbas,Nawalpur,Gandaki,1,5900,Hill Station,"Sightseeing, Photography",easy,Gateway trading outpost connecting the flat plains to the northern hills
Rara National Park,Mugu,Karnali,4,15000,National Park,"Wildlife Watching, Trekking, Photography",moderate,"Protected national park surrounding Rara Lake with Himalayan wildlife including red panda, musk deer and numerous bird species."
Murma Top,Mugu,Karnali,1,3000,Viewpoint,"Sunrise, Hiking, Photography",moderate,Popular viewpoint overlooking Rara Lake offering spectacular sunrise and panoramic Himalayan scenery.
Chuchemara Hill,Mugu,Karnali,2,4000,Viewpoint,"Hiking, Photography",difficult,High hill above Rara providing one of the finest panoramic views of the lake and surrounding mountains.
Gamgadhi,Mugu,Karnali,1,2500,Urban,"Sightseeing, Local Culture",easy,District headquarters of Mugu serving as the gateway to Rara Lake and nearby trekking routes.
Sinja Valley,Jumla,Karnali,2,4500,Historical,"History, Photography, Temple Visit",easy,Historic valley regarded as the origin of the Nepali language with ancient inscriptions and archaeological remains.
Chandan Nath Temple,Jumla,Karnali,1,2000,Religious,"Temple Visit, Cultural Tour",easy,"Ancient temple dedicated to Chandan Nath, attracting pilgrims and visitors interested in history and religion."
Khalanga Jumla,Jumla,Karnali,1,2000,Urban,"Local Market, Sightseeing",easy,Administrative center of Jumla known for apple farming and traditional mountain lifestyle.
Patarasi Mountain,Jumla,Karnali,5,9500,Trekking,"Camping, Trekking, Photography",difficult,Remote alpine trekking destination with breathtaking Himalayan scenery and pristine meadows.
Shey Phoksundo Lake,Dolpa,Karnali,8,25000,Lake,"Photography, Trekking, Camping",difficult,"Turquoise alpine lake inside Shey Phoksundo National Park, one of Nepal's most iconic natural attractions."
Shey Phoksundo National Park,Dolpa,Karnali,8,28000,National Park,"Wildlife, Trekking, Camping",difficult,"Largest national park in Nepal protecting rare Himalayan wildlife, deep valleys and spectacular landscapes."
Ringmo Village,Dolpa,Karnali,1,4000,Village,"Village Walk, Photography",easy,Traditional Tibetan-style village located beside the beautiful Phoksundo Lake.
Crystal Mountain,Dolpa,Karnali,10,32000,Peak,"Expedition, Hiking",difficult,Sacred mountain revered by Buddhists and visited by trekkers seeking remote Himalayan adventures.
Dho Tarap,Dolpa,Karnali,6,18000,Village,"Camping, Cultural Tour",difficult,"Ancient Tibetan settlement famous for unique culture, monasteries and high-altitude landscapes."
Kakre Bihar,Surkhet,Karnali,1,1500,Historical,"Temple Visit, Photography",easy,Ancient Buddhist archaeological site featuring historic stone carvings and peaceful surroundings.
Deuti Bajai Temple,Surkhet,Karnali,1,1000,Religious,"Temple Visit, Cultural Tour",easy,Well-known Hindu temple attracting devotees throughout the year.
Bageshwori Temple,Surkhet,Karnali,1,1000,Religious,Temple Visit,easy,Important religious destination in Birendranagar with strong cultural significance.
Gurbhakot,Surkhet,Karnali,1,1500,Urban,"Local Culture, Sightseeing",easy,Growing municipality known for local culture and nearby natural scenery.
Shiva Temple Hill,Surkhet,Karnali,1,1800,Viewpoint,"Hiking, Photography",easy,Hilltop temple providing panoramic views over Birendranagar and surrounding valleys.
Kankre Bihar,Dailekh,Karnali,1,1500,Historical,"History, Photography, Sightseeing",easy,Ancient archaeological site featuring historical stone sculptures and remains reflecting Nepal's rich cultural heritage.
Paduka Temple,Dailekh,Karnali,1,1000,Religious,"Temple Visit, Photography",easy,Sacred Hindu temple attracting devotees throughout the year with peaceful surroundings.
Dailekh Bazaar,Dailekh,Karnali,1,1200,Urban,"Shopping, Local Cuisine, Sightseeing",easy,"District headquarters known for local markets, traditional culture and friendly atmosphere."
Nabhisthan,Dailekh,Karnali,1,2000,Religious,"Pilgrimage, Temple Visit",easy,Important Hindu pilgrimage site believed to have deep mythological significance.
Petroleum Flame Site,Dailekh,Karnali,1,1800,Nature,"Photography, Geology, Tour",easy,"Unique natural gas flame emerging from the ground, attracting researchers and tourists."
Simkot,Humla,Karnali,2,6000,Urban,"Sightseeing, Trekking",moderate,Remote Himalayan town serving as the gateway to Mount Kailash and Limi Valley.
Limi Valley,Humla,Karnali,10,35000,Trekking,"Camping, Trekking, Cultural Tour",difficult,"Beautiful Himalayan valley with Tibetan culture, monasteries and spectacular mountain scenery."
Hilsa Border,Humla,Karnali,7,28000,Border Crossing,"Photography, Sightseeing",difficult,Nepal-China border crossing famous among Kailash pilgrims and adventure travelers.
Muchu Village,Humla,Karnali,3,12000,Village,"Village Walk, Cultural Experience",moderate,Traditional Himalayan village preserving Tibetan-influenced architecture and customs.
Yalbang Monastery,Humla,Karnali,2,10000,Religious,"Meditation, Cultural Tour",moderate,Peaceful Buddhist monastery known for spiritual learning and traditional practices.
Khalanga,Jajarkot,Karnali,1,1500,Urban,"Local Market, Sightseeing",easy,District headquarters offering scenic hill views and authentic local culture.
Barekot,Jajarkot,Karnali,2,2500,Nature,"Hiking, Photography",moderate,"Scenic rural area featuring lush forests, rivers and mountain landscapes."
Jagatipur,Jajarkot,Karnali,1,1200,Village,"Village Tour, Photography",easy,Traditional settlement showcasing local lifestyle and cultural heritage.
Musikot,Rukum West,Karnali,1,1800,Urban,"Sightseeing, Shopping",easy,District headquarters known for local markets and panoramic hill scenery.
Sisne Himal,Rukum West,Karnali,5,14000,Peak,"Trekking, Photography, Camping",difficult,Magnificent Himalayan peak attracting trekkers and photographers during clear seasons.
Syarpu Lake,Rukum West,Karnali,1,2500,Lake,"Boating, Photography, Picnic",easy,"Beautiful freshwater lake surrounded by forests and hills, ideal for family outings."
Chaurjahari,Rukum West,Karnali,1,1500,Urban,"Local Food, Sightseeing",easy,Developing town with scenic surroundings and vibrant local markets.
Salyan Khalanga,Salyan,Karnali,1,1500,Urban,"Shopping, Sightseeing",easy,District headquarters surrounded by green hills and traditional settlements.
Kapurkot,Salyan,Karnali,1,2200,Viewpoint,"Photography, Hiking",easy,"Popular hill station offering cool weather, panoramic mountain views and peaceful environment."
Kupinde Lake,Salyan,Karnali,1,2500,Lake,"Boating, Photography, Picnic",easy,"Picturesque freshwater lake famous for its tranquil beauty, boating and family-friendly atmosphere."
Dhorpatan Hunting Reserve (Rukum Section),Rukum West,Karnali,5,18000,Wildlife Reserve,"Wildlife Watching, Trekking, Photography",difficult,"Protected Himalayan hunting reserve known for blue sheep, Himalayan tahr, alpine meadows and spectacular mountain landscapes."
Aathbiskot,Rukum West,Karnali,1,1800,Urban,"Local Culture, Sightseeing",easy,Beautiful municipality situated along mountain valleys offering traditional culture and scenic landscapes.
Tribeni,Salyan,Karnali,1,1500,Religious,"Temple Visit, Pilgrimage",easy,Sacred confluence area where devotees gather during religious festivals and special occasions.
Darma Kot,Salyan,Karnali,1,2500,Historical,"History, Hiking, Photography",moderate,Historic hill fort providing panoramic views and reflecting the ancient history of western Nepal.
Bangad Kupinde,Salyan,Karnali,1,1800,Nature,"Picnic, Hiking, Photography",easy,Peaceful natural destination surrounded by forests and rolling hills suitable for family outings.
Tila River,Jumla,Karnali,2,2200,River,"Fishing, Photography, Camping",easy,Major river flowing through Jumla Valley offering scenic landscapes and peaceful camping opportunities.
Jumla Apple Orchards,Jumla,Karnali,1,1800,Agritourism,"Apple Picking, Farm Visit, Photography",easy,Famous orchards producing high-quality Himalayan apples where visitors can experience local farming.
Guthichaur,Jumla,Karnali,2,4500,Grassland,"Horse Riding, Camping, Hiking",moderate,"Expansive alpine meadow famous for colorful wildflowers, horse grazing and panoramic Himalayan scenery."
Nagma,Kalikot,Karnali,1,1200,Urban,"Sightseeing, Local Market",easy,Roadside town connecting Karnali districts and serving as an important transportation hub.
Kotbada,Kalikot,Karnali,1,1500,Village,"Village Walk, Photography",easy,"Traditional hill settlement known for beautiful terraces, friendly communities and peaceful surroundings."
Pachal Waterfall,Kalikot,Karnali,1,2500,Waterfall,"Photography, Hiking",moderate,"Beautiful seasonal waterfall cascading through lush green forests, especially impressive during the monsoon."
Sanni Triveni,Kalikot,Karnali,1,1700,Religious,"Temple Visit, Cultural Tour",easy,Religious destination attracting pilgrims during festivals with peaceful riverside surroundings.
Bajura Border View,Kalikot,Karnali,1,2300,Viewpoint,"Photography, Hiking",moderate,Scenic hilltop viewpoint overlooking neighboring mountain districts and deep river valleys.
Yari Village,Humla,Karnali,3,12000,Village,"Village Walk, Cultural Experience",moderate,Remote Himalayan settlement preserving traditional Tibetan culture and spectacular mountain scenery.
Tumkot Monastery,Humla,Karnali,2,9000,Religious,"Meditation, Photography",moderate,"Historic Buddhist monastery known for ancient traditions, colorful prayer flags and peaceful atmosphere."
Nyin Valley,Humla,Karnali,6,20000,Valley,"Camping, Trekking, Photography",difficult,"Remote Himalayan valley offering untouched landscapes, rivers and authentic mountain culture."
Sarkegad,Humla,Karnali,2,7000,Village,"Local Culture, Hiking",moderate,Traditional settlement located along popular trekking routes with beautiful Himalayan scenery.
Thakuri Baba Temple,Jajarkot,Karnali,1,1200,Religious,"Temple Visit, Pilgrimage",easy,Well-known local temple visited by devotees for religious ceremonies and festivals.
Bheri River Corridor,Jajarkot,Karnali,2,5000,River,"Rafting, Fishing, Photography",moderate,"Beautiful river corridor suitable for rafting, fishing and enjoying spectacular mountain scenery."
Shivalaya,Jajarkot,Karnali,1,1000,Religious,"Temple Visit, Cultural Tour",easy,Historic Shiva temple surrounded by peaceful natural beauty and traditional local settlements.
Shuklaphanta Grassland,Kanchanpur,Sudurpashchim,1,3000,Grassland,"Wildlife Watching, Photography",easy,Expansive grasslands inside Shuklaphanta National Park providing habitat for rare wildlife and excellent photography opportunities.
Dodhara Chandani Suspension Bridge,Kanchanpur,Sudurpashchim,1,1200,Bridge,"Walking, Photography, Sightseeing",easy,One of Nepal's longest suspension bridges connecting communities across the Mahakali River with spectacular river views.
Mahakali River,Kanchanpur,Sudurpashchim,2,5000,River,"Rafting, Fishing, Photography",moderate,"Major river forming Nepal's western border, popular for rafting, scenic beauty and riverside recreation."
Bedkot Lake,Kanchanpur,Sudurpashchim,1,1800,Lake,"Boating, Picnic, Bird Watching",easy,"Beautiful freshwater lake surrounded by forest, ideal for boating, bird watching and peaceful family outings."
Brahmadev Temple,Kanchanpur,Sudurpashchim,1,1000,Religious,"Temple Visit, Pilgrimage",easy,Sacred Hindu temple attracting pilgrims throughout the year with spiritual and cultural importance.
Bhimdatta City,Kanchanpur,Sudurpashchim,1,1500,Urban,"Shopping, Local Food, Sightseeing",easy,Commercial center of western Nepal known for vibrant markets and convenient access to nearby attractions.
Ghodaghodi Lake,Kailali,Sudurpashchim,1,2200,Lake,"Boating, Bird Watching, Photography",easy,"Ramsar-listed wetland famous for migratory birds, peaceful boating and rich biodiversity."
Ghodaghodi Bird Sanctuary,Kailali,Sudurpashchim,1,1800,Wildlife Reserve,"Bird Watching, Photography",easy,Protected wetland ecosystem hosting hundreds of bird species and diverse aquatic wildlife.
Dhangadhi Park,Kailali,Sudurpashchim,1,800,Park,"Walking, Picnic, Photography",easy,"Popular urban park providing green space, walking paths and recreational activities for families."
Mohanpur Lake,Kailali,Sudurpashchim,1,1600,Lake,"Photography, Boating",easy,Scenic lake surrounded by natural beauty offering boating and peaceful relaxation.
Godavari Botanical Garden,Kailali,Sudurpashchim,1,1200,Garden,"Nature Walk, Photography",easy,Beautiful botanical area showcasing regional flora with pleasant walking trails and educational value.
Dhangadhi City,Kailali,Sudurpashchim,1,1500,Urban,"Shopping, Food Tour, Sightseeing",easy,"Major gateway city to Sudurpashchim Province offering markets, hotels and transportation services."
Attariya,Kailali,Sudurpashchim,1,1200,Urban,"Local Market, Sightseeing",easy,Growing commercial town connecting travelers to various destinations throughout Sudurpashchim.
Tikapur Park,Kailali,Sudurpashchim,1,900,Park,"Walking, Photography, Relaxation",easy,Well-maintained public park popular among families and visitors seeking a relaxing environment.
Karnali Chisapani Bridge,Kailali,Sudurpashchim,1,1500,Bridge,"Photography, Sightseeing",easy,Iconic bridge over the Karnali River providing spectacular river and sunset views.
Karnali River,Kailali,Sudurpashchim,2,6000,River,"Rafting, Fishing, Photography",moderate,One of Nepal's longest rivers offering exciting rafting adventures and beautiful riverside scenery.
Tikapur Great Garden,Kailali,Sudurpashchim,1,1000,Garden,"Picnic, Nature Walk",easy,"Large public garden ideal for family picnics, outdoor activities and peaceful walks."
Patharaiya River,Kailali,Sudurpashchim,1,1500,River,"Fishing, Photography",easy,Beautiful river flowing through Kailali with peaceful natural surroundings suitable for relaxation.
Hasuliya Forest,Kailali,Sudurpashchim,1,1800,Forest,"Nature Walk, Bird Watching",easy,Dense Terai forest supporting wildlife and providing a refreshing destination for nature enthusiasts.
Dadeldhura Bazaar,Dadeldhura,Sudurpashchim,1,1500,Urban,"Shopping, Local Food, Sightseeing",easy,"District headquarters surrounded by green hills, known for traditional culture, local markets and pleasant weather throughout the year."
Ajaymeru Fort,Dadeldhura,Sudurpashchim,1,1800,Historical,"History, Photography, Hiking",easy,"Historic fort believed to date back to the medieval period, offering panoramic views of surrounding hills."
Ugratara Temple,Dadeldhura,Sudurpashchim,1,1200,Religious,"Temple Visit, Pilgrimage",easy,One of the most revered temples in Sudurpashchim attracting thousands of pilgrims every year.
Bhageshwor Temple,Dadeldhura,Sudurpashchim,1,1000,Religious,"Temple Visit, Cultural Tour",easy,Ancient Hindu temple surrounded by peaceful forests and traditional settlements.
Amargadhi View Tower,Dadeldhura,Sudurpashchim,1,1500,Viewpoint,"Photography, Sunrise, Hiking",easy,Popular hilltop viewpoint overlooking Dadeldhura valley and distant Himalayan ranges.
Khaptad National Park (Dadeldhura Entry),Dadeldhura,Sudurpashchim,3,8500,National Park,"Camping, Trekking, Photography",moderate,"One of Nepal's most beautiful protected areas famous for alpine meadows, wildlife and spiritual significance."
Khaptad Baba Ashram,Doti,Sudurpashchim,1,2500,Religious,"Meditation, Temple Visit",easy,"Sacred hermitage associated with Khaptad Baba, attracting spiritual seekers and pilgrims."
Khaptad National Park (Doti Entry),Doti,Sudurpashchim,3,9000,National Park,"Camping, Hiking, Wildlife Watching",moderate,"Beautiful highland national park featuring rolling meadows, forests and rare Himalayan wildlife."
Silgadhi,Doti,Sudurpashchim,1,1200,Urban,"Shopping, Sightseeing",easy,District headquarters offering beautiful mountain scenery and authentic local culture.
Shaileshwari Temple,Doti,Sudurpashchim,1,1000,Religious,"Temple Visit, Pilgrimage",easy,Ancient Hindu temple dedicated to Goddess Shaileshwari and an important religious destination.
Dipayal,Doti,Sudurpashchim,1,1200,Urban,"Local Market, Photography",easy,Historic town located along the Seti River with scenic landscapes and vibrant local markets.
Seti River Gorge,Doti,Sudurpashchim,1,1800,River,"Photography, Hiking",easy,Deep river gorge carved by the Seti River providing spectacular natural scenery.
Mastamandu Temple,Achham,Sudurpashchim,1,1000,Religious,"Temple Visit, Pilgrimage",easy,"Famous temple dedicated to Mastamandu, attracting pilgrims from across western Nepal."
Mangalsen,Achham,Sudurpashchim,1,1200,Urban,"Shopping, Sightseeing",easy,"District headquarters known for traditional culture, beautiful hills and welcoming communities."
Ramaroshan Lake Cluster,Achham,Sudurpashchim,2,7000,Lake,"Camping, Hiking, Photography",moderate,"Series of beautiful alpine lakes surrounded by grasslands and forests, one of the province's hidden gems."
Ramaroshan Grasslands,Achham,Sudurpashchim,2,5000,Grassland,"Horse Riding, Camping",moderate,"Expansive high-altitude grasslands famous for wildflowers, grazing animals and breathtaking mountain scenery."
Achham Viewpoint,Achham,Sudurpashchim,1,1500,Viewpoint,"Photography, Sunrise",easy,Hilltop viewpoint offering panoramic views of the surrounding valleys and distant Himalayan peaks.
Budhiganga River,Achham,Sudurpashchim,1,1800,River,"Fishing, Photography",easy,Beautiful mountain river flowing through Achham with crystal-clear water and peaceful surroundings.
Safebagar,Achham,Sudurpashchim,1,1200,Urban,"Local Market, Sightseeing",easy,Growing municipality serving as an important commercial and transportation center in Achham.
Chaurpati,Achham,Sudurpashchim,1,1000,Village,"Village Walk, Photography",easy,"Traditional hill village offering authentic rural experiences, terraced fields and beautiful landscapes."
Api Nampa Conservation Area,Darchula,Sudurpashchim,6,18000,Conservation Area,"Wildlife Watching, Trekking, Photography",difficult,"Nepal's westernmost protected conservation area famous for snow leopards, Himalayan biodiversity, alpine meadows and spectacular mountain scenery."
Api Base Camp,Darchula,Sudurpashchim,8,32000,Trekking,"Camping, Trekking, Photography",difficult,"A challenging Himalayan trek leading to the base of Mount Api, Nepal's highest peak in the far western region."
Mount Api,Darchula,Sudurpashchim,15,85000,Peak,"Mountaineering, Photography",difficult,"The highest mountain in Sudurpashchim Province, attracting experienced climbers seeking remote Himalayan expeditions."
Gokuleshwor,Darchula,Sudurpashchim,1,1500,Urban,"Sightseeing, Shopping",easy,"Historic hill town known for its temples, local markets and as a gateway to remote Himalayan destinations."
Khalanga Darchula,Darchula,Sudurpashchim,1,1500,Urban,"Local Food, Sightseeing",easy,District headquarters located beside the Mahakali River with beautiful mountain scenery and cross-border cultural influence.
Malikarjun Temple,Darchula,Sudurpashchim,1,1200,Religious,"Temple Visit, Pilgrimage",easy,One of the most important religious sites in Darchula dedicated to Lord Shiva and visited by thousands of devotees.
Byas Valley,Darchula,Sudurpashchim,6,24000,Valley,"Camping, Trekking, Cultural Tour",difficult,"Remote Himalayan valley rich in Tibetan-influenced culture, dramatic landscapes and trekking opportunities."
Chhangru Village,Darchula,Sudurpashchim,2,9000,Village,"Village Walk, Photography",moderate,Traditional Himalayan village preserving unique Byasi culture and offering magnificent mountain views.
Tinkar Village,Darchula,Sudurpashchim,3,12000,Village,"Village Tour, Photography",moderate,One of Nepal's northernmost settlements famous for traditional lifestyles and proximity to the Tibet border.
Mahakali River Viewpoint,Darchula,Sudurpashchim,1,1500,Viewpoint,"Photography, Sunset",easy,Excellent viewpoint overlooking the Mahakali River and surrounding Himalayan foothills.
Tripura Sundari Temple,Baitadi,Sudurpashchim,1,1000,Religious,"Temple Visit, Pilgrimage",easy,"Ancient temple dedicated to Goddess Tripura Sundari, one of the most important religious sites in western Nepal."
Patan Baitadi,Baitadi,Sudurpashchim,1,1500,Urban,"Shopping, Sightseeing",easy,Historic hill town surrounded by terraced landscapes and traditional settlements.
Dasharathchand Municipality,Baitadi,Sudurpashchim,1,1200,Urban,"Local Market, Photography",easy,"Administrative center named after Nepal's martyr Dasharath Chand, featuring scenic mountain surroundings."
Pancheshwor,Darchula,Sudurpashchim,1,2200,Religious,"Temple Visit, River Sightseeing",easy,"Sacred confluence of the Mahakali and Sarayu rivers, important to Hindu pilgrims from Nepal and India."
Jhulaghat Suspension Bridge,Baitadi,Sudurpashchim,1,1000,Bridge,"Walking, Photography",easy,Historic suspension bridge connecting Nepal and India across the Mahakali River.
Niglasain Temple,Baitadi,Sudurpashchim,1,1000,Religious,Temple Visit,easy,Well-known regional temple attracting devotees during religious festivals and special occasions.
Badimalika Temple,Bajura,Sudurpashchim,4,14000,Religious,"Pilgrimage, Trekking, Camping",difficult,One of Nepal's most sacred high-altitude pilgrimage destinations situated amidst alpine meadows and Himalayan peaks.
Badimalika Trek,Bajura,Sudurpashchim,5,18000,Trekking,"Camping, Hiking, Photography",difficult,Scenic trekking route leading to the famous Badimalika Temple through beautiful grasslands and mountain landscapes.
Martadi,Bajura,Sudurpashchim,1,1500,Urban,"Shopping, Sightseeing",easy,District headquarters of Bajura serving as the gateway to Badimalika and surrounding Himalayan attractions.
Budhinanda Lake,Bajura,Sudurpashchim,3,9000,Lake,"Camping, Photography, Hiking",moderate,"Beautiful alpine lake surrounded by snow-capped mountains and pristine meadows, offering peaceful trekking experiences."
Khaptad National Park (Bajhang Entry),Bajhang,Sudurpashchim,3,8500,National Park,"Camping, Hiking, Wildlife Watching",moderate,"One of Nepal's most beautiful national parks featuring rolling alpine meadows, forests, rare wildlife and breathtaking Himalayan scenery."
Khaptad Lake,Bajhang,Sudurpashchim,1,3000,Lake,"Photography, Hiking",easy,"Small alpine lake located inside Khaptad National Park, surrounded by peaceful grasslands and forests."
Chainpur,Bajhang,Sudurpashchim,1,1500,Urban,"Shopping, Local Food, Sightseeing",easy,"District headquarters known for traditional markets, mountain scenery and friendly local communities."
Surma Sarovar,Bajhang,Sudurpashchim,4,12000,Lake,"Camping, Trekking, Photography",difficult,"Sacred high-altitude lake surrounded by snow-covered peaks and alpine landscapes, attracting trekkers and pilgrims."
Talkot,Bajhang,Sudurpashchim,1,1200,Village,"Village Walk, Photography",easy,"Traditional settlement offering authentic hill culture, terraced farms and scenic mountain views."
Saipal Base Camp,Bajhang,Sudurpashchim,7,26000,Trekking,"Camping, Trekking, Photography",difficult,Remote Himalayan trekking destination leading to the base of Mount Saipal through untouched mountain landscapes.
Saipal Himal,Bajhang,Sudurpashchim,16,90000,Peak,"Mountaineering, Photography",difficult,One of western Nepal's highest mountains attracting experienced climbers and expedition teams.
Bungal,Bajhang,Sudurpashchim,1,1500,Urban,"Local Culture, Sightseeing",easy,"Historic municipality surrounded by forests, rivers and traditional settlements."
Bitthadchir,Bajhang,Sudurpashchim,1,1800,Viewpoint,"Photography, Hiking",easy,Hilltop viewpoint offering panoramic vistas of Bajhang's valleys and distant Himalayan ranges.
Jayaprithvi Highway Viewpoint,Bajhang,Sudurpashchim,1,1000,Viewpoint,"Photography, Road Trip",easy,Scenic roadside viewpoint popular among travelers exploring far-western Nepal.
Badimalika Meadow,Bajura,Sudurpashchim,2,6000,Grassland,"Camping, Horse Riding, Photography",moderate,"Beautiful alpine meadow surrounding Badimalika Temple, famous for seasonal wildflowers and grazing horses."
Triveni Bajura,Bajura,Sudurpashchim,1,1500,Religious,"Temple Visit, Pilgrimage",easy,Sacred religious destination visited by devotees during annual festivals and religious ceremonies.
Gaumul,Bajura,Sudurpashchim,2,3500,Village,"Village Walk, Hiking",moderate,Remote Himalayan settlement offering traditional mountain lifestyle and impressive natural scenery.
Kolti,Bajura,Sudurpashchim,1,1800,Urban,"Sightseeing, Shopping",easy,Important transportation hub connecting remote Himalayan villages with lower regions.
Pandusen,Darchula,Sudurpashchim,2,5000,Village,"Village Tour, Photography",moderate,Traditional Himalayan village offering authentic local culture and beautiful mountain landscapes.
Rapla,Darchula,Sudurpashchim,2,4500,Village,"Photography, Hiking",moderate,"Peaceful mountain village surrounded by forests, rivers and panoramic Himalayan scenery."
Chameliya River,Darchula,Sudurpashchim,2,4500,River,"Fishing, Photography, Rafting",moderate,"Fast-flowing Himalayan river known for dramatic gorges, hydropower projects and scenic beauty."
Mahakali Corridor,Darchula,Sudurpashchim,2,3000,Scenic Route,"Road Trip, Photography",easy,Spectacular mountain highway following the Mahakali River with breathtaking landscapes throughout the journey.
Naugad Valley,Darchula,Sudurpashchim,3,7000,Valley,"Camping, Hiking, Photography",moderate,"Beautiful Himalayan valley featuring waterfalls, forests and traditional settlements in a peaceful environment."
Byas Rural Municipality,Darchula,Sudurpashchim,3,6000,Cultural Landscape,"Village Tour, Cultural Experience",moderate,"Remote Himalayan region preserving ancient Byasi traditions, Tibetan-influenced culture and magnificent mountain scenery."
Dogadakedar Temple,Baitadi,Sudurpashchim,1,1200,Religious,"Temple Visit, Pilgrimage, Cultural Tour",easy,"One of the oldest and most sacred temples in Baitadi dedicated to Lord Shiva, attracting pilgrims from across western Nepal."
Sigas Rural Municipality,Baitadi,Sudurpashchim,1,2200,Cultural Landscape,"Village Tour, Hiking, Photography",easy,"Peaceful hill region known for terraced farms, traditional villages and panoramic mountain scenery."
Shivnath Temple,Baitadi,Sudurpashchim,1,1000,Religious,"Temple Visit, Photography",easy,Historic Hindu temple visited throughout the year for religious festivals and cultural events.
Surnaya Valley,Baitadi,Sudurpashchim,2,2500,Valley,"Photography, Hiking",moderate,Beautiful valley surrounded by forests and traditional settlements offering peaceful hiking opportunities.
Dashrath Chand Memorial Park,Baitadi,Sudurpashchim,1,800,Park,"History, Walking, Photography",easy,Public park dedicated to Nepal's martyr Dashrath Chand featuring landscaped gardens and historical monuments.
Seti River Viewpoint,Doti,Sudurpashchim,1,1500,Viewpoint,"Photography, Sunset",easy,Scenic viewpoint overlooking the Seti River valley with panoramic mountain landscapes.
Jorayal Forest,Doti,Sudurpashchim,1,2000,Forest,"Nature Walk, Bird Watching",easy,Dense hill forest rich in biodiversity and suitable for short hikes and birdwatching.
Doti Palace Ruins,Doti,Sudurpashchim,1,1200,Historical,"History, Photography",easy,Historic ruins representing the medieval Doti Kingdom and the architectural heritage of western Nepal.
Sanfebagar Airport Viewpoint,Achham,Sudurpashchim,1,1200,Viewpoint,"Plane Spotting, Photography",easy,Popular hilltop viewpoint overlooking Sanfebagar Airport and the surrounding valleys.
Budhiganga Riverside,Achham,Sudurpashchim,1,1500,River,"Fishing, Picnic, Photography",easy,"Peaceful riverside destination ideal for picnics, photography and relaxing in a natural environment."
Ramaroshan View Tower,Achham,Sudurpashchim,1,1800,Viewpoint,"Sunrise, Photography, Hiking",easy,Hilltop tower offering spectacular sunrise views over the Ramaroshan alpine region.
Bedkot Forest Trail,Kanchanpur,Sudurpashchim,1,1200,Forest,"Nature Walk, Bird Watching",easy,"Beautiful forest trail suitable for birdwatching, walking and enjoying the biodiversity of the Terai."
Mahendranagar Museum,Kanchanpur,Sudurpashchim,1,700,Museum,"History, Cultural Tour",easy,"Local museum displaying historical artifacts, cultural exhibits and the heritage of far-western Nepal."
Dodhara Riverside Park,Kanchanpur,Sudurpashchim,1,800,Park,"Picnic, Walking, Photography",easy,"Riverside recreational park offering picnic areas, walking paths and scenic river views."
Krishnapur Forest,Kanchanpur,Sudurpashchim,1,1800,Forest,"Wildlife Watching, Hiking",easy,Protected Terai forest supporting diverse wildlife and peaceful nature walks.
Attariya Forest Park,Kailali,Sudurpashchim,1,800,Park,"Walking, Photography, Relaxation",easy,"Urban green park popular with families, joggers and visitors seeking a quiet outdoor environment."
Mohana River,Kailali,Sudurpashchim,1,1800,River,"Fishing, Photography",easy,Major river flowing through Kailali with scenic riverbanks and opportunities for recreation.
Joshipur Wetlands,Kailali,Sudurpashchim,1,1500,Wetland,"Bird Watching, Photography",easy,Important wetland ecosystem supporting migratory birds and rich biodiversity.
Lamki Bazaar,Kailali,Sudurpashchim,1,1200,Urban,"Shopping, Local Food",easy,Busy commercial town serving as an important gateway to western Nepal with vibrant local markets.
Mohanpur Community Forest,Kailali,Sudurpashchim,1,1000,Forest,"Nature Walk, Bird Watching",easy,Community-managed forest preserving local biodiversity while providing recreational opportunities for visitors.
Ugratara Bhagwati Temple,Dadeldhura,Sudurpashchim,1,1000,Religious,"Temple Visit, Pilgrimage",easy,One of the most important religious sites of Dadeldhura visited by thousands of devotees during Dashain and other Hindu festivals.
Ajaymeru Rural Municipality,Dadeldhura,Sudurpashchim,1,1800,Cultural Landscape,"Village Tour, Hiking, Photography",easy,"Beautiful hill region known for traditional settlements, terraced fields and panoramic Himalayan scenery."
Parshuram Dham,Dadeldhura,Sudurpashchim,1,1500,Religious,"Temple Visit, Cultural Tour",easy,"Sacred pilgrimage site associated with Sage Parshuram, attracting visitors seeking spiritual and cultural experiences."
Jogbuda River,Dadeldhura,Sudurpashchim,1,1800,River,"Photography, Fishing",easy,Scenic river flowing through forested valleys offering peaceful natural surroundings and photography opportunities.
Sahasralinga Temple,Doti,Sudurpashchim,1,1200,Religious,"Temple Visit, Pilgrimage",easy,Ancient Shiva temple famous among local pilgrims and surrounded by beautiful hill landscapes.
Badi Kedar Temple,Doti,Sudurpashchim,1,1200,Religious,"Temple Visit, Cultural Tour",easy,Historic temple dedicated to Lord Shiva and an important religious destination of Doti district.
Doti Durbar Area,Doti,Sudurpashchim,1,1000,Historical,"History, Photography",easy,Historic remains representing the old Doti Kingdom and its architectural heritage.
Ramaroshan Wetlands,Achham,Sudurpashchim,1,2200,Wetland,"Bird Watching, Photography",easy,Beautiful wetland ecosystem surrounded by alpine meadows supporting diverse birdlife.
Binayak Temple,Achham,Sudurpashchim,1,1000,Religious,Temple Visit,easy,Popular local temple dedicated to Lord Ganesh attracting pilgrims throughout the year.
Kalanga Historical Area,Achham,Sudurpashchim,1,1800,Historical,"History, Hiking",easy,Historic hill settlement preserving local history and traditional architecture.
Api Himal Viewpoint,Darchula,Sudurpashchim,2,5000,Viewpoint,"Photography, Sunrise, Hiking",moderate,Excellent viewpoint offering magnificent sunrise views of Mount Api and surrounding Himalayan peaks.
Nampa Himal Viewpoint,Darchula,Sudurpashchim,2,4800,Viewpoint,"Photography, Hiking",moderate,Scenic trekking destination overlooking the Nampa Himalayan range and alpine valleys.
Khalanga View Tower,Darchula,Sudurpashchim,1,1500,Viewpoint,"Photography, Sunset",easy,"Popular viewpoint overlooking Khalanga Bazaar, Mahakali River and surrounding mountain scenery."
Mahakali Riverside Trail,Darchula,Sudurpashchim,1,2500,Hiking Trail,"Walking, Photography",easy,Scenic walking trail following the Mahakali River with impressive landscapes and local villages.
Budhinanda Base Camp,Bajura,Sudurpashchim,3,11000,Trekking,"Camping, Hiking",moderate,Starting point for trekking adventures toward Budhinanda Lake through forests and alpine grasslands.
Badimalika Grasslands,Bajura,Sudurpashchim,2,4500,Grassland,"Camping, Horse Riding",moderate,Rolling alpine meadows surrounding Badimalika Temple famous for seasonal flowers and spectacular Himalayan scenery.
Budhiganga Valley,Bajura,Sudurpashchim,1,2200,Valley,"Photography, Hiking",easy,"Beautiful river valley offering peaceful landscapes, traditional villages and agricultural terraces."
Saipal Viewpoint,Bajhang,Sudurpashchim,2,4500,Viewpoint,"Photography, Sunrise",moderate,One of the best viewpoints for observing Mount Saipal and the surrounding Himalayan range.
Surma Village,Bajhang,Sudurpashchim,2,3500,Village,"Village Tour, Cultural Experience",moderate,"Traditional Himalayan settlement preserving unique mountain culture, architecture and local customs."
Khaptad Grasslands,Bajhang,Sudurpashchim,1,3000,Grassland,"Nature Walk, Photography",easy,"Beautiful rolling grasslands inside the Khaptad region known for wildflowers, wildlife and breathtaking landscapes."
Talkot Viewpoint,Bajhang,Sudurpashchim,1,1800,Viewpoint,"Photography, Sunrise, Hiking",easy,Scenic hilltop viewpoint overlooking Talkot Valley and surrounding Himalayan landscapes.
Bungal Forest,Bajhang,Sudurpashchim,1,1800,Forest,"Nature Walk, Bird Watching",easy,"Dense pine and rhododendron forest suitable for hiking, birdwatching and nature photography."
Surma Valley,Bajhang,Sudurpashchim,3,9000,Valley,"Camping, Trekking, Photography",moderate,"Remote Himalayan valley featuring alpine scenery, rivers and traditional settlements."
Jayaprithvi Park,Bajhang,Sudurpashchim,1,800,Park,"Walking, Photography",easy,Small public park popular among local residents for recreation and relaxation.
Budhiganga Suspension Bridge,Bajhang,Sudurpashchim,1,1200,Bridge,"Walking, Photography",easy,Suspension bridge crossing the Budhiganga River with panoramic river and mountain views.
Saipal Rural Municipality,Bajhang,Sudurpashchim,2,3500,Cultural Landscape,"Village Tour, Hiking",moderate,Beautiful Himalayan municipality offering traditional mountain culture and spectacular scenery.
Khaptad Sunrise Point,Bajhang,Sudurpashchim,1,2500,Viewpoint,"Sunrise, Photography",easy,Popular sunrise point inside the Khaptad region with panoramic Himalayan views.
Badimalika Trail Camp,Bajura,Sudurpashchim,2,5000,Camp Site,"Camping, Trekking",moderate,Camping location used by trekkers traveling toward the Badimalika pilgrimage route.
Kolti Airport,Bajura,Sudurpashchim,1,1000,Airport,"Plane Spotting, Photography",easy,Small mountain airport connecting Bajura with Nepalgunj and other western districts.
Himali Rural Municipality,Bajura,Sudurpashchim,2,3500,Cultural Landscape,"Village Tour, Photography",moderate,"Remote Himalayan municipality surrounded by forests, rivers and snow-capped mountains."
Gaumul Valley,Bajura,Sudurpashchim,2,6500,Valley,"Camping, Hiking",moderate,Beautiful alpine valley with traditional villages and impressive Himalayan landscapes.
Budhinanda River,Bajura,Sudurpashchim,1,1800,River,"Fishing, Photography",easy,Crystal-clear mountain river flowing through forests and alpine meadows.
Martadi View Tower,Bajura,Sudurpashchim,1,1200,Viewpoint,"Photography, Sunset",easy,Hilltop viewpoint overlooking Martadi Bazaar and surrounding mountain ranges.
Badimalika Viewpoint,Bajura,Sudurpashchim,2,4500,Viewpoint,"Photography, Hiking",moderate,Excellent viewpoint providing panoramic views of the Badimalika alpine landscape.
Dogadi Village,Bajura,Sudurpashchim,1,1500,Village,"Village Walk, Photography",easy,Traditional hill village surrounded by terraced farms and peaceful countryside.
Budhinanda Trek Route,Bajura,Sudurpashchim,4,9500,Trekking,"Camping, Trekking",difficult,Popular trekking route leading through alpine forests toward Budhinanda Lake.
Saipal Panorama Point,Bajhang,Sudurpashchim,1,2800,Viewpoint,"Photography, Sunrise",easy,Scenic location offering wide-angle views of Mount Saipal and nearby Himalayan peaks.
Surma Highland,Bajhang,Sudurpashchim,2,4800,Grassland,"Camping, Hiking",moderate,High-altitude grassland surrounded by snow-capped mountains and alpine flowers.
Chainpur Riverside,Bajhang,Sudurpashchim,1,1500,River,"Fishing, Photography",easy,"Quiet riverside destination popular for photography, fishing and relaxing in nature."
Bajhang Heritage Trail,Bajhang,Sudurpashchim,1,1800,Historical,"Walking, Cultural Tour",easy,"Cultural walking trail connecting historic settlements, temples and traditional architecture in Bajhang."
Bajhang Museum,Bajhang,Sudurpashchim,1,700,Museum,"History, Cultural Tour",easy,"Small museum preserving artifacts, traditions and the history of Bajhang district."
Seti River Canyon,Bajhang,Sudurpashchim,1,2200,River,"Photography, Hiking",easy,"Beautiful canyon carved by the Seti River featuring cliffs, forests and scenic viewpoints."
Kedarsyu Valley,Bajhang,Sudurpashchim,2,2500,Valley,"Photography, Hiking",moderate,"Quiet mountain valley known for agricultural terraces, forests and peaceful villages."
Thalara Hills,Bajhang,Sudurpashchim,1,1800,Viewpoint,"Photography, Sunrise",easy,Rolling green hills providing panoramic sunrise and sunset views over western Nepal.
Masta Temple,Bajhang,Sudurpashchim,1,1200,Religious,"Temple Visit, Pilgrimage",easy,Ancient temple dedicated to Masta deity and one of the most respected religious sites in Bajhang.
Bitthad Forest Reserve,Bajhang,Sudurpashchim,1,1800,Forest,"Nature Walk, Bird Watching",easy,"Protected forest rich in pine, rhododendron and native bird species."
Surma Pass,Bajhang,Sudurpashchim,4,12000,Mountain Pass,"Camping, Trekking",difficult,High Himalayan pass offering spectacular mountain scenery and adventurous trekking routes.
Rilu Lake,Bajhang,Sudurpashchim,3,9000,Lake,"Camping, Photography",moderate,"Remote alpine lake surrounded by forests, meadows and Himalayan peaks."
Saipal Foothills,Bajhang,Sudurpashchim,3,8500,Nature,"Photography, Trekking",moderate,Picturesque foothills below Mount Saipal featuring alpine forests and breathtaking scenery.
Bungal Valley,Bajhang,Sudurpashchim,1,2200,Valley,"Village Walk, Photography",easy,"Beautiful valley with rivers, forests and traditional settlements."
Budhinanda Wetland,Bajura,Sudurpashchim,1,3000,Wetland,"Bird Watching, Photography",easy,Seasonal alpine wetland supporting migratory birds and mountain biodiversity.
Himali Viewpoint,Bajura,Sudurpashchim,1,3500,Viewpoint,"Photography, Sunrise",easy,Popular viewpoint overlooking snow-covered mountains and alpine valleys.
Kolti Riverside,Bajura,Sudurpashchim,1,1500,River,"Fishing, Photography",easy,Quiet riverside destination suitable for photography and relaxing in nature.
Budhinanda Valley,Bajura,Sudurpashchim,3,7000,Valley,"Camping, Hiking",moderate,"Beautiful Himalayan valley with forests, waterfalls and traditional villages."
Khaptad Border Trail,Bajura,Sudurpashchim,3,8500,Trekking,"Camping, Trekking",moderate,Scenic trekking trail connecting Khaptad region with nearby mountain settlements.
Badimalika Sunrise Point,Bajura,Sudurpashchim,1,3000,Viewpoint,"Sunrise, Photography",easy,Excellent sunrise viewpoint overlooking Badimalika Temple and surrounding alpine meadows.
Gaumul Highland,Bajura,Sudurpashchim,2,4200,Grassland,"Camping, Horse Riding",moderate,Beautiful grasslands with seasonal wildflowers and grazing livestock.
Martadi Heritage Walk,Bajura,Sudurpashchim,1,1000,Historical,"Walking, Photography",easy,"Walking route showcasing local temples, traditional houses and the cultural heritage of Martadi."
Budhinanda Forest,Bajura,Sudurpashchim,1,2200,Forest,"Nature Walk, Bird Watching",easy,"Mountain forest rich in wildlife, rhododendrons and scenic hiking trails."
Saipal Panorama Trail,Bajhang,Sudurpashchim,4,10500,Trekking,"Camping, Trekking, Photography",difficult,Beautiful trekking route providing continuous panoramic views of Mount Saipal and surrounding Himalayan ranges.
Saipal Base Viewpoint,Bajhang,Sudurpashchim,2,4500,Viewpoint,"Photography, Hiking",moderate,Excellent viewpoint overlooking the lower slopes of Mount Saipal with panoramic Himalayan scenery.
Kanda Lek,Bajhang,Sudurpashchim,3,8500,Ridge,"Camping, Trekking, Photography",moderate,High Himalayan ridge offering spectacular sunrise views and alpine grasslands.
Chhabis Pathibhera,Bajhang,Sudurpashchim,1,1800,Cultural Landscape,"Village Tour, Hiking",easy,"Traditional settlement known for terraced fields, local festivals and scenic mountain landscapes."
Dogadi Khola,Bajhang,Sudurpashchim,1,1500,River,"Photography, Fishing",easy,Small mountain river flowing through forests and peaceful rural settlements.
Thalara View Tower,Bajhang,Sudurpashchim,1,1500,Viewpoint,"Sunrise, Photography",easy,Hilltop observation point providing panoramic views of western Nepal.
Masta Cultural Village,Bajhang,Sudurpashchim,1,1600,Village,"Village Walk, Local Food",easy,"Traditional village preserving local customs, architecture and indigenous culture."
Surma Highland Trail,Bajhang,Sudurpashchim,4,9500,Trekking,"Camping, Hiking",difficult,Remote trekking trail through alpine forests and Himalayan meadows.
Bitthad Waterfall,Bajhang,Sudurpashchim,1,2200,Waterfall,"Photography, Hiking",easy,Beautiful seasonal waterfall surrounded by pine forests and rocky cliffs.
Bungal Heritage Village,Bajhang,Sudurpashchim,1,1500,Village,"Photography, Cultural Tour",easy,Historic settlement preserving traditional architecture and local customs.
Saipal Glacier View,Bajhang,Sudurpashchim,4,12000,Viewpoint,"Photography, Trekking",difficult,Remote viewpoint offering magnificent views of glaciers surrounding Mount Saipal.
Budhinanda Upper Valley,Bajura,Sudurpashchim,3,8200,Valley,"Camping, Hiking",moderate,"Upper Himalayan valley known for pristine rivers, forests and spectacular alpine scenery."
Himali Meadow,Bajura,Sudurpashchim,2,3500,Grassland,"Horse Riding, Photography",easy,Rolling alpine meadow covered with seasonal wildflowers and grazing livestock.
Kolti Scenic Point,Bajura,Sudurpashchim,1,1200,Viewpoint,"Photography, Sunset",easy,Popular viewpoint overlooking Kolti town and surrounding mountain landscapes.
Budhinanda Forest Camp,Bajura,Sudurpashchim,2,4500,Camp Site,"Camping, Bird Watching",moderate,Forest campsite surrounded by rhododendrons and Himalayan wildlife.
Gaumul Ridge,Bajura,Sudurpashchim,2,6500,Ridge,"Photography, Hiking",moderate,High ridge offering panoramic views of snow-capped peaks and alpine valleys.
Badimalika Forest Trail,Bajura,Sudurpashchim,2,3800,Forest,"Nature Walk, Hiking",easy,Forest trail leading through pine and rhododendron forests toward Badimalika.
Martadi Panorama Point,Bajura,Sudurpashchim,1,1200,Viewpoint,Photography,easy,Excellent viewpoint overlooking Martadi and surrounding Himalayan foothills.
Budhinanda Eco Trail,Bajura,Sudurpashchim,3,8500,Hiking Trail,"Camping, Hiking, Photography",moderate,"Eco-friendly trekking route through forests, rivers and alpine landscapes."
Himali Sunrise Point,Bajura,Sudurpashchim,1,3200,Viewpoint,"Sunrise, Photography",easy,Popular sunrise destination overlooking the far-western Himalayan ranges.
Badimalika Heritage Trail,Bajura,Sudurpashchim,2,5200,Historical,"Walking, Pilgrimage",moderate,Historic pilgrimage trail connecting traditional villages with the sacred Badimalika Temple.
Api Himal Panorama,Darchula,Sudurpashchim,2,6500,Viewpoint,"Photography, Trekking",moderate,"Spectacular viewpoint overlooking Mount Api, glaciers and surrounding Himalayan valleys."
Tinkar Pass,Darchula,Sudurpashchim,9,35000,Mountain Pass,"High-altitude Trekking, Camping",difficult,Historic Himalayan pass connecting Nepal with Tibet through remote alpine landscapes.
Chameliya Hydropower View,Darchula,Sudurpashchim,1,1200,Engineering Site,"Photography, Sightseeing",easy,Scenic viewpoint overlooking the Chameliya Hydropower Project and river gorge.
Latinath Temple,Darchula,Sudurpashchim,1,1000,Religious,"Temple Visit, Pilgrimage",easy,"Ancient temple dedicated to Lord Shiva, visited by devotees from far-western Nepal."
Duhun Valley,Darchula,Sudurpashchim,2,4500,Valley,"Photography, Hiking",moderate,"Quiet Himalayan valley featuring rivers, forests and traditional villages."
Byas Eco Trail,Darchula,Sudurpashchim,4,9500,Hiking Trail,"Camping, Trekking",difficult,Eco trekking trail passing through remote Byas villages and alpine landscapes.
Patan Hill View,Baitadi,Sudurpashchim,1,1500,Viewpoint,"Photography, Sunrise",easy,Beautiful hilltop viewpoint overlooking Patan municipality and surrounding valleys.
Surnaya Forest,Baitadi,Sudurpashchim,1,1800,Forest,"Bird Watching, Hiking",easy,Community forest rich in biodiversity with peaceful walking trails.
Pancheshwar Riverside,Baitadi,Sudurpashchim,1,2000,River,"Photography, Fishing",easy,Scenic riverside destination near the sacred Pancheshwar confluence.
Dilasaini Temple,Baitadi,Sudurpashchim,1,900,Religious,Temple Visit,easy,Popular temple surrounded by forests and traditional hill settlements.
Khodpe View Tower,Baitadi,Sudurpashchim,1,1800,Viewpoint,"Photography, Sunrise",easy,One of the finest viewpoints in Baitadi offering wide Himalayan panoramas.
Purchaudi Valley,Baitadi,Sudurpashchim,2,2200,Valley,"Village Tour, Photography",easy,Beautiful valley with traditional settlements and agricultural terraces.
Dogadakedar Forest,Baitadi,Sudurpashchim,1,1800,Forest,"Nature Walk, Bird Watching",easy,Protected hill forest famous for rhododendrons and native birdlife.
Melauli Bazaar,Baitadi,Sudurpashchim,1,1000,Urban,"Shopping, Local Food",easy,Historic market town serving surrounding hill communities.
Raulakel Meadow,Baitadi,Sudurpashchim,2,3200,Grassland,"Photography, Camping",moderate,Open hill meadow offering peaceful camping and panoramic scenery.
Naugad Riverside,Darchula,Sudurpashchim,2,3500,River,"Photography, Camping",moderate,Mountain river destination surrounded by forests and dramatic cliffs.
Byas Heritage Village,Darchula,Sudurpashchim,2,5500,Village,"Village Walk, Cultural Experience",moderate,Traditional Himalayan village preserving ancient Byasi culture and architecture.
Khalanga Sunset Point,Darchula,Sudurpashchim,1,1200,Viewpoint,"Sunset, Photography",easy,Popular sunset viewpoint overlooking Khalanga town and Mahakali River.
Mahakali Eco Park,Darchula,Sudurpashchim,1,1000,Park,"Walking, Photography",easy,Small eco-park beside the Mahakali River featuring gardens and walking paths.
Api Nampa Bird Trail,Darchula,Sudurpashchim,2,4800,Hiking Trail,"Bird Watching, Hiking",moderate,Nature trail inside the Api Nampa region known for Himalayan birds and alpine biodiversity.
Sacred Garden (Lumbini),Rupandehi,Lumbini,1,1656,Religious,"Temple visits, Prayer and meditation, Pilgrimage rituals, Photography",easy,"Sacred Garden (Lumbini) is a notable religious destination in Rupandehi district, part of Nepal's Lumbini Province. UNESCO World Heritage birthplace of Lord Buddha, showcasing the Maya Devi Temple, Ashokan Pillar, revered Pond, and a vast international monastic zone drawing pilgrims from across the globe. It is best visited during Oct-Apr and offers an easy experience well suited to families and casual travelers."
Maya Devi Temple,Rupandehi,Lumbini,1,2114,Religious,"Temple visits, Prayer and meditation, Pilgrimage rituals, Photography",easy,"Maya Devi Temple is a notable religious destination in Rupandehi district, part of Nepal's Lumbini Province. Most revered monument in Lumbini, built directly over the age-old marker stone indicating the exact birthplace of Lord Buddha, surrounded by archaeological excavations revealing Mauryan and pre-Mauryan remains. It is best visited during Oct-Apr and offers an easy experience well suited to families and casual travelers."
Ashoka Pillar,Rupandehi,Lumbini,1,3433,Religious,"Temple visits, Prayer and meditation, Pilgrimage rituals, Photography",easy,"Ashoka Pillar is a notable religious destination in Rupandehi district, part of Nepal's Lumbini Province. Erected by Emperor Ashoka during his pilgrimage to Lumbini in 249 BC, this carved sandstone pillar bears an inscription confirming the exact birthplace of the Buddha, making it one of the oldest dated records in South Asian history. It is best visited during Oct-Apr and offers an easy experience well suited to families and casual travelers."
World Peace Pagoda (Lumbini),Rupandehi,Lumbini,1,1322,Heritage,"Historical sightseeing, Museum visits, Photography, Guided heritage walks",easy,"World Peace Pagoda (Lumbini) is a notable heritage destination in Rupandehi district, part of Nepal's Lumbini Province. Brilliant white Japanese-style stupa rising above the Lumbini plain, built by the Nipponzan Myohoji Buddhist Order as a symbol of world peace, providing a serene focal point visible across the entire revered zone. It is best visited during Oct-Apr and offers an easy experience well suited to families and casual travelers."
Monastic Zone (Lumbini),Rupandehi,Lumbini,1,1308,Heritage,"Historical sightseeing, Museum visits, Photography, Guided heritage walks",easy,"Monastic Zone (Lumbini) is a notable heritage destination in Rupandehi district, part of Nepal's Lumbini Province. Meticulously planned zone showcasing over twenty monasteries built by Buddhist nations including China, Japan, Korea, Myanmar, Thailand, Vietnam, and Sri Lanka, each reflecting their unique architectural and spiritual traditions. It is best visited during Oct-Apr and offers an easy experience well suited to families and casual travelers."
Gautam Buddha International Airport,Rupandehi,Lumbini,2,2902,Urban,"Shopping, Local cuisine tasting, Sightseeing, Cultural exploration",easy,"Gautam Buddha International Airport is a notable urban destination in Rupandehi district, part of Nepal's Lumbini Province. Nepal's second international airport named after the Buddha, serving as the primary international entry point to Lumbini and facilitating direct pilgrimage flights from Buddhist nations across Asia and the world. It is best visited during Oct-Apr and offers an easy experience well suited to families and casual travelers."
Bhairahawa (Siddharthanagar),Rupandehi,Lumbini,1,5108,Urban,"Shopping, Local cuisine tasting, Sightseeing, Cultural exploration",easy,"Bhairahawa (Siddharthanagar) is a notable urban destination in Rupandehi district, part of Nepal's Lumbini Province. Major international border city and administrative capital of Rupandehi, functioning as the primary commercial and transit hub connecting the Lumbini pilgrimage circuit to India and showcasing vibrant bazaars and industrial corridors. It is best visited during Oct-Apr and offers an easy experience well suited to families and casual travelers."
Butwal,Rupandehi,Lumbini,2,3138,Urban,"Shopping, Local cuisine tasting, Sightseeing, Cultural exploration",easy,"Butwal is a notable urban destination in Rupandehi district, part of Nepal's Lumbini Province. One of the fastest-growing and most economically dynamic cities in western Nepal, positioned at the strategic confluence of the hills and plains where the Tinau River meets the Terai flatlands. It is best visited during Oct-Apr and offers an easy experience well suited to families and casual travelers."
Rani Mahal (Palpa - accessible from Rupandehi),Rupandehi,Lumbini,1,1618,Heritage,"Historical sightseeing, Museum visits, Photography, Guided heritage walks",easy,"Rani Mahal (Palpa - accessible from Rupandehi) is a notable heritage destination in Rupandehi district, part of Nepal's Lumbini Province. Often called the Taj Mahal of Nepal, this striking neoclassical riverside palace was built in the 19th century by Khadga Shumsher Rana in memory of his beloved queen, set dramatically on the edge of a vertical cliff above the Kaligandaki River. It is best visited during Oct-Apr and offers an easy experience well suited to families and casual travelers."
Jitgadh Fort,Rupandehi,Lumbini,1,2608,Heritage,"Historical sightseeing, Museum visits, Photography, Guided heritage walks",easy,"Jitgadh Fort is a notable heritage destination in Rupandehi district, part of Nepal's Lumbini Province. Historic fortification where Nepalese soldiers famously defeated advancing British forces during the 1814 Anglo-Nepal War, now partially reclaimed by jungle and serving as an emerging heritage tourism site with patriotic significance. It is best visited during Oct-Apr and offers an easy experience well suited to families and casual travelers."
Gajedi Taal,Rupandehi,Lumbini,1,2440,Lake,"Boating, Picnicking, Bird watching, Photography",easy,"Gajedi Taal is a notable lake destination in Rupandehi district, part of Nepal's Lumbini Province. Scenic natural lake surrounded by lush vegetation, popular among locals for boating, picnicking, and birdwatching, providing a peaceful natural escape just outside the urban bustle of Butwal. It is best visited during Oct-Apr and offers an easy experience well suited to families and casual travelers."
Hill Park (Butwal),Rupandehi,Lumbini,2,5397,Hill Station,"Sunrise viewing, Hiking, Photography, Camping",moderate,"Hill Park (Butwal) is a notable hill station destination in Rupandehi district, part of Nepal's Lumbini Province. Popular hilltop park overlooking the entire Butwal valley and surrounding plains, showcasing walking trails, temple shrines, and sweeping panoramic views of the Terai landscape transitioning into the foothills. It is best visited during Oct-Apr and offers a moderate experience well suited to families and casual travelers."
Tilottama Municipality Corridor,Rupandehi,Lumbini,1,4885,Urban,"Shopping, Local cuisine tasting, Sightseeing, Cultural exploration",easy,"Tilottama Municipality Corridor is a notable urban destination in Rupandehi district, part of Nepal's Lumbini Province. Rapidly expanding urban corridor between Butwal and Bhairahawa, now a major center for commerce, education, and manufacturing, symbolizing the transformation of the Terai into a modern economic powerhouse. It is best visited during Oct-Apr and offers an easy experience well suited to families and casual travelers."
Devdaha,Rupandehi,Lumbini,1,2385,Religious,"Temple visits, Prayer and meditation, Pilgrimage rituals, Photography",easy,"Devdaha is a notable religious destination in Rupandehi district, part of Nepal's Lumbini Province. Age-old royal city of the Koliya Kingdom and maternal home of Queen Mayadevi, the mother of Lord Buddha, showcasing significant archaeological sites and ruins that form a key part of the greater Lumbini pilgrimage circuit. It is best visited during Oct-Apr and offers an easy experience well suited to families and casual travelers."
Sainamaina Archaeological Site,Rupandehi,Lumbini,1,1613,Heritage,"Historical sightseeing, Museum visits, Photography, Guided heritage walks",easy,"Sainamaina Archaeological Site is a notable heritage destination in Rupandehi district, part of Nepal's Lumbini Province. Important archaeological zone revealing age-old stone sculptures, ruins, and artifacts from pre-Buddhist and early Buddhist periods, providing crucial evidence of the rich civilization that flourished in the Terai region thousands of years ago. It is best visited during Oct-Apr and offers an easy experience well suited to families and casual travelers."
Manimukunda Sen Park (Phulbari),Rupandehi,Lumbini,1,3516,Hill Station,"Sunrise viewing, Hiking, Photography, Camping",moderate,"Manimukunda Sen Park (Phulbari) is a notable hill station destination in Rupandehi district, part of Nepal's Lumbini Province. Historic winter palace grounds of the age-old Palpa kings, now transformed into a public park preserving the old garden layout and structures, providing a quiet retreat with layers of royal Palpali history embedded in its landscape. It is best visited during Oct-Apr and offers a moderate experience well suited to families and casual travelers."
Rupandehi-India Border (Sunauli),Rupandehi,Lumbini,1,4495,Urban,"Shopping, Local cuisine tasting, Sightseeing, Cultural exploration",easy,"Rupandehi-India Border (Sunauli) is a notable urban destination in Rupandehi district, part of Nepal's Lumbini Province. One of the busiest official land border crossings between Nepal and India, serving as the main entry and exit point for the millions of pilgrims, tourists, and traders who travel between Lumbini and Varanasi each year. It is best visited during Oct-Apr and offers an easy experience well suited to families and casual travelers."
Manigram,Rupandehi,Lumbini,1,2669,Urban,"Shopping, Local cuisine tasting, Sightseeing, Cultural exploration",easy,"Manigram is a notable urban destination in Rupandehi district, part of Nepal's Lumbini Province. Fast-growing commercial suburb strategically located along the East-West Highway between Butwal and Bhairahawa, serving as a key node in the logistics and manufacturing economy of the Rupandehi industrial corridor. It is best visited during Oct-Apr and offers an easy experience well suited to families and casual travelers."
Tamakoshi River (Tinau River Corridor),Rupandehi,Lumbini,1,2528,Nature,"Nature walks, Bird watching, Photography, Picnicking",easy,"Tamakoshi River (Tinau River Corridor) is a notable nature destination in Rupandehi district, part of Nepal's Lumbini Province. Tinau River flowing through Butwal and across the Rupandehi plains embodies the lifeline of this district, supporting agriculture, local ecology, and traditional Tharu fishing communities who have lived along its banks for centuries. It is best visited during Oct-Apr and offers an easy experience well suited to families and casual travelers."
Saljhandi (Rupandehi),Rupandehi,Lumbini,1,1331,Cultural,"Village walks, Cultural performances, Local cuisine tasting, Homestay experience",easy,"Saljhandi (Rupandehi) is a notable cultural destination in Rupandehi district, part of Nepal's Lumbini Province. Traditional Tharu heartland village area in southern Rupandehi showcasing classic elongated communal houses, rich oral folklore traditions, and a deeply rooted agricultural lifestyle that has sustained the indigenous Tharu people for generations. It is best visited during Oct-Apr and offers an easy experience well suited to families and casual travelers."
Lumbini Crane Sanctuary,Rupandehi,Lumbini,1,1471,Nature,"Nature walks, Bird watching, Photography, Picnicking",easy,"Lumbini Crane Sanctuary is a notable nature destination in Rupandehi district, part of Nepal's Lumbini Province. Designated protected area within the Lumbini Development Zone safeguarding the critically threatened Sarus Crane, the world's tallest flying bird, within the same revered landscape where the Buddha was born, making it a unique convergence of ecology and spirituality. It is best visited during Oct-Apr and offers an easy experience well suited to families and casual travelers."
Rohini River,Rupandehi,Lumbini,1,2488,Nature,"Nature walks, Bird watching, Photography, Picnicking",easy,"Rohini River is a notable nature destination in Rupandehi district, part of Nepal's Lumbini Province. Historically and spiritually significant river mentioned in Buddhist scriptures as marking the age-old border between the Shakya and Koliya kingdoms, whose waters were the subject of a well-known water dispute resolved by the young Siddhartha Gautama. It is best visited during Oct-Apr and offers an easy experience well suited to families and casual travelers."
Japanese Buddhist Temple (Lumbini),Rupandehi,Lumbini,1,3079,Religious,"Temple visits, Prayer and meditation, Pilgrimage rituals, Photography",easy,"Japanese Buddhist Temple (Lumbini) is a notable religious destination in Rupandehi district, part of Nepal's Lumbini Province. One of the most architecturally striking monuments in the Lumbini Monastic Zone, the Japanese temple features exquisite traditional Japanese Buddhist architecture and extensive Zen meditation gardens maintained by Japanese monks. It is best visited during Oct-Apr and offers an easy experience well suited to families and casual travelers."
Korean Buddhist Temple (Lumbini),Rupandehi,Lumbini,1,3499,Heritage,"Historical sightseeing, Museum visits, Photography, Guided heritage walks",easy,"Korean Buddhist Temple (Lumbini) is a notable heritage destination in Rupandehi district, part of Nepal's Lumbini Province. Impressive temple in the Lumbini east monastic zone built in traditional Korean wooden architecture style, operated by the Jogye Order of Korean Buddhism and showcasing ornate paintings, golden Buddha statues, and beautifully maintained lotus-filled reflecting pools. It is best visited during Oct-Apr and offers an easy experience well suited to families and casual travelers."
Chinese Buddhist Temple (Lumbini),Rupandehi,Lumbini,1,2835,Heritage,"Historical sightseeing, Museum visits, Photography, Guided heritage walks",easy,"Chinese Buddhist Temple (Lumbini) is a notable heritage destination in Rupandehi district, part of Nepal's Lumbini Province. Grand Chinese-style Buddhist temple showcasing classic red lacquered pillars, golden roof tiles, and intricate dragon sculptures, built by the Chinese Buddhist Association as a powerful symbol of China's deep historical reverence for Lord Buddha's birthplace. It is best visited during Oct-Apr and offers an easy experience well suited to families and casual travelers."
Myanmar Buddhist Temple (Lumbini),Rupandehi,Lumbini,1,3221,Heritage,"Historical sightseeing, Museum visits, Photography, Guided heritage walks",easy,"Myanmar Buddhist Temple (Lumbini) is a notable heritage destination in Rupandehi district, part of Nepal's Lumbini Province. Gleaming white stupa and temple complex built in the distinctive Burmese pagoda architectural style, representing the strong Theravada Buddhist tradition of Myanmar and providing pilgrims a spiritual experience of Burmese Buddhist devotion at the Buddha's very birthplace. It is best visited during Oct-Apr and offers an easy experience well suited to families and casual travelers."
Sri Lankan Buddhist Temple (Lumbini),Rupandehi,Lumbini,1,1649,Religious,"Temple visits, Prayer and meditation, Pilgrimage rituals, Photography",easy,"Sri Lankan Buddhist Temple (Lumbini) is a notable religious destination in Rupandehi district, part of Nepal's Lumbini Province. Sri Lankan temple in Lumbini's east monastic zone embodies the island nation's 2,500-year-old Theravada Buddhist tradition and serves as a place of worship for Sri Lankan pilgrims visiting the birthplace of the religion that has shaped their entire national identity and culture. It is best visited during Oct-Apr and offers an easy experience well suited to families and casual travelers."
Lumbini Museum,Rupandehi,Lumbini,1,2929,Heritage,"Historical sightseeing, Museum visits, Photography, Guided heritage walks",easy,"Lumbini Museum is a notable heritage destination in Rupandehi district, part of Nepal's Lumbini Province. Central museum of the Lumbini Development Zone housing an impressive collection of age-old sculptures, coins, excavated artifacts, and historical documents that narrate the rich story of Buddhism's origin and the revered history of this remarkable pilgrimage site. It is best visited during Oct-Apr and offers an easy experience well suited to families and casual travelers."
Lumbini Research Institute,Rupandehi,Lumbini,1,3117,Religious,"Temple visits, Prayer and meditation, Pilgrimage rituals, Photography",easy,"Lumbini Research Institute is a notable religious destination in Rupandehi district, part of Nepal's Lumbini Province. Internationally recognized academic institution dedicated to the scholarly study of Buddhism, Pali literature, Buddhist philosophy, and the archaeology of the Lumbini region, attracting monks, scholars, and researchers from across Asia and the world. It is best visited during Oct-Apr and offers an easy experience well suited to families and casual travelers."
Eternal Peace Flame (Lumbini),Rupandehi,Lumbini,1,1669,Religious,"Temple visits, Prayer and meditation, Pilgrimage rituals, Photography",easy,"Eternal Peace Flame (Lumbini) is a notable religious destination in Rupandehi district, part of Nepal's Lumbini Province. Ceremonial eternal flame burning at the heart of the Lumbini revered Garden, symbolizing the undying light of the Dharma and serving as a powerful focal point for evening meditation ceremonies, particularly moving during the full moon festival nights. It is best visited during Oct-Apr and offers an easy experience well suited to families and casual travelers."
Kotahimai Rural Area,Rupandehi,Lumbini,1,2593,Cultural,"Village walks, Cultural performances, Local cuisine tasting, Homestay experience",easy,"Kotahimai Rural Area is a notable cultural destination in Rupandehi district, part of Nepal's Lumbini Province. Quiet agricultural zone in southern Rupandehi near the Indian border, characterized by vast paddy fields, Tharu homesteads, and the gentle rhythm of traditional farming life that has shaped this corner of the Terai plains for hundreds of years. It is best visited during Oct-Apr and offers an easy experience well suited to families and casual travelers."
Mayadevi Rural Municipality Corridor,Rupandehi,Lumbini,1,3058,Cultural,"Village walks, Cultural performances, Local cuisine tasting, Homestay experience",easy,"Mayadevi Rural Municipality Corridor is a notable cultural destination in Rupandehi district, part of Nepal's Lumbini Province. Rural municipality named in honor of the mother of Buddha, encompassing villages that form a living cultural buffer zone around the revered Lumbini perimeter, maintaining traditional land use patterns and hosting small temples and shrines in every settlement. It is best visited during Oct-Apr and offers an easy experience well suited to families and casual travelers."
Omsatiya Village,Rupandehi,Lumbini,1,3250,Cultural,"Village walks, Cultural performances, Local cuisine tasting, Homestay experience",easy,"Omsatiya Village is a notable cultural destination in Rupandehi district, part of Nepal's Lumbini Province. Traditional village in the Omsatiya Rural Municipality, known for its revered bathing ghats, active temple community, and the preservation of age-old Vedic practices including elaborate seasonal festivals and religious ceremonies. It is best visited during Oct-Apr and offers an easy experience well suited to families and casual travelers."
Siyari Village Corridor,Rupandehi,Lumbini,1,2422,Cultural,"Village walks, Cultural performances, Local cuisine tasting, Homestay experience",easy,"Siyari Village Corridor is a notable cultural destination in Rupandehi district, part of Nepal's Lumbini Province. Traditional Tharu settlement in southern Rupandehi showcasing the classic elongated communal architecture of the indigenous Tharu people, surrounded by remnant Dhak forests and agricultural land that sustains their largely self-sufficient traditional way of life. It is best visited during Oct-Apr and offers an easy experience well suited to families and casual travelers."
Suddhodhan Rural Fields (Rupandehi),Rupandehi,Lumbini,1,1826,Cultural,"Village walks, Cultural performances, Local cuisine tasting, Homestay experience",easy,"Suddhodhan Rural Fields (Rupandehi) is a notable cultural destination in Rupandehi district, part of Nepal's Lumbini Province. Named after King Suddhodhan, the father of Lord Buddha, this rural municipality in northern Rupandehi features rolling agricultural landscapes that in winter bloom with golden mustard flowers, with a clear view of the Himalayan foothills forming a striking backdrop. It is best visited during Oct-Apr and offers an easy experience well suited to families and casual travelers."
Kanchan River Wetlands,Rupandehi,Lumbini,1,3372,Nature,"Nature walks, Bird watching, Photography, Picnicking",easy,"Kanchan River Wetlands is a notable nature destination in Rupandehi district, part of Nepal's Lumbini Province. Natural wetland corridor along the Kanchan river system in Rupandehi, serving as a critical habitat for resident and migratory waterbirds and representing an important ecological corridor connecting the southern Terai to the buffer zones of the Himalayan foothills. It is best visited during Oct-Apr and offers an easy experience well suited to families and casual travelers."
Tilaurakot,Kapilvastu,Lumbini,1,1279,Heritage,"Historical sightseeing, Museum visits, Photography, Guided heritage walks",easy,"Tilaurakot is a notable heritage destination in Kapilvastu district, part of Nepal's Lumbini Province. Age-old walled capital of the Shakya Kingdom where Prince Siddhartha Gautama spent the first 29 years of his life as a prince, showcasing excavated palace foundations, city gates, age-old moats, and museum collections of Mauryan-era artifacts. It is best visited during Oct-Apr and offers an easy experience well suited to families and casual travelers."
Kudan (Nyigrodharama),Kapilvastu,Lumbini,1,2459,Religious,"Temple visits, Prayer and meditation, Pilgrimage rituals, Photography",easy,"Kudan (Nyigrodharama) is a notable religious destination in Kapilvastu district, part of Nepal's Lumbini Province. Site of the age-old Nyigrodharama monastery where the enlightened Buddha returned to meet his father King Suddhodhan after years of absence, regarded as one of the most emotionally significant places in the entire Lumbini pilgrimage circuit. It is best visited during Oct-Apr and offers an easy experience well suited to families and casual travelers."
Gotihawa,Kapilvastu,Lumbini,1,1550,Religious,"Temple visits, Prayer and meditation, Pilgrimage rituals, Photography",easy,"Gotihawa is a notable religious destination in Kapilvastu district, part of Nepal's Lumbini Province. Age-old birthplace of Kakusandha Buddha, the first of the seven Buddhas of antiquity, marked by a fragmented but historically priceless Ashokan pillar with inscriptions confirming this revered status, attracting scholarly pilgrims from across the Buddhist world. It is best visited during Oct-Apr and offers an easy experience well suited to families and casual travelers."
Niglihawa,Kapilvastu,Lumbini,1,3381,Religious,"Temple visits, Prayer and meditation, Pilgrimage rituals, Photography",easy,"Niglihawa is a notable religious destination in Kapilvastu district, part of Nepal's Lumbini Province. Age-old birthplace of Kanakamuni Buddha, the second of the seven Buddhas of antiquity, showcasing a badly weathered but deeply significant Ashokan pillar with inscriptions recognized by the government of India and international Buddhist scholars as authentic proof. It is best visited during Oct-Apr and offers an easy experience well suited to families and casual travelers."
Sagarhawa,Kapilvastu,Lumbini,1,3451,Religious,"Temple visits, Prayer and meditation, Pilgrimage rituals, Photography",easy,"Sagarhawa is a notable religious destination in Kapilvastu district, part of Nepal's Lumbini Province. Deeply sobering site of the massacre of the Shakya clan ordered by Virudhaka of Kosala, where thousands of the Buddha's kinspeople were killed, now a quiet memorial site surrounded by fields that retains an atmosphere of historical grief and spiritual weight. It is best visited during Oct-Apr and offers an easy experience well suited to families and casual travelers."
Jagadishpur Reservoir,Kapilvastu,Lumbini,1,2067,Nature,"Nature walks, Bird watching, Photography, Picnicking",easy,"Jagadishpur Reservoir is a notable nature destination in Kapilvastu district, part of Nepal's Lumbini Province. Nepal's largest man-made reservoir and a globally recognized Ramsar wetland site, providing critical habitat for over 160 species of migratory and resident waterbirds including Bar-headed Geese, and supporting local fishing communities who depend on its vast waters. It is best visited during Oct-Apr and offers an easy experience well suited to families and casual travelers."
Shivagadhi Fort,Kapilvastu,Lumbini,1,2023,Heritage,"Historical sightseeing, Museum visits, Photography, Guided heritage walks",easy,"Shivagadhi Fort is a notable heritage destination in Kapilvastu district, part of Nepal's Lumbini Province. Age-old hilltop fortification situated on the northern Chure range above the Kapilvastu plains, providing commanding views of the entire district and serving as a testament to the military history of the age-old kingdoms that controlled this strategically vital region. It is best visited during Oct-Apr and offers an easy experience well suited to families and casual travelers."
Taulihawa,Kapilvastu,Lumbini,1,2729,Heritage,"Historical sightseeing, Museum visits, Photography, Guided heritage walks",easy,"Taulihawa is a notable heritage destination in Kapilvastu district, part of Nepal's Lumbini Province. Historic administrative headquarters of Kapilvastu district, showcasing a vibrant traditional bazaar, multi-religious temples, and a rich streetscape that reflects the long cultural history of this age-old region at the heart of the Buddha's ancestral homeland. It is best visited during Oct-Apr and offers an easy experience well suited to families and casual travelers."
Krishnanagar Border Town,Kapilvastu,Lumbini,1,3015,Urban,"Shopping, Local cuisine tasting, Sightseeing, Cultural exploration",easy,"Krishnanagar Border Town is a notable urban destination in Kapilvastu district, part of Nepal's Lumbini Province. One of the busiest official trade border crossings between Nepal and India in the western Terai, Krishnanagar serves as a vital commercial corridor supporting local economies on both sides of the border through daily cross-border trade, transit, and cultural exchange. It is best visited during Oct-Apr and offers an easy experience well suited to families and casual travelers."
Piprahwa (Indian Side - accessible via Kapilvastu),Kapilvastu,Lumbini,1,3468,Religious,"Temple visits, Prayer and meditation, Pilgrimage rituals, Photography",easy,"Piprahwa (Indian Side - accessible via Kapilvastu) is a notable religious destination in Kapilvastu district, part of Nepal's Lumbini Province. Just across the border from Kapilvastu, Piprahwa is recognized as the site of the original Shakya clan stupa built over the remains of the Buddha, with excavations having revealed age-old relic caskets bearing inscriptions claiming to contain the ashes of the enlightened. It is best visited during Oct-Apr and offers an easy experience well suited to families and casual travelers."
Binayi Tribeni,Kapilvastu,Lumbini,1,1490,Religious,"Temple visits, Prayer and meditation, Pilgrimage rituals, Photography",easy,"Binayi Tribeni is a notable religious destination in Kapilvastu district, part of Nepal's Lumbini Province. Revered confluence of rivers in Kapilvastu where pilgrims gather for ritual bathing during major Hindu festivals, the site showcasing age-old temples, ghats, and a deeply devotional atmosphere that connects the Hindu heritage of the region with its age-old revered geography. It is best visited during Oct-Apr and offers an easy experience well suited to families and casual travelers."
Kapilvastu Museum,Kapilvastu,Lumbini,1,1476,Heritage,"Historical sightseeing, Museum visits, Photography, Guided heritage walks",easy,"Kapilvastu Museum is a notable heritage destination in Kapilvastu district, part of Nepal's Lumbini Province. Regional archaeological museum in Taulihawa housing an excellent collection of sculptures, terracotta figurines, coins, and excavated objects from the age-old Shakya period, providing crucial material evidence of the civilization that produced the Buddha's royal family. It is best visited during Oct-Apr and offers an easy experience well suited to families and casual travelers."
Chanauta,Kapilvastu,Lumbini,1,3140,Urban,"Shopping, Local cuisine tasting, Sightseeing, Cultural exploration",easy,"Chanauta is a notable urban destination in Kapilvastu district, part of Nepal's Lumbini Province. Rapidly growing western commercial town along the East-West Highway, emerging as a key logistics and trade node that connects the agricultural hinterland of western Kapilvastu to the broader highway economy of the Lumbini Province corridor. It is best visited during Oct-Apr and offers an easy experience well suited to families and casual travelers."
Banganga River,Kapilvastu,Lumbini,1,1741,Nature,"Nature walks, Bird watching, Photography, Picnicking",easy,"Banganga River is a notable nature destination in Kapilvastu district, part of Nepal's Lumbini Province. Primary river system flowing through Kapilvastu, its floodplains sustaining the agricultural economy of the district while its riparian forests provide habitat for wildlife and its waters support the traditional fishing practices of Tharu communities settled along its banks. It is best visited during Oct-Apr and offers an easy experience well suited to families and casual travelers."
Paderia Rural Area (Kapilvastu),Kapilvastu,Lumbini,1,3136,Cultural,"Village walks, Cultural performances, Local cuisine tasting, Homestay experience",easy,"Paderia Rural Area (Kapilvastu) is a notable cultural destination in Kapilvastu district, part of Nepal's Lumbini Province. Rural forested corridor in northern Kapilvastu near the Chure foothills, characterized by dense sal forests, traditional Tharu villages, and a landscape that would have been recognizable to the age-old Shakya hunters and forest-dwellers of 2,500 years ago. It is best visited during Oct-Apr and offers an easy experience well suited to families and casual travelers."
Kapilvastu-Dang Highway Corridor,Kapilvastu,Lumbini,1,2386,Hill Station,"Sunrise viewing, Hiking, Photography, Camping",moderate,"Kapilvastu-Dang Highway Corridor is a notable hill station destination in Kapilvastu district, part of Nepal's Lumbini Province. Scenic highway corridor connecting Kapilvastu to the Dang valley through the lower foothills, providing travelers changing landscapes from Terai flatlands through the gentle Chure range with periodic views of distant Himalayan peaks on clear winter mornings. It is best visited during Oct-Apr and offers a moderate experience well suited to families and casual travelers."
Mayadevi Rural Municipality (Kapilvastu),Kapilvastu,Lumbini,1,2934,Cultural,"Village walks, Cultural performances, Local cuisine tasting, Homestay experience",easy,"Mayadevi Rural Municipality (Kapilvastu) is a notable cultural destination in Kapilvastu district, part of Nepal's Lumbini Province. Named in honor of the Buddha's mother, this rural municipality in Kapilvastu forms the southern boundary of the age-old Shakya cultural zone, with villages that retain oral traditions, revered groves, and small shrines connected to the broader Lumbini pilgrimage heritage. It is best visited during Oct-Apr and offers an easy experience well suited to families and casual travelers."
Yasodhara Heritage Village,Kapilvastu,Lumbini,1,1603,Religious,"Temple visits, Prayer and meditation, Pilgrimage rituals, Photography",easy,"Yasodhara Heritage Village is a notable religious destination in Kapilvastu district, part of Nepal's Lumbini Province. Named after Princess Yasodhara, the beloved wife of Prince Siddhartha Gautama, this heritage area embodies the female side of the Buddhist royal story, honoring a woman who chose a monastic path and became one of the first bhikkhunis in Buddhist history. It is best visited during Oct-Apr and offers an easy experience well suited to families and casual travelers."
Bijayanagar (Kapilvastu),Kapilvastu,Lumbini,1,1647,Cultural,"Village walks, Cultural performances, Local cuisine tasting, Homestay experience",easy,"Bijayanagar (Kapilvastu) is a notable cultural destination in Kapilvastu district, part of Nepal's Lumbini Province. Rural municipality in eastern Kapilvastu characterized by broad agricultural plains, traditional village markets, and a mixed community of Tharu, Brahmin, and Chhetri inhabitants whose ancestors have farmed this age-old landscape for many generations. It is best visited during Oct-Apr and offers an easy experience well suited to families and casual travelers."
Ganeshpur Border Area,Kapilvastu,Lumbini,1,3037,Cultural,"Village walks, Cultural performances, Local cuisine tasting, Homestay experience",easy,"Ganeshpur Border Area is a notable cultural destination in Kapilvastu district, part of Nepal's Lumbini Province. Southern border area in Kapilvastu characterized by wetland landscapes shared with India, traditional Tharu villages straddling the international boundary, and the daily cross-border life of communities whose ancestral territory predates the drawing of modern national borders. It is best visited during Oct-Apr and offers an easy experience well suited to families and casual travelers."
Gorusinghe Junction (Kapilvastu),Kapilvastu,Lumbini,2,3023,Urban,"Shopping, Local cuisine tasting, Sightseeing, Cultural exploration",easy,"Gorusinghe Junction (Kapilvastu) is a notable urban destination in Kapilvastu district, part of Nepal's Lumbini Province. Crucial highway junction in Kapilvastu where the East-West Highway meets the road heading north into the hills, functioning as a major transit point for thousands of vehicles, traders, and pilgrims daily as they move between eastern and western Nepal. It is best visited during Oct-Apr and offers an easy experience well suited to families and casual travelers."
Pakadi Market Hub,Kapilvastu,Lumbini,1,3454,Cultural,"Village walks, Cultural performances, Local cuisine tasting, Homestay experience",easy,"Pakadi Market Hub is a notable cultural destination in Kapilvastu district, part of Nepal's Lumbini Province. Traditional weekly market hub in central Kapilvastu where farmers from surrounding villages gather to trade agricultural produce, handicrafts, and goods, maintaining the centuries-old economic rhythms of rural market culture in the Terai. It is best visited during Oct-Apr and offers an easy experience well suited to families and casual travelers."
Kapilvastu Botanical Corridor,Kapilvastu,Lumbini,1,1260,Nature,"Nature walks, Bird watching, Photography, Picnicking",easy,"Kapilvastu Botanical Corridor is a notable nature destination in Kapilvastu district, part of Nepal's Lumbini Province. Protected forest corridor in northern Kapilvastu connecting the Chure hills to the plains, home to diverse birdlife and mammals, maintained in part because of the Buddhist reverence for nature that permeates the cultural consciousness of this land where the Buddha was born. It is best visited during Oct-Apr and offers an easy experience well suited to families and casual travelers."
Chandrauta Bazar,Kapilvastu,Lumbini,1,3664,Urban,"Shopping, Local cuisine tasting, Sightseeing, Cultural exploration",easy,"Chandrauta Bazar is a notable urban destination in Kapilvastu district, part of Nepal's Lumbini Province. Major transport and accommodation hub along the main highway corridor in Kapilvastu, serving as the primary overnight stop and service center for truck drivers, bus passengers, and pilgrims traveling through this age-old district on their way to or from the Lumbini revered zone. It is best visited during Oct-Apr and offers an easy experience well suited to families and casual travelers."
Shakya Kingdom Archaeological Zone,Kapilvastu,Lumbini,1,2842,Heritage,"Historical sightseeing, Museum visits, Photography, Guided heritage walks",easy,"Shakya Kingdom Archaeological Zone is a notable heritage destination in Kapilvastu district, part of Nepal's Lumbini Province. Broader archaeological zone encompassing multiple excavation sites across Kapilvastu that together paint a comprehensive picture of the age-old Shakya Kingdom, the clan that produced Siddhartha Gautama and whose civilization directly shaped the origins of Buddhism. It is best visited during Oct-Apr and offers an easy experience well suited to families and casual travelers."
Rohini River Source (Kapilvastu),Kapilvastu,Lumbini,1,1208,Nature,"Nature walks, Bird watching, Photography, Picnicking",easy,"Rohini River Source (Kapilvastu) is a notable nature destination in Kapilvastu district, part of Nepal's Lumbini Province. Upper source of the Rohini River in the northern hills above Kapilvastu, the same river that served as the age-old boundary between the Shakya and Koliya kingdoms and whose water rights dispute was historically mediated by the young Prince Siddhartha himself. It is best visited during Oct-Apr and offers an easy experience well suited to families and casual travelers."
Karjanha Rural Municipality,Kapilvastu,Lumbini,1,3063,Cultural,"Village walks, Cultural performances, Local cuisine tasting, Homestay experience",easy,"Karjanha Rural Municipality is a notable cultural destination in Kapilvastu district, part of Nepal's Lumbini Province. Rural municipality in northern Kapilvastu where the flat Terai plains begin transitioning into the gentle folds of the Chure foothills, characterized by a landscape of mixed farming, traditional homesteads, and communities that bridge the cultural worlds of the plains and the hills. It is best visited during Oct-Apr and offers an easy experience well suited to families and casual travelers."
Niglihawa Forest Reserve,Kapilvastu,Lumbini,1,1834,Nature,"Nature walks, Bird watching, Photography, Picnicking",easy,"Niglihawa Forest Reserve is a notable nature destination in Kapilvastu district, part of Nepal's Lumbini Province. Protected forest zone surrounding the age-old Niglihawa pillar site, managed to preserve both the ecological integrity of the landscape and the historical sanctity of this revered space where the Buddha once walked and where his age-old pillar still stands. It is best visited during Oct-Apr and offers an easy experience well suited to families and casual travelers."
Maharajgunj (Kapilvastu),Kapilvastu,Lumbini,1,5063,Urban,"Shopping, Local cuisine tasting, Sightseeing, Cultural exploration",easy,"Maharajgunj (Kapilvastu) is a notable urban destination in Kapilvastu district, part of Nepal's Lumbini Province. Growing municipal center in southern Kapilvastu named with a reference to the age-old maharaja tradition of this royal district, today functioning as a busy commercial town serving the agricultural hinterland and providing services to communities across the southern part of the district. It is best visited during Oct-Apr and offers an easy experience well suited to families and casual travelers."
Shivaraj Municipality Hills,Kapilvastu,Lumbini,1,2232,Hill Station,"Sunrise viewing, Hiking, Photography, Camping",moderate,"Shivaraj Municipality Hills is a notable hill station destination in Kapilvastu district, part of Nepal's Lumbini Province. Northern portion of Kapilvastu rising into the Chure foothills, encompassing the Shivaraj Municipality whose elevated terrain offers panoramic views over the entire Kapilvastu plains, with Shiva temples on hilltops that have been active pilgrimage sites for centuries. It is best visited during Oct-Apr and offers a moderate experience well suited to families and casual travelers."
Buddhabhumi Area,Kapilvastu,Lumbini,1,1480,Religious,"Temple visits, Prayer and meditation, Pilgrimage rituals, Photography",easy,"Buddhabhumi Area is a notable religious destination in Kapilvastu district, part of Nepal's Lumbini Province. Municipality and broader area in Kapilvastu that bears the direct name of the Land of the Buddha, encompassing territory that formed part of the age-old Shakya Kingdom's agricultural core and today embodies the living Buddhist heritage landscape of this remarkable district. It is best visited during Oct-Apr and offers an easy experience well suited to families and casual travelers."
Kapilvastu-Rupandehi Pilgrimage Circuit,Kapilvastu,Lumbini,1,2853,Religious,"Temple visits, Prayer and meditation, Pilgrimage rituals, Photography",easy,"Kapilvastu-Rupandehi Pilgrimage Circuit is a notable religious destination in Kapilvastu district, part of Nepal's Lumbini Province. Interconnected pilgrimage trail linking the major revered sites of both Kapilvastu and Rupandehi districts, from the birthplace in Lumbini to the age-old capital Tilaurakot, forming a complete experiential journey through the physical geography of the Buddha's early life. It is best visited during Oct-Apr and offers an easy experience well suited to families and casual travelers."
Tharu Cultural Village (Kapilvastu),Kapilvastu,Lumbini,1,1362,Cultural,"Village walks, Cultural performances, Local cuisine tasting, Homestay experience",easy,"Tharu Cultural Village (Kapilvastu) is a notable cultural destination in Kapilvastu district, part of Nepal's Lumbini Province. Traditional Tharu village settlement in Kapilvastu where the indigenous Tharu people maintain their centuries-old architectural traditions of elongated communal longhouses, their distinctive artistic traditions including wall paintings, and their rich oral literature of songs and folklore. It is best visited during Oct-Apr and offers an easy experience well suited to families and casual travelers."
Ancient Kapilvastu City Walls,Kapilvastu,Lumbini,1,2495,Heritage,"Historical sightseeing, Museum visits, Photography, Guided heritage walks",easy,"Ancient Kapilvastu City Walls is a notable heritage destination in Kapilvastu district, part of Nepal's Lumbini Province. Excavated remains of the age-old defensive earthen walls and moat system that once surrounded the capital city of Kapilvastu, providing tangible evidence of the sophisticated urban planning and defensive architecture employed by the Shakya Kingdom at the height of its power. It is best visited during Oct-Apr and offers an easy experience well suited to families and casual travelers."
Banganga Municipality Center,Kapilvastu,Lumbini,1,3087,Urban,"Shopping, Local cuisine tasting, Sightseeing, Cultural exploration",easy,"Banganga Municipality Center is a notable urban destination in Kapilvastu district, part of Nepal's Lumbini Province. Administrative center of Banganga Municipality in Kapilvastu, a growing urban settlement that serves as the commercial and social heart of the central district, connecting the age-old pilgrimage sites of the north to the border trade zones of the south. It is best visited during Oct-Apr and offers an easy experience well suited to families and casual travelers."
Ramgram Stupa,Nawalparasi West,Lumbini,1,3072,Religious,"Temple visits, Prayer and meditation, Pilgrimage rituals, Photography",easy,"Ramgram Stupa is a notable religious destination in Nawalparasi West district, part of Nepal's Lumbini Province. Only undisturbed and original stupa in the world still containing the authentic bodily relics of Lord Buddha, protected by a storied serpent king (Naga) according to Buddhist scripture, making this perhaps the most spiritually charged and physically authentic Buddhist monument on Earth. It is best visited during Oct-Apr and offers an easy experience well suited to families and casual travelers."
Triveni Dham,Nawalparasi West,Lumbini,1,1497,Religious,"Temple visits, Prayer and meditation, Pilgrimage rituals, Photography",easy,"Triveni Dham is a notable religious destination in Nawalparasi West district, part of Nepal's Lumbini Province. Supremely revered Hindu pilgrimage site at the confluence of the Narayani, Sona, and Tamasa rivers, where hundreds of thousands of devotees gather during major Hindu festivals for ritual bathing, believed to cleanse all sins and ensure liberation from the cycle of rebirth. It is best visited during Oct-Apr and offers an easy experience well suited to families and casual travelers."
Valmiki Ashram Area,Nawalparasi West,Lumbini,1,1609,Religious,"Temple visits, Prayer and meditation, Pilgrimage rituals, Photography",easy,"Valmiki Ashram Area is a notable religious destination in Nawalparasi West district, part of Nepal's Lumbini Province. Storied forest hermitage associated with the age-old sage Valmiki, the author of the epic Ramayana, accessible via Triveni and believed to be where Sita took refuge and where the twins Luv and Kush were born, representing one of the most significant sites in the entire. It is best visited during Oct-Apr and offers an easy experience well suited to families and casual travelers."
Parasi (Ramgram Municipality),Nawalparasi West,Lumbini,2,2542,Urban,"Shopping, Local cuisine tasting, Sightseeing, Cultural exploration",easy,"Parasi (Ramgram Municipality) is a notable urban destination in Nawalparasi West district, part of Nepal's Lumbini Province. Administrative capital of Nawalparasi West, a growing provincial hub that combines modern governmental functions with the traditional Terai market culture, serving as the central service and commercial node for communities across this fertile agricultural district. It is best visited during Oct-Apr and offers an easy experience well suited to families and casual travelers."
Bardaghat,Nawalparasi West,Lumbini,1,3513,Urban,"Shopping, Local cuisine tasting, Sightseeing, Cultural exploration",easy,"Bardaghat is a notable urban destination in Nawalparasi West district, part of Nepal's Lumbini Province. Key economic center along the East-West Highway in Nawalparasi West, home to cement factories, sugar mills, and agricultural processing units that form the industrial backbone of the district and make it one of the most economically productive corridors of the western Terai. It is best visited during Oct-Apr and offers an easy experience well suited to families and casual travelers."
Sunwal Industrial Zone,Nawalparasi West,Lumbini,2,4505,Urban,"Shopping, Local cuisine tasting, Sightseeing, Cultural exploration",easy,"Sunwal Industrial Zone is a notable urban destination in Nawalparasi West district, part of Nepal's Lumbini Province. Primary industrial zone of Nawalparasi West, hosting major cement and sugar manufacturing facilities that transform local agricultural raw materials and limestone deposits into processed goods, making this one of the most economically significant industrial corridors of western Nepal. It is best visited during Oct-Apr and offers an easy experience well suited to families and casual travelers."
Narayani River Corridor,Nawalparasi West,Lumbini,1,1232,Nature,"Nature walks, Bird watching, Photography, Picnicking",easy,"Narayani River Corridor is a notable nature destination in Nawalparasi West district, part of Nepal's Lumbini Province. Mighty Narayani River flowing through the heart of the district, one of the largest rivers in Nepal, supporting diverse ecosystems including Gangetic river dolphins and marsh mugger crocodiles while its vast sandy beaches and braided channels define the district's entire geographical character. It is best visited during Oct-Apr and offers an easy experience well suited to families and casual travelers."
Susta Border Enclave,Nawalparasi West,Lumbini,1,1624,Religious,"Temple visits, Prayer and meditation, Pilgrimage rituals, Photography",easy,"Susta Border Enclave is a notable religious destination in Nawalparasi West district, part of Nepal's Lumbini Province. Geographically isolated and geopolitically significant border enclave surrounded on three sides by India due to river course changes, inhabited by communities who have maintained their Nepali identity despite their precarious geographic position, making this one of the most unique territorial curiosities in South Asia. It is best visited during Oct-Apr and offers an easy experience well suited to families and casual travelers."
Pratappur Village Area,Nawalparasi West,Lumbini,1,1672,Cultural,"Village walks, Cultural performances, Local cuisine tasting, Homestay experience",easy,"Pratappur Village Area is a notable cultural destination in Nawalparasi West district, part of Nepal's Lumbini Province. Rural municipality in Nawalparasi West characterized by the broad fertile plains of the central Terai, where Tharu and Brahmin communities have practiced intensive rice and sugarcane farming for generations, maintaining the agricultural traditions and social structures of the western Terai. It is best visited during Oct-Apr and offers an easy experience well suited to families and casual travelers."
Sarawal Rural Landscape,Nawalparasi West,Lumbini,1,2315,Cultural,"Village walks, Cultural performances, Local cuisine tasting, Homestay experience",easy,"Sarawal Rural Landscape is a notable cultural destination in Nawalparasi West district, part of Nepal's Lumbini Province. Rural municipality in southern Nawalparasi West where the flat agricultural plains meet the forested edges of the Chure hills, inhabited by traditional Tharu communities whose villages, festivals, and farming practices reflect centuries of adaptation to the seasonal rhythms of the Terai landscape. It is best visited during Oct-Apr and offers an easy experience well suited to families and casual travelers."
Maheshpur Border Area,Nawalparasi West,Lumbini,1,4815,Urban,"Shopping, Local cuisine tasting, Sightseeing, Cultural exploration",easy,"Maheshpur Border Area is a notable urban destination in Nawalparasi West district, part of Nepal's Lumbini Province. Growing customs and border trade point in southern Nawalparasi West serving as a secondary commercial crossing with India, facilitating agricultural trade, livestock trade, and the movement of goods between the Nepalese Terai and the adjacent Indian states of Uttar Pradesh. It is best visited during Oct-Apr and offers an easy experience well suited to families and casual travelers."
Bhumahi Junction,Nawalparasi West,Lumbini,2,3028,Urban,"Shopping, Local cuisine tasting, Sightseeing, Cultural exploration",easy,"Bhumahi Junction is a notable urban destination in Nawalparasi West district, part of Nepal's Lumbini Province. Vital transport intersection on the East-West Highway where multiple routes diverge toward different destinations in Nawalparasi West and beyond, functioning as a critical node in the road network that connects the district to Lumbini, Chitwan, and the broader western Terai corridor. It is best visited during Oct-Apr and offers an easy experience well suited to families and casual travelers."
Palhinandan Village Area,Nawalparasi West,Lumbini,1,1578,Cultural,"Village walks, Cultural performances, Local cuisine tasting, Homestay experience",easy,"Palhinandan Village Area is a notable cultural destination in Nawalparasi West district, part of Nepal's Lumbini Province. Rural municipality in Nawalparasi West characterized by the deep agricultural landscapes of the inner Terai, where families have farmed the same river-fed plains for generations and maintain the traditional social structures and seasonal festival cycles of the Terai farming calendar. It is best visited during Oct-Apr and offers an easy experience well suited to families and casual travelers."
Nawalpur Forest Reserve (West),Nawalparasi West,Lumbini,1,1380,Nature,"Nature walks, Bird watching, Photography, Picnicking",easy,"Nawalpur Forest Reserve (West) is a notable nature destination in Nawalparasi West district, part of Nepal's Lumbini Province. Network of community-managed forests in Nawalparasi West representing the successful application of Nepal's pioneering community forestry model, where local communities protect and sustainably manage their forested resources while benefiting from non-timber forest products and eco-tourism revenues. It is best visited during Oct-Apr and offers an easy experience well suited to families and casual travelers."
Triveni Nature Walk Corridor,Nawalparasi West,Lumbini,1,2272,Nature,"Nature walks, Bird watching, Photography, Picnicking",easy,"Triveni Nature Walk Corridor is a notable nature destination in Nawalparasi West district, part of Nepal's Lumbini Province. Scenic nature walking route along the revered rivers near Triveni that combines the spiritual experience of the revered confluence with close encounters with the riverine forest ecosystem, providing birdwatching opportunities, seasonal wildflower displays, and views of the confluence from multiple vantage points. It is best visited during Oct-Apr and offers an easy experience well suited to families and casual travelers."
Baba Bardagore Temple,Nawalparasi West,Lumbini,1,3497,Religious,"Temple visits, Prayer and meditation, Pilgrimage rituals, Photography",easy,"Baba Bardagore Temple is a notable religious destination in Nawalparasi West district, part of Nepal's Lumbini Province. Highly revered ethnic Tharu spiritual site in Nawalparasi West where the community's shamanic religious practices, deeply rooted in nature worship and ancestor veneration, are maintained by traditional priests whose ritual knowledge has been passed down through unbroken oral lineages for centuries. It is best visited during Oct-Apr and offers an easy experience well suited to families and casual travelers."
Narayani Riverbank Recreation Zone,Nawalparasi West,Lumbini,1,1810,Nature,"Nature walks, Bird watching, Photography, Picnicking",easy,"Narayani Riverbank Recreation Zone is a notable nature destination in Nawalparasi West district, part of Nepal's Lumbini Province. Developing recreational zone along the impressive sandy beaches of the Narayani River in Nawalparasi West, where local communities have begun developing boat rides, riverside camping, and nature experiences that showcase the remarkable scale and natural beauty of this great Himalayan river. It is best visited during Oct-Apr and offers an easy experience well suited to families and casual travelers."
Devghat (Nawalparasi approach),Nawalparasi West,Lumbini,1,3463,Religious,"Temple visits, Prayer and meditation, Pilgrimage rituals, Photography",easy,"Devghat (Nawalparasi approach) is a notable religious destination in Nawalparasi West district, part of Nepal's Lumbini Province. Revered site near the convergence of the Kali Gandaki and Trishuli rivers, where elderly Hindus from across Nepal come to spend their final years in spiritual preparation for death in the company of sadhus and monks, creating one of the most unique communities of spiritual. It is best visited during Oct-Apr and offers an easy experience well suited to families and casual travelers."
Ramgram Municipality Heritage Zone,Nawalparasi West,Lumbini,1,2462,Heritage,"Historical sightseeing, Museum visits, Photography, Guided heritage walks",easy,"Ramgram Municipality Heritage Zone is a notable heritage destination in Nawalparasi West district, part of Nepal's Lumbini Province. Broader heritage zone encompassing the Ramgram Municipality, including the Ramgram Stupa and surrounding areas that formed part of the age-old Koliya Kingdom, the clan of Yasodhara and the maternal relatives of the Buddha who built the original stupa over his relics. It is best visited during Oct-Apr and offers an easy experience well suited to families and casual travelers."
Western Terai Wetlands (Nawalparasi),Nawalparasi West,Lumbini,1,2665,Nature,"Nature walks, Bird watching, Photography, Picnicking",easy,"Western Terai Wetlands (Nawalparasi) is a notable nature destination in Nawalparasi West district, part of Nepal's Lumbini Province. Seasonal wetland systems of Nawalparasi West that flood each monsoon to create temporary but extraordinarily productive ecosystems, supporting massive flocks of migratory waterbirds and sustaining the traditional fishing economies of the Tharu communities who have read and lived with these seasonal flood cycles for. It is best visited during Oct-Apr and offers an easy experience well suited to families and casual travelers."
Sunwal Riverfront Area,Nawalparasi West,Lumbini,2,5195,Hill Station,"Sunrise viewing, Hiking, Photography, Camping",moderate,"Sunwal Riverfront Area is a notable hill station destination in Nawalparasi West district, part of Nepal's Lumbini Province. Riverfront areas near Sunwal providing scenic views across the Narayani River system, with clear winter views reaching north toward the Himalayan foothills, where industrial infrastructure and natural beauty coexist as characteristic features of this dynamic transitional district. It is best visited during Oct-Apr and offers a moderate experience well suited to families and casual travelers."
Triveni Hydropower Approach Corridor,Nawalparasi West,Lumbini,1,5791,Hill Station,"Sunrise viewing, Hiking, Photography, Camping",moderate,"Triveni Hydropower Approach Corridor is a notable hill station destination in Nawalparasi West district, part of Nepal's Lumbini Province. Scenic approach corridor to the Triveni area where the great rivers descend from the mountains to the plains, showcasing dramatic landscape changes from the narrow gorges of the hills to the broad braided channels of the Terai, making this one of the most. It is best visited during Oct-Apr and offers a moderate experience well suited to families and casual travelers."
Nawalparasi Organic Farm Belt,Nawalparasi West,Lumbini,1,1925,Cultural,"Village walks, Cultural performances, Local cuisine tasting, Homestay experience",easy,"Nawalparasi Organic Farm Belt is a notable cultural destination in Nawalparasi West district, part of Nepal's Lumbini Province. Developing organic agriculture zone in Nawalparasi West where farming cooperatives have established model organic vegetable and fruit production systems, attracting agro-tourism visitors and serving as a demonstration of how traditional Terai farming can be modernized sustainably. It is best visited during Oct-Apr and offers an easy experience well suited to families and casual travelers."
Rampur Village Cluster (Nawalparasi),Nawalparasi West,Lumbini,1,2560,Cultural,"Village walks, Cultural performances, Local cuisine tasting, Homestay experience",easy,"Rampur Village Cluster (Nawalparasi) is a notable cultural destination in Nawalparasi West district, part of Nepal's Lumbini Province. Cluster of traditional villages in Nawalparasi West centered around the Rampur area, where communities of Tharu, Brahmin, and Chhetri households maintain the age-old patterns of village life including communal resource management, traditional architecture, and the rich cycle of seasonal religious festivals. It is best visited during Oct-Apr and offers an easy experience well suited to families and casual travelers."
East-West Highway Terai Viewpoint (Nawalparasi),Nawalparasi West,Lumbini,2,2652,Hill Station,"Sunrise viewing, Hiking, Photography, Camping",moderate,"East-West Highway Terai Viewpoint (Nawalparasi) is a notable hill station destination in Nawalparasi West district, part of Nepal's Lumbini Province. Scenic viewpoint along the East-West Highway in Nawalparasi West where the road offers some of the most dramatic and unobstructed panoramic views of the Himalayan range rising above the flat Terai plains, particularly dramatic on clear winter mornings. It is best visited during Oct-Apr and offers a moderate experience well suited to families and casual travelers."
Nawalparasi West Bird Watching Sites,Nawalparasi West,Lumbini,1,1358,Nature,"Nature walks, Bird watching, Photography, Picnicking",easy,"Nawalparasi West Bird Watching Sites is a notable nature destination in Nawalparasi West district, part of Nepal's Lumbini Province. Network of excellent birdwatching sites across Nawalparasi West including the Jagadishpur area and river corridors, collectively hosting over 300 species of birds including globally threatened species, making this one of the finest birding destinations in the entire Terai arc. It is best visited during Oct-Apr and offers an easy experience well suited to families and casual travelers."
Narayani Wildlife Corridor,Nawalparasi West,Lumbini,1,3085,Nature,"Nature walks, Bird watching, Photography, Picnicking",easy,"Narayani Wildlife Corridor is a notable nature destination in Nawalparasi West district, part of Nepal's Lumbini Province. Critical wildlife corridor along the Narayani River connecting the protected areas of Chitwan National Park to the west with the forests of Nawalparasi West, providing essential movement pathways for tigers, rhinos, elephants, and the iconic Gangetic river dolphin. It is best visited during Oct-Apr and offers an easy experience well suited to families and casual travelers."
Sunauli Cultural Gateway,Nawalparasi West,Lumbini,1,4703,Urban,"Shopping, Local cuisine tasting, Sightseeing, Cultural exploration",easy,"Sunauli Cultural Gateway is a notable urban destination in Nawalparasi West district, part of Nepal's Lumbini Province. Cultural gateway area near the Nepal-India border in the Nawalparasi West corridor, where the cultural influences of the Nepalese Terai and the adjacent Indian state of Uttar Pradesh blend seamlessly in language, music, food, religious practice, and daily life. It is best visited during Oct-Apr and offers an easy experience well suited to families and casual travelers."
Gorakshanath Temple (Chaughera),Dang,Lumbini,1,1484,Religious,"Temple visits, Prayer and meditation, Pilgrimage rituals, Photography",easy,"Gorakshanath Temple (Chaughera) is a notable religious destination in Dang district, part of Nepal's Lumbini Province. Historic and deeply revered monastery complex of the Gorakshanath Kanphata Yogi sect, established by the storied saint Ratannath, showcasing age-old temple structures, revered fire pits, and communities of ear-splitting yogis whose tradition of meditation and asceticism dates back over 800 years. It is best visited during Oct-Apr and offers an easy experience well suited to families and casual travelers."
Dharapani Temple Dang (Pandaveshwar Mahadev),Dang,Lumbini,1,3286,Religious,"Temple visits, Prayer and meditation, Pilgrimage rituals, Photography",easy,"Dharapani Temple Dang (Pandaveshwar Mahadev) is a notable religious destination in Dang district, part of Nepal's Lumbini Province. Home to the Pandaveshwar Mahadev temple showcasing the tallest metallic Trishul (trident) in all of Asia, this complex draws massive crowds during Mahashivaratri when devotees walk barefoot from across the region to offer prayers and witness the remarkable scale of this revered symbol. It is best visited during Oct-Apr and offers an easy experience well suited to families and casual travelers."
Jakhera Taal,Dang,Lumbini,1,3423,Lake,"Boating, Picnicking, Bird watching, Photography",easy,"Jakhera Taal is a notable lake destination in Dang district, part of Nepal's Lumbini Province. Serene natural lake surrounded by lush sal forests in the Dang valley, showcasing boating facilities, nature trails, and picnic grounds that have made it one of the most popular eco-tourism destinations in the inner-Terai region of western Nepal. It is best visited during Oct-Apr and offers an easy experience well suited to families and casual travelers."
Ghorahi Sub-Metropolitan City,Dang,Lumbini,2,2156,Urban,"Shopping, Local cuisine tasting, Sightseeing, Cultural exploration",easy,"Ghorahi Sub-Metropolitan City is a notable urban destination in Dang district, part of Nepal's Lumbini Province. Largest and most commercially dynamic city in Dang district and a major regional center for trade, education, and administration in mid-western Nepal, serving as the economic engine of the entire inner-Terai corridor between the eastern and western mid-hills. It is best visited during Oct-Apr and offers an easy experience well suited to families and casual travelers."
Tulsipur Sub-Metropolitan City,Dang,Lumbini,2,3787,Urban,"Shopping, Local cuisine tasting, Sightseeing, Cultural exploration",easy,"Tulsipur Sub-Metropolitan City is a notable urban destination in Dang district, part of Nepal's Lumbini Province. Major transport and commercial hub in Dang that hosts the district's domestic airport, functioning as the primary aerial gateway to the entire mid-western Nepal region and serving as the main services center for travelers, traders, and government officials. It is best visited during Oct-Apr and offers an easy experience well suited to families and casual travelers."
Baraha Chhetra Temple (Babai River),Dang,Lumbini,1,2777,Religious,"Temple visits, Prayer and meditation, Pilgrimage rituals, Photography",easy,"Baraha Chhetra Temple (Babai River) is a notable religious destination in Dang district, part of Nepal's Lumbini Province. Age-old religious site dedicated to Lord Vishnu located on the revered banks of the Babai River, drawing Hindu pilgrims who come to bathe in the river's holy waters and worship at the temple during major Hindu festivals and auspicious dates. It is best visited during Oct-Apr and offers an easy experience well suited to families and casual travelers."
Purandhara Waterfall,Dang,Lumbini,1,1290,Waterfall,"Nature walks, Photography, Picnicking, Short hikes",moderate,"Purandhara Waterfall is a notable waterfall destination in Dang district, part of Nepal's Lumbini Province. Scenic natural cascade waterfall on the western fringes of the Dang valley where a mountain stream plunges dramatically through a forested hillside, creating a popular natural attraction for residents of Ghorahi and Tulsipur seeking scenic escapes from the valley towns. It is best visited during Oct-Apr and offers a moderate experience well suited to families and casual travelers."
Sukaurakot Archaeological Site,Dang,Lumbini,1,3405,Heritage,"Historical sightseeing, Museum visits, Photography, Guided heritage walks",easy,"Sukaurakot Archaeological Site is a notable heritage destination in Dang district, part of Nepal's Lumbini Province. Archaeological site containing the ruins of an age-old Tharu palace and settlement, representing the sophisticated pre-modern political organization of the indigenous Tharu people who governed the Dang inner-Terai valley long before the arrival of hill migrations. It is best visited during Oct-Apr and offers an easy experience well suited to families and casual travelers."
Dang Inner Valley (Deukhuri Landscape),Dang,Lumbini,2,3766,Hill Station,"Sunrise viewing, Hiking, Photography, Camping",moderate,"Dang Inner Valley (Deukhuri Landscape) is a notable hill station destination in Dang district, part of Nepal's Lumbini Province. Impressive inner-Terai valley of Dang, described as the largest of its kind in Asia, characterized by a broad bowl of agricultural land ringed by forested ridges and sal forest, creating an extraordinarily picturesque landscape that has supported a sophisticated Tharu agricultural civilization for. It is best visited during Oct-Apr and offers a moderate experience well suited to families and casual travelers."
Bhalubang (Provincial Capital Site),Dang,Lumbini,2,4717,Urban,"Shopping, Local cuisine tasting, Sightseeing, Cultural exploration",easy,"Bhalubang (Provincial Capital Site) is a notable urban destination in Dang district, part of Nepal's Lumbini Province. Designated site for the permanent provincial capital of Lumbini Province, currently under active development with major government buildings, infrastructure projects, and institutional facilities transforming this location from a small town into a planned modern provincial capital. It is best visited during Oct-Apr and offers an easy experience well suited to families and casual travelers."
Lamahi Commercial Town,Dang,Lumbini,2,4731,Urban,"Shopping, Local cuisine tasting, Sightseeing, Cultural exploration",easy,"Lamahi Commercial Town is a notable urban destination in Dang district, part of Nepal's Lumbini Province. Prominent commercial town in the Deukhuri sub-valley of Dang, serving as the economic hub of this fertile agricultural basin and functioning as the main services center for farming communities across the lower Deukhuri valley's rice and sugarcane growing region. It is best visited during Oct-Apr and offers an easy experience well suited to families and casual travelers."
Dang-Rapti River Corridor,Dang,Lumbini,1,3470,Nature,"Nature walks, Bird watching, Photography, Picnicking",easy,"Dang-Rapti River Corridor is a notable nature destination in Dang district, part of Nepal's Lumbini Province. Rapti River corridor defining the northern boundary of Dang district, showcasing scenic sandy beaches, riverside forests, and serving as the primary water source for the valley's agriculture while supporting populations of river dolphins, crocodiles, and diverse waterbirds. It is best visited during Oct-Apr and offers an easy experience well suited to families and casual travelers."
Banke-Dang Forest Corridor,Dang,Lumbini,3,20702,National Park,"Jungle safari, Wildlife viewing, Bird watching, Jeep or canoe rides",moderate,"Banke-Dang Forest Corridor is a notable national park destination in Dang district, part of Nepal's Lumbini Province. Important forested corridor connecting Dang to the adjacent Banke National Park tiger reserve, providing critical movement routes for tigers, leopards, elephants, and other large mammals as they migrate between the protected areas of the inner-Terai region. It is best visited during Oct-Mar and offers a moderate experience well suited to families and casual travelers."
Koilabas Historic Border Town,Dang,Lumbini,1,3444,Heritage,"Historical sightseeing, Museum visits, Photography, Guided heritage walks",easy,"Koilabas Historic Border Town is a notable heritage destination in Dang district, part of Nepal's Lumbini Province. Age-old border trade town that once served as the primary gateway connecting the inner-Terai of Dang to the hills of Rolpa and Pyuthan, maintaining the memory of centuries of inter-regional trade routes through which hill produce, handicrafts, and goods flowed between the plains and the. It is best visited during Oct-Apr and offers an easy experience well suited to families and casual travelers."
Tharu Cultural Museum (Dang),Dang,Lumbini,1,2060,Cultural,"Village walks, Cultural performances, Local cuisine tasting, Homestay experience",easy,"Tharu Cultural Museum (Dang) is a notable cultural destination in Dang district, part of Nepal's Lumbini Province. Community museum in Dang celebrating and preserving the remarkable cultural heritage of the indigenous Tharu people, showcasing traditional architectural models, household artifacts, hunting and fishing implements, distinctive Tharu jewelry, and recordings of oral literature and folk music traditions. It is best visited during Oct-Apr and offers an easy experience well suited to families and casual travelers."
Shantinagar Community Area,Dang,Lumbini,1,2519,Cultural,"Village walks, Cultural performances, Local cuisine tasting, Homestay experience",easy,"Shantinagar Community Area is a notable cultural destination in Dang district, part of Nepal's Lumbini Province. Rural municipality in Dang that exemplifies the peaceful agricultural community life of the inner-Terai, where diverse communities of Tharu, Brahmin, Chhetri, and other groups have established stable farming settlements connected by a shared engagement with the valley's fertile land. It is best visited during Oct-Apr and offers an easy experience well suited to families and casual travelers."
Babai River Wildlife Zone,Dang,Lumbini,1,3293,Nature,"Nature walks, Bird watching, Photography, Picnicking",easy,"Babai River Wildlife Zone is a notable nature destination in Dang district, part of Nepal's Lumbini Province. Upper Babai River valley in northern Dang where the river flows from the Chure hills through pristine grasslands supporting wild swamp deer, leopards, and diverse birdlife, representing an important buffer zone connecting Dang to the core wilderness of Bardiya National Park. It is best visited during Oct-Apr and offers an easy experience well suited to families and casual travelers."
Dang Valley Sunset Viewpoint,Dang,Lumbini,1,3162,Hill Station,"Sunrise viewing, Hiking, Photography, Camping",moderate,"Dang Valley Sunset Viewpoint is a notable hill station destination in Dang district, part of Nepal's Lumbini Province. Hilltop viewpoint above the Dang valley providing what many consider one of the most dramatic valley panoramas in all of mid-western Nepal, particularly magical at sunset when the golden light sweeps across the vast agricultural patchwork of the inner-Terai bowl and silhouettes the distant. It is best visited during Oct-Apr and offers a moderate experience well suited to families and casual travelers."
Gadhawa Rural Settlement,Dang,Lumbini,1,2162,Cultural,"Village walks, Cultural performances, Local cuisine tasting, Homestay experience",easy,"Gadhawa Rural Settlement is a notable cultural destination in Dang district, part of Nepal's Lumbini Province. Traditional rural municipality in Dang characterized by classic Tharu longhouse settlements surrounded by their communal agricultural fields, maintained communal forests, and seasonal wetlands, representing the most authentic and traditional form of Tharu land use and community organization. It is best visited during Oct-Apr and offers an easy experience well suited to families and casual travelers."
Dang Rapti Valley Organic Farms,Dang,Lumbini,1,1803,Cultural,"Village walks, Cultural performances, Local cuisine tasting, Homestay experience",easy,"Dang Rapti Valley Organic Farms is a notable cultural destination in Dang district, part of Nepal's Lumbini Province. Emerging organic farming zone in the Rapti Valley corridor of Dang where cooperatives of local farmers have transitioned to chemical-free agriculture, producing high-quality organic rice, vegetables, and fruits while developing agro-tourism experiences that showcase traditional and innovative farming practices. It is best visited during Oct-Apr and offers an easy experience well suited to families and casual travelers."
Dangisharan Forest Heritage Area,Dang,Lumbini,1,1498,Nature,"Nature walks, Bird watching, Photography, Picnicking",easy,"Dangisharan Forest Heritage Area is a notable nature destination in Dang district, part of Nepal's Lumbini Province. Protected forest zone in the Dangisharan rural municipality of Dang where the indigenous Tharu people have maintained traditional forest management practices for generations, including the sustainable harvest of medicinal plants, non-timber forest products, and the protection of revered trees and groves. It is best visited during Oct-Apr and offers an easy experience well suited to families and casual travelers."
Rapti River Rafting Corridor (Dang),Dang,Lumbini,6,30199,Trekking,"Trekking, Camping, Mountain photography, Village homestay",difficult,"Rapti River Rafting Corridor (Dang) is a notable trekking destination in Dang district, part of Nepal's Lumbini Province. Developing whitewater rafting and river adventure corridor along the Rapti River in Dang, where the river's seasonal variation between the calm crystal waters of winter and the powerful rapids of the monsoon creates different but equally exciting rafting experiences for adventure tourists. It is best visited during Oct-Apr and offers a difficult experience well suited to experienced or adventurous travelers."
Narayanpur Education Hub (Dang),Dang,Lumbini,1,5075,Urban,"Shopping, Local cuisine tasting, Sightseeing, Cultural exploration",easy,"Narayanpur Education Hub (Dang) is a notable urban destination in Dang district, part of Nepal's Lumbini Province. Growing educational and service suburb between Ghorahi and Tulsipur in Dang that has emerged as a center for higher education institutions, government offices, and youth culture, representing the increasing urbanization and modernization of this major inner-Terai district. It is best visited during Oct-Apr and offers an easy experience well suited to families and casual travelers."
Rari Traditional Settlement,Dang,Lumbini,1,2941,Cultural,"Village walks, Cultural performances, Local cuisine tasting, Homestay experience",easy,"Rari Traditional Settlement is a notable cultural destination in Dang district, part of Nepal's Lumbini Province. Traditional hill settlement in the Deukhuri sub-valley of Dang where communities maintain the blend of hill and plains cultural traditions unique to this inner-Terai zone, preserving folk art forms, architectural styles, and oral traditions that reflect the meeting of multiple cultural streams. It is best visited during Oct-Apr and offers an easy experience well suited to families and casual travelers."
Bangalachuli Forest Reserve,Dang,Lumbini,1,3102,Nature,"Nature walks, Bird watching, Photography, Picnicking",easy,"Bangalachuli Forest Reserve is a notable nature destination in Dang district, part of Nepal's Lumbini Province. Community-managed forest reserve on the hillsides overlooking the Dang valley, successfully protecting a vital watershed and wildlife habitat through Nepal's community forestry model, while providing sustainable livelihood benefits to hundreds of households through regulated forest product harvesting. It is best visited during Oct-Apr and offers an easy experience well suited to families and casual travelers."
Dang Valley Heritage Trail,Dang,Lumbini,1,3069,Heritage,"Historical sightseeing, Museum visits, Photography, Guided heritage walks",easy,"Dang Valley Heritage Trail is a notable heritage destination in Dang district, part of Nepal's Lumbini Province. Designated heritage walking trail connecting the key historical and cultural sites of the Dang valley, linking age-old Tharu settlement mounds, historical temples, traditional villages, and cultural landmarks into a coherent experiential narrative of this remarkable inner-Terai civilization. It is best visited during Oct-Apr and offers an easy experience well suited to families and casual travelers."
Rajpur Rural Area (Dang),Dang,Lumbini,1,3489,Cultural,"Village walks, Cultural performances, Local cuisine tasting, Homestay experience",easy,"Rajpur Rural Area (Dang) is a notable cultural destination in Dang district, part of Nepal's Lumbini Province. Rural municipality in southern Dang representing the classic Tharu inner-Terai landscape of wide agricultural fields, seasonal ponds, communal sal forests, and traditional elongated longhouse villages where the indigenous Tharu people maintain their distinctive cultural identity and way of life. It is best visited during Oct-Apr and offers an easy experience well suited to families and casual travelers."
Sunchhari Riverside Village,Dang,Lumbini,1,3267,Cultural,"Village walks, Cultural performances, Local cuisine tasting, Homestay experience",easy,"Sunchhari Riverside Village is a notable cultural destination in Dang district, part of Nepal's Lumbini Province. Rural municipality in Dang situated along a river valley corridor in the forested fringes of the district, where communities have developed a distinctive lifestyle shaped by their proximity to both forested highlands and the valley's agricultural plains. It is best visited during Oct-Apr and offers an easy experience well suited to families and casual travelers."
Dang Airstrip (Tulsipur Airport) Approach,Dang,Lumbini,1,5046,Urban,"Shopping, Local cuisine tasting, Sightseeing, Cultural exploration",easy,"Dang Airstrip (Tulsipur Airport) Approach is a notable urban destination in Dang district, part of Nepal's Lumbini Province. Tulsipur domestic airport serving as the primary aerial gateway to the entire mid-western inner-Terai region, its approach providing remarkable views over the vast Dang valley from the air as aircraft descend through the ring of surrounding hills into the broad agricultural bowl below. It is best visited during Oct-Apr and offers an easy experience well suited to families and casual travelers."
Dang District Traditional Craft Market,Dang,Lumbini,1,2212,Cultural,"Village walks, Cultural performances, Local cuisine tasting, Homestay experience",easy,"Dang District Traditional Craft Market is a notable cultural destination in Dang district, part of Nepal's Lumbini Province. Vibrant market in Dang where Tharu artisans display and sell their distinctive handicrafts including hand-painted Tharu pottery, traditional bamboo baskets, distinctive clothing with geometric embroidery, and ritual objects that reflect the sophisticated artistic traditions of the Tharu indigenous community. It is best visited during Oct-Apr and offers an easy experience well suited to families and casual travelers."
Lungri Forest Village,Dang,Lumbini,1,3335,Nature,"Nature walks, Bird watching, Photography, Picnicking",easy,"Lungri Forest Village is a notable nature destination in Dang district, part of Nepal's Lumbini Province. Remote rural municipality in the forested fringes of Dang where communities live at the interface of forest and agricultural land, maintaining traditional relationships with the forest ecosystem including shamanic healing practices, forest worship, and sustainable hunting and gathering traditions. It is best visited during Oct-Apr and offers an easy experience well suited to families and casual travelers."
Gangadev Sacred Area (Dang),Dang,Lumbini,1,3001,Religious,"Temple visits, Prayer and meditation, Pilgrimage rituals, Photography",easy,"Gangadev Sacred Area (Dang) is a notable religious destination in Dang district, part of Nepal's Lumbini Province. Revered area in Dang dedicated to the worship of Ganga Devi, where the community's agricultural cycle, health rituals, and social ceremonies are organized around the religious calendar of this important local deity, maintaining a living tradition of nature-connected Hindu spirituality. It is best visited during Oct-Apr and offers an easy experience well suited to families and casual travelers."
Banke National Park,Banke,Lumbini,3,26005,National Park,"Jungle safari, Wildlife viewing, Bird watching, Jeep or canoe rides",moderate,"Banke National Park is a notable national park destination in Banke district, part of Nepal's Lumbini Province. Protected tiger conservation area in Banke, contiguous with the larger Bardiya National Park, showcasing dense sal forests and tall grasslands that shelter Bengal tigers, one-horned rhinos, wild elephants, and hundreds of bird species in one of the most biodiverse landscapes remaining in western Nepal. It is best visited during Oct-Mar and offers a moderate experience well suited to families and casual travelers."
Bageshwori Temple (Nepalgunj),Banke,Lumbini,1,1766,Religious,"Temple visits, Prayer and meditation, Pilgrimage rituals, Photography",easy,"Bageshwori Temple (Nepalgunj) is a notable religious destination in Banke district, part of Nepal's Lumbini Province. One of the oldest and most revered Hindu temples in Nepal dedicated to Goddess Durga, showcasing a rare and unusual statute of Lord Shiva adorned with a mustache, drawing devotees from across mid-western Nepal and India who believe the goddess here grants wishes with remarkable. It is best visited during Oct-Apr and offers an easy experience well suited to families and casual travelers."
Nepalgunj Sub-Metropolitan City,Banke,Lumbini,1,4893,Urban,"Shopping, Local cuisine tasting, Sightseeing, Cultural exploration",easy,"Nepalgunj Sub-Metropolitan City is a notable urban destination in Banke district, part of Nepal's Lumbini Province. Historical sub-metropolitan city and primary economic hub of mid-western Nepal, whose unique character reflects its position as a crossroads city where Hindu, Muslim, Tharu, Pahadi, and diverse Indian-origin communities have coexisted in a vibrant commercial and cultural melting pot for over a century. It is best visited during Oct-Apr and offers an easy experience well suited to families and casual travelers."
Kohalpur Junction City,Banke,Lumbini,2,4222,Urban,"Shopping, Local cuisine tasting, Sightseeing, Cultural exploration",easy,"Kohalpur Junction City is a notable urban destination in Banke district, part of Nepal's Lumbini Province. Vital highway junction city where the east-west and north-south highway axes intersect, making Kohalpur the most strategically important transport node in the entire mid-western Nepal region, with its commercial strips, fuel stations, hotels, and service industries catering to the massive volume of transit traffic. It is best visited during Oct-Apr and offers an easy experience well suited to families and casual travelers."
Jamunaha Border Point,Banke,Lumbini,2,3595,Urban,"Shopping, Local cuisine tasting, Sightseeing, Cultural exploration",easy,"Jamunaha Border Point is a notable urban destination in Banke district, part of Nepal's Lumbini Province. Critical border entry point linking Nepalgunj to Rupaidiha in India, functioning as one of the most important commercial border crossings in the entire western region, facilitating daily trade flows, pilgrimage tourism, and the movement of goods between mid-western Nepal and the adjacent Indian states. It is best visited during Oct-Apr and offers an easy experience well suited to families and casual travelers."
Mahendra Park & Mini Zoo (Nepalgunj),Banke,Lumbini,1,1280,Nature,"Nature walks, Bird watching, Photography, Picnicking",easy,"Mahendra Park & Mini Zoo (Nepalgunj) is a notable nature destination in Banke district, part of Nepal's Lumbini Province. Popular urban recreation park in the heart of Nepalgunj showcasing a small zoo with native wildlife species, gardens, playgrounds, and cultural event spaces that provide a green lung and social gathering place for the dense urban population of this commercial border city. It is best visited during Oct-Apr and offers an easy experience well suited to families and casual travelers."
Water Park (Nepalgunj),Banke,Lumbini,2,2024,Urban,"Shopping, Local cuisine tasting, Sightseeing, Cultural exploration",easy,"Water Park (Nepalgunj) is a notable urban destination in Banke district, part of Nepal's Lumbini Province. Newly developed man-made lake and urban recreation facility in Nepalgunj, showcasing boating, water activities, landscaped promenades, and food outlets that have created a modern leisure destination for the city's growing urban middle class. It is best visited during Oct-Apr and offers an easy experience well suited to families and casual travelers."
Khajura Agricultural Research Hub,Banke,Lumbini,1,2916,Cultural,"Village walks, Cultural performances, Local cuisine tasting, Homestay experience",easy,"Khajura Agricultural Research Hub is a notable cultural destination in Banke district, part of Nepal's Lumbini Province. Major agricultural research center in Khajura studying and promoting improved farming techniques for the Terai region, working with local farming communities to develop higher-yield, drought-resistant, and climate-adaptive crop varieties suited to the ecological conditions of the western Terai. It is best visited during Oct-Apr and offers an easy experience well suited to families and casual travelers."
Nepalgunj Old Market (Surkhet Bazaar),Banke,Lumbini,1,2103,Heritage,"Historical sightseeing, Museum visits, Photography, Guided heritage walks",easy,"Nepalgunj Old Market (Surkhet Bazaar) is a notable heritage destination in Banke district, part of Nepal's Lumbini Province. Historic old market district of Nepalgunj where traditional shop-houses built in an architectural style reflecting the city's multi-cultural heritage line narrow streets filled with the sounds, smells, and sights of centuries of continuous commercial activity at this mid-western crossroads. It is best visited during Oct-Apr and offers an easy experience well suited to families and casual travelers."
Banke-Bardiya Forest Belt,Banke,Lumbini,3,15951,National Park,"Jungle safari, Wildlife viewing, Bird watching, Jeep or canoe rides",moderate,"Banke-Bardiya Forest Belt is a notable national park destination in Banke district, part of Nepal's Lumbini Province. Contiguous forest belt connecting Banke National Park to Bardiya National Park, forming one of the largest intact stretches of protected Terai forest in South Asia and providing critical habitat for the region's recovering tiger and rhinoceros populations. It is best visited during Oct-Mar and offers a moderate experience well suited to families and casual travelers."
Rapti Sonari Riverside (Banke),Banke,Lumbini,2,30315,National Park,"Jungle safari, Wildlife viewing, Bird watching, Jeep or canoe rides",moderate,"Rapti Sonari Riverside (Banke) is a notable national park destination in Banke district, part of Nepal's Lumbini Province. Scenic stretch of the Rapti River within Banke district where the river flows through its western course, showcasing scenic sandy beaches, riparian forests, and the traditional fishing practices of Tharu communities who have harvested the river's abundant fish populations for generations. It is best visited during Oct-Mar and offers a moderate experience well suited to families and casual travelers."
Duduwa Forest Reserve (Banke),Banke,Lumbini,3,15888,National Park,"Jungle safari, Wildlife viewing, Bird watching, Jeep or canoe rides",moderate,"Duduwa Forest Reserve (Banke) is a notable national park destination in Banke district, part of Nepal's Lumbini Province. Community-managed forest reserve in Duduwa Rural Municipality of Banke that serves as an important buffer zone for the protected Banke National Park, managed by local communities who benefit from sustainable forest use while contributing to the broader wildlife conservation mission of the region. It is best visited during Oct-Mar and offers a moderate experience well suited to families and casual travelers."
Narainapur Rural Area (Banke),Banke,Lumbini,1,3091,Cultural,"Village walks, Cultural performances, Local cuisine tasting, Homestay experience",easy,"Narainapur Rural Area (Banke) is a notable cultural destination in Banke district, part of Nepal's Lumbini Province. Rural municipality in Banke representing the traditional agricultural heartland of the district, where communities of Tharu, Brahmin, and other groups practice rice and wheat farming on the fertile Terai plains in a landscape that has supported settled human communities for thousands of years. It is best visited during Oct-Apr and offers an easy experience well suited to families and casual travelers."
Janaki Rural Area (Banke),Banke,Lumbini,1,2540,Cultural,"Village walks, Cultural performances, Local cuisine tasting, Homestay experience",easy,"Janaki Rural Area (Banke) is a notable cultural destination in Banke district, part of Nepal's Lumbini Province. Rural municipality in Banke named with reference to Janaki (Sita), reflecting the deep imprint of the Ramayana epic on the naming geography of this province, where traditional agricultural communities maintain the rural patterns and community festivals that characterize Terai village life. It is best visited during Oct-Apr and offers an easy experience well suited to families and casual travelers."
Baijanath Temple Area (Banke),Banke,Lumbini,1,2752,Religious,"Temple visits, Prayer and meditation, Pilgrimage rituals, Photography",easy,"Baijanath Temple Area (Banke) is a notable religious destination in Banke district, part of Nepal's Lumbini Province. Revered Shiva temple complex in Baijanath Rural Municipality of Banke where the agricultural community gathers for major Hindu festivals including Mahashivaratri and Teej, maintaining the living tradition of rural Hinduism that has organized community life in the western Terai for centuries. It is best visited during Oct-Apr and offers an easy experience well suited to families and casual travelers."
Nepalgunj Airport Viewpoint,Banke,Lumbini,1,3926,Urban,"Shopping, Local cuisine tasting, Sightseeing, Cultural exploration",easy,"Nepalgunj Airport Viewpoint is a notable urban destination in Banke district, part of Nepal's Lumbini Province. Nepalgunj Airport serves as the primary aerial gateway for all of mid and far-western Nepal, its location in the flat Terai providing pilots with the dramatic visual experience of approaching the vast horizontal landscape of the plains from high altitude, with occasional Himalayan panoramas visible. It is best visited during Oct-Apr and offers an easy experience well suited to families and casual travelers."
Ganapur Industrial Corridor (Banke),Banke,Lumbini,2,2918,Urban,"Shopping, Local cuisine tasting, Sightseeing, Cultural exploration",easy,"Ganapur Industrial Corridor (Banke) is a notable urban destination in Banke district, part of Nepal's Lumbini Province. Rapidly expanding industrial corridor north of Nepalgunj in Banke district, attracting manufacturing investment from across Nepal and India, transforming agricultural land into a hub of light and medium industries that are creating employment and driving economic growth in the western Terai. It is best visited during Oct-Apr and offers an easy experience well suited to families and casual travelers."
Chisapani Bridge (Banke side),Banke,Lumbini,1,1327,Nature,"Nature walks, Bird watching, Photography, Picnicking",easy,"Chisapani Bridge (Banke side) is a notable nature destination in Banke district, part of Nepal's Lumbini Province. Banke side of the remarkable Chisapani bridge site where the Karnali River begins its transition from mountain gorge to plains, providing some of the most dramatic river scenery in the western Terai and serving as the entry point to Bardiya National Park for visitors coming. It is best visited during Oct-Apr and offers an easy experience well suited to families and casual travelers."
Nepalgunj Muslim Heritage District,Banke,Lumbini,1,1283,Heritage,"Historical sightseeing, Museum visits, Photography, Guided heritage walks",easy,"Nepalgunj Muslim Heritage District is a notable heritage destination in Banke district, part of Nepal's Lumbini Province. Historic Muslim quarter of Nepalgunj where a significant community of Muslim traders and residents have maintained their distinctive religious and cultural heritage for over a century, showcasing historic mosques, traditional architecture, and a vibrant commercial culture rooted in the trading traditions of this border city. It is best visited during Oct-Apr and offers an easy experience well suited to families and casual travelers."
Khajura Village Organic Zone,Banke,Lumbini,1,3139,Cultural,"Village walks, Cultural performances, Local cuisine tasting, Homestay experience",easy,"Khajura Village Organic Zone is a notable cultural destination in Banke district, part of Nepal's Lumbini Province. Khajura area in Banke hosts important agricultural research and development work alongside traditional farming communities, creating a unique landscape where scientific innovation in farming practices intersects with the continuation of centuries-old agricultural traditions in the western Terai. It is best visited during Oct-Apr and offers an easy experience well suited to families and casual travelers."
Banke Bird Sanctuary Zone,Banke,Lumbini,3,23396,National Park,"Jungle safari, Wildlife viewing, Bird watching, Jeep or canoe rides",moderate,"Banke Bird Sanctuary Zone is a notable national park destination in Banke district, part of Nepal's Lumbini Province. Network of grassland, wetland, and forest edge habitats in Banke that collectively support an remarkable diversity of bird species including globally threatened grassland birds, migratory waterfowl, and forest raptors, making Banke one of the finest birdwatching destinations in western Nepal. It is best visited during Oct-Mar and offers a moderate experience well suited to families and casual travelers."
Banke National Park Visitor Zone,Banke,Lumbini,2,25192,National Park,"Jungle safari, Wildlife viewing, Bird watching, Jeep or canoe rides",moderate,"Banke National Park Visitor Zone is a notable national park destination in Banke district, part of Nepal's Lumbini Province. Visitor facilities and wildlife observation areas of Banke National Park where tourists can experience guided jungle walks, wildlife watchtower vigils, and naturalist-led nature interpretation sessions that bring them face-to-face with the remarkable wildlife of this important but less-visited tiger reserve. It is best visited during Oct-Mar and offers a moderate experience well suited to families and casual travelers."
Rapti River Delta (Banke-Bardiya border),Banke,Lumbini,3,27298,National Park,"Jungle safari, Wildlife viewing, Bird watching, Jeep or canoe rides",moderate,"Rapti River Delta (Banke-Bardiya border) is a notable national park destination in Banke district, part of Nepal's Lumbini Province. Braided delta region where the Rapti River flows into the broader Karnali-Narayani river system along the Banke-Bardiya border, creating an remarkable network of river islands, oxbow lakes, and riparian forests that harbor Gangetic river dolphins, gharials, and vast aggregations of waterbirds. It is best visited during Oct-Mar and offers a moderate experience well suited to families and casual travelers."
Nepalgunj City Heritage Walk,Banke,Lumbini,1,2194,Heritage,"Historical sightseeing, Museum visits, Photography, Guided heritage walks",easy,"Nepalgunj City Heritage Walk is a notable heritage destination in Banke district, part of Nepal's Lumbini Province. Heritage walking route through the old quarters of Nepalgunj where the city's unique multi-faith urban heritage can be experienced through its temples, mosques, old merchant havelis, and bustling lanes, representing one of the most culturally diverse and historically layered urban landscapes in western Nepal. It is best visited during Oct-Apr and offers an easy experience well suited to families and casual travelers."
Banke Tharu Village Circuit,Banke,Lumbini,1,1695,Cultural,"Village walks, Cultural performances, Local cuisine tasting, Homestay experience",easy,"Banke Tharu Village Circuit is a notable cultural destination in Banke district, part of Nepal's Lumbini Province. Circuit of traditional Tharu villages in the rural areas of Banke providing immersive cultural experiences including overnight stays in traditional Tharu longhouses, participation in community farming activities, attendance at evening folk music and dance performances, and learning about traditional Tharu medicinal plant knowledge. It is best visited during Oct-Apr and offers an easy experience well suited to families and casual travelers."
Bardiya National Park Core Zone,Bardiya,Lumbini,3,29037,National Park,"Jungle safari, Wildlife viewing, Bird watching, Jeep or canoe rides",moderate,"Bardiya National Park Core Zone is a notable national park destination in Bardiya district, part of Nepal's Lumbini Province. Largest undisturbed wilderness in the Nepalese Terai, covering over 968 square kilometers of pristine sal forest and towering elephant grass, home to the highest density of Bengal tigers in Nepal, one-horned rhinos, wild Asian elephants, swamp deer, and over 400 species of birds. It is best visited during Oct-Mar and offers a moderate experience well suited to families and casual travelers."
Karnali River (Chisapani Bridge),Bardiya,Lumbini,1,2597,Nature,"Nature walks, Bird watching, Photography, Picnicking",easy,"Karnali River (Chisapani Bridge) is a notable nature destination in Bardiya district, part of Nepal's Lumbini Province. Remarkable Chisapani cable-stayed bridge spanning the mighty Karnali River, Nepal's longest river, is one of the most dramatic infrastructure achievements in western Nepal, providing heart-stopping views of the great river flowing through its final gorge before spreading across the Terai plains. It is best visited during Oct-Apr and offers an easy experience well suited to families and casual travelers."
Geruwa River Safari Zone,Bardiya,Lumbini,1,3207,Nature,"Nature walks, Bird watching, Photography, Picnicking",easy,"Geruwa River Safari Zone is a notable nature destination in Bardiya district, part of Nepal's Lumbini Province. Geruwa River, a distributary of the Karnali, flows through the heart of Bardiya National Park creating a impressive system of river islands and oxbow lakes that harbor wild elephants, tigers, Gangetic dolphins, and one of the most remarkable concentrations of wildlife visible from river boats. It is best visited during Oct-Apr and offers an easy experience well suited to families and casual travelers."
Blackbuck Conservation Area (Khairapur),Bardiya,Lumbini,3,20013,National Park,"Jungle safari, Wildlife viewing, Bird watching, Jeep or canoe rides",moderate,"Blackbuck Conservation Area (Khairapur) is a notable national park destination in Bardiya district, part of Nepal's Lumbini Province. Nepal's only dedicated sanctuary protecting the critically endangered Blackbuck antelope (Krishnasar), where conservation efforts have resulted in a slowly recovering population of these impressive spiraling-horned antelopes in their last remaining Nepali habitat within the open grasslands of Bardiya. It is best visited during Oct-Mar and offers a moderate experience well suited to families and casual travelers."
Tharu Cultural Museum (Thakurduara),Bardiya,Lumbini,1,2306,Cultural,"Village walks, Cultural performances, Local cuisine tasting, Homestay experience",easy,"Tharu Cultural Museum (Thakurduara) is a notable cultural destination in Bardiya district, part of Nepal's Lumbini Province. Dedicated museum in the Thakurduara village near Bardiya National Park preserving the remarkable material culture, architecture, tools, musical instruments, ritual objects, and oral literature of the indigenous Tharu people, whose traditional ecological knowledge and cultural practices are being documented and celebrated here. It is best visited during Oct-Apr and offers an easy experience well suited to families and casual travelers."
Badhaiya Taal (Bardiya),Bardiya,Lumbini,1,2490,Lake,"Boating, Picnicking, Bird watching, Photography",easy,"Badhaiya Taal (Bardiya) is a notable lake destination in Bardiya district, part of Nepal's Lumbini Province. Large natural lake sanctuary in Bardiya providing critical habitat for enormous aggregations of resident and migratory waterbirds throughout the year, including globally threatened species such as the Lesser Adjutant Stork, while also supporting traditional Tharu fishing communities along its shores. It is best visited during Oct-Apr and offers an easy experience well suited to families and casual travelers."
Gulariya Municipal Center,Bardiya,Lumbini,1,5402,Urban,"Shopping, Local cuisine tasting, Sightseeing, Cultural exploration",easy,"Gulariya Municipal Center is a notable urban destination in Bardiya district, part of Nepal's Lumbini Province. Administrative and political headquarters of Bardiya district, a riverside market town that serves as the governmental, commercial, and social center for this sparsely populated but ecologically remarkable district of western Nepal. It is best visited during Oct-Apr and offers an easy experience well suited to families and casual travelers."
Rajapur River Island Market,Bardiya,Lumbini,1,3046,Cultural,"Village walks, Cultural performances, Local cuisine tasting, Homestay experience",easy,"Rajapur River Island Market is a notable cultural destination in Bardiya district, part of Nepal's Lumbini Province. One of the most remarkable towns in all of Nepal, Rajapur is built on a massive river island formed by channels of the Karnali River, its community shaped by centuries of living with the seasonal floods that completely transform their landscape each monsoon, creating a. It is best visited during Oct-Apr and offers an easy experience well suited to families and casual travelers."
Bhurigaon Tourist Gateway,Bardiya,Lumbini,1,2752,Nature,"Nature walks, Bird watching, Photography, Picnicking",easy,"Bhurigaon Tourist Gateway is a notable nature destination in Bardiya district, part of Nepal's Lumbini Province. Main tourist gateway town to Bardiya National Park, showcasing a growing cluster of eco-lodges, community homestays, and safari operators run primarily by the local Tharu community, making this one of Nepal's most successful examples of indigenous community-based wildlife tourism development. It is best visited during Oct-Apr and offers an easy experience well suited to families and casual travelers."
Jungle Safari (Bardiya),Bardiya,Lumbini,2,30976,National Park,"Jungle safari, Wildlife viewing, Bird watching, Jeep or canoe rides",moderate,"Jungle Safari (Bardiya) is a notable national park destination in Bardiya district, part of Nepal's Lumbini Province. Premier wildlife experience of western Nepal, a guided safari through Bardiya National Park's forest and grassland habitats aboard jeeps or on elephant back, where encounters with wild Bengal tigers, one-horned rhinos, wild Asian elephants, and crocodiles create unforgettable wildlife moments. It is best visited during Oct-Mar and offers a moderate experience well suited to families and casual travelers."
Bardiya Tiger Count Zone,Bardiya,Lumbini,3,24163,National Park,"Jungle safari, Wildlife viewing, Bird watching, Jeep or canoe rides",moderate,"Bardiya Tiger Count Zone is a notable national park destination in Bardiya district, part of Nepal's Lumbini Province. Core tiger territory of Bardiya National Park where camera trap studies have revealed one of the highest tiger densities in Nepal, with ongoing conservation research and monitoring making Bardiya a globally recognized success story in tiger recovery and an important site for wildlife science. It is best visited during Oct-Mar and offers a moderate experience well suited to families and casual travelers."
Karnali Tented Camp Zone,Bardiya,Lumbini,3,30928,Trekking,"Trekking, Camping, Mountain photography, Village homestay",difficult,"Karnali Tented Camp Zone is a notable trekking destination in Bardiya district, part of Nepal's Lumbini Province. Luxury tented camp zone along the Karnali River where high-end wildlife lodges offer immersive wilderness experiences combining comfortable accommodation in the forest with guided wildlife activities, bird walks, river boat rides, and cultural evenings with Tharu performers. It is best visited during Oct-Apr and offers a difficult experience well suited to experienced or adventurous travelers."
Babai Valley (Bardiya North),Bardiya,Lumbini,3,31009,National Park,"Jungle safari, Wildlife viewing, Bird watching, Jeep or canoe rides",moderate,"Babai Valley (Bardiya North) is a notable national park destination in Bardiya district, part of Nepal's Lumbini Province. Remote and virtually roadless Babai Valley in the northern reaches of Bardiya National Park, accessible only by foot or raft, embodies one of the last truly undisturbed wilderness areas in the entire Terai arc, where wildlife moves completely undisturbed and the ecosystem functions at. It is best visited during Oct-Mar and offers a moderate experience well suited to families and casual travelers."
Tharu Cultural Village Circuit (Bardiya),Bardiya,Lumbini,1,3210,Cultural,"Village walks, Cultural performances, Local cuisine tasting, Homestay experience",easy,"Tharu Cultural Village Circuit (Bardiya) is a notable cultural destination in Bardiya district, part of Nepal's Lumbini Province. Circuit of authentic Tharu villages surrounding Bardiya National Park where visitors can experience traditional Tharu architecture, participate in daily village life, witness traditional craft-making, attend evening cultural performances, and stay overnight in homestays that support the community's economic independence. It is best visited during Oct-Apr and offers an easy experience well suited to families and casual travelers."
Bansagadhi Agricultural Market,Bardiya,Lumbini,1,2405,Cultural,"Village walks, Cultural performances, Local cuisine tasting, Homestay experience",easy,"Bansagadhi Agricultural Market is a notable cultural destination in Bardiya district, part of Nepal's Lumbini Province. Vibrant agricultural market town in Bardiya that serves as the commercial hub for farming communities across the central district, hosting weekly markets where agricultural produce, livestock, and traditional goods are traded in the age-old rhythms of rural market culture in the western Terai. It is best visited during Oct-Apr and offers an easy experience well suited to families and casual travelers."
Sanoshree (Taratal) Border Area,Bardiya,Lumbini,1,2711,Cultural,"Village walks, Cultural performances, Local cuisine tasting, Homestay experience",easy,"Sanoshree (Taratal) Border Area is a notable cultural destination in Bardiya district, part of Nepal's Lumbini Province. Agricultural trade center in southern Bardiya near the Indian border, inhabited by Tharu farming communities whose traditional lands straddle the international boundary, maintaining a distinctive border culture that blends Nepali and Indian Terai traditions in language, food, and social practice. It is best visited during Oct-Apr and offers an easy experience well suited to families and casual travelers."
Geruwa River Dolphin Watching,Bardiya,Lumbini,1,2942,Nature,"Nature walks, Bird watching, Photography, Picnicking",easy,"Geruwa River Dolphin Watching is a notable nature destination in Bardiya district, part of Nepal's Lumbini Province. One of the finest locations in Nepal for observing the critically endangered Gangetic river dolphin in its natural habitat, where boat trips along the Geruwa River's channels offer remarkable close encounters with these remarkable animals that navigate by echolocation in the turbid Himalayan river waters. It is best visited during Oct-Apr and offers an easy experience well suited to families and casual travelers."
Madhuwan Municipality Center,Bardiya,Lumbini,1,2641,Cultural,"Village walks, Cultural performances, Local cuisine tasting, Homestay experience",easy,"Madhuwan Municipality Center is a notable cultural destination in Bardiya district, part of Nepal's Lumbini Province. Municipality in Bardiya representing the diverse agricultural communities of the central district, where Hindu, Muslim, and Tharu communities have developed a pattern of coexistence around shared agricultural calendars, market traditions, and the seasonal rhythms of Terai farming life. It is best visited during Oct-Apr and offers an easy experience well suited to families and casual travelers."
Thakurbaba Municipality (Bardiya),Bardiya,Lumbini,1,2229,Cultural,"Village walks, Cultural performances, Local cuisine tasting, Homestay experience",easy,"Thakurbaba Municipality (Bardiya) is a notable cultural destination in Bardiya district, part of Nepal's Lumbini Province. Municipality in Bardiya named after a Tharu deity, where the indigenous Tharu people maintain their revered landscape of spirit shrines, ancestral groves, and ritual sites that constitute the physical manifestation of their animist religious worldview connecting them deeply to their ancestral land. It is best visited during Oct-Apr and offers an easy experience well suited to families and casual travelers."
Barbardiya Town Area,Bardiya,Lumbini,2,2489,Urban,"Shopping, Local cuisine tasting, Sightseeing, Cultural exploration",easy,"Barbardiya Town Area is a notable urban destination in Bardiya district, part of Nepal's Lumbini Province. Growing highway town in Bardiya serving as an important commercial node along the East-West Highway corridor, providing services, accommodation, and goods to the farming communities of the surrounding agricultural areas and the transit traffic moving between eastern and western Nepal. It is best visited during Oct-Apr and offers an easy experience well suited to families and casual travelers."
Karnali River Rafting (Bardiya),Bardiya,Lumbini,4,21090,Trekking,"Trekking, Camping, Mountain photography, Village homestay",difficult,"Karnali River Rafting (Bardiya) is a notable trekking destination in Bardiya district, part of Nepal's Lumbini Province. World-class whitewater rafting on the Karnali River through the dramatic gorges of western Nepal, with multi-day expeditions showcasing major rapids, wilderness camping on pristine sandy beaches, wildlife spotting from the river, and the remarkable experience of navigating one of the most powerful rivers in South. It is best visited during Oct-Apr and offers a difficult experience well suited to experienced or adventurous travelers."
Bardiya Bird Festival Zone,Bardiya,Lumbini,3,18294,National Park,"Jungle safari, Wildlife viewing, Bird watching, Jeep or canoe rides",moderate,"Bardiya Bird Festival Zone is a notable national park destination in Bardiya district, part of Nepal's Lumbini Province. Bardiya hosts one of Nepal's premier birdwatching festivals celebrating the district's remarkable avifauna of over 400 species, bringing together birders, naturalists, and conservation advocates from across Nepal and internationally to explore the park's diverse habitats through guided excursions and photography workshops. It is best visited during Oct-Mar and offers a moderate experience well suited to families and casual travelers."
Geruwa Rural Municipality,Bardiya,Lumbini,1,2678,Cultural,"Village walks, Cultural performances, Local cuisine tasting, Homestay experience",easy,"Geruwa Rural Municipality is a notable cultural destination in Bardiya district, part of Nepal's Lumbini Province. Rural municipality along the Geruwa River in Bardiya where Tharu communities have maintained their traditional relationship with the river ecosystem for generations, fishing its waters, farming its fertile floodplains, and maintaining the revered sites and ritual practices associated with the river's annual flood cycle. It is best visited during Oct-Apr and offers an easy experience well suited to families and casual travelers."
Magaragadi Cultural Village,Bardiya,Lumbini,1,1718,Cultural,"Village walks, Cultural performances, Local cuisine tasting, Homestay experience",easy,"Magaragadi Cultural Village is a notable cultural destination in Bardiya district, part of Nepal's Lumbini Province. Prominent cultural hub for the indigenous Tharu community in Bardiya, Magaragadi has become a model for community-based cultural tourism where Tharu families welcome visitors into their traditional longhouse compounds to share meals, demonstrate traditional skills, and perform the impressive Tharu peacock dance and stick dance. It is best visited during Oct-Apr and offers an easy experience well suited to families and casual travelers."
Bardiya Elephant Encounter Zone,Bardiya,Lumbini,2,31085,National Park,"Jungle safari, Wildlife viewing, Bird watching, Jeep or canoe rides",moderate,"Bardiya Elephant Encounter Zone is a notable national park destination in Bardiya district, part of Nepal's Lumbini Province. Territories within Bardiya National Park where wild Asian elephants roam freely in herds, making Bardiya one of the finest places in Nepal for observing these majestic animals in their natural habitat on foot or by jeep, under the guidance of expert Tharu naturalists who. It is best visited during Oct-Mar and offers a moderate experience well suited to families and casual travelers."
Badhaiyatal Wildlife Reserve Village Zone,Bardiya,Lumbini,3,30686,National Park,"Jungle safari, Wildlife viewing, Bird watching, Jeep or canoe rides",moderate,"Badhaiyatal Wildlife Reserve Village Zone is a notable national park destination in Bardiya district, part of Nepal's Lumbini Province. Community zones surrounding Badhaiyatal lake in Bardiya where local village communities actively participate in wetland conservation while benefiting from eco-tourism revenues generated by the lake's dramatic birdlife, creating a model of community-centered wetland conservation that is being replicated across western Nepal. It is best visited during Oct-Mar and offers a moderate experience well suited to families and casual travelers."
Bansgadhi Ancient Settlement Mound,Bardiya,Lumbini,1,2234,Heritage,"Historical sightseeing, Museum visits, Photography, Guided heritage walks",easy,"Bansgadhi Ancient Settlement Mound is a notable heritage destination in Bardiya district, part of Nepal's Lumbini Province. Archaeological settlement mound in the Bansagadhi area of Bardiya providing evidence of age-old human habitation in the western Terai long before recorded history, with surface finds of age-old pottery, terracotta figurines, and structural remains indicating continuous settlement patterns over thousands of years. It is best visited during Oct-Apr and offers an easy experience well suited to families and casual travelers."
Karnali Corridor Wildlife Study Area,Bardiya,Lumbini,1,1467,Nature,"Nature walks, Bird watching, Photography, Picnicking",easy,"Karnali Corridor Wildlife Study Area is a notable nature destination in Bardiya district, part of Nepal's Lumbini Province. Scientifically managed wildlife study area in the Karnali corridor of Bardiya where ongoing research on tiger ecology, rhino behavior, elephant movement patterns, and biodiversity monitoring is generating globally significant conservation data while creating specialized wildlife research tourism opportunities. It is best visited during Oct-Apr and offers an easy experience well suited to families and casual travelers."
Tharu Homestay Village (Sauraha-Bardiya Route),Bardiya,Lumbini,1,1419,Cultural,"Village walks, Cultural performances, Local cuisine tasting, Homestay experience",easy,"Tharu Homestay Village (Sauraha-Bardiya Route) is a notable cultural destination in Bardiya district, part of Nepal's Lumbini Province. Cluster of community homestays along the route connecting the main Bardiya National Park entry areas, operated by Tharu families who welcome tourists for overnight stays showcasing authentic home-cooked Tharu cuisine, cultural storytelling, morning bird walks with local guides, and evening performances of traditional Tharu. It is best visited during Oct-Apr and offers an easy experience well suited to families and casual travelers."
Tansen (Palpa),Palpa,Lumbini,1,1548,Heritage,"Historical sightseeing, Museum visits, Photography, Guided heritage walks",easy,"Tansen (Palpa) is a notable heritage destination in Palpa district, part of Nepal's Lumbini Province. One of Nepal's most perfectly preserved hill towns, Tansen enchants visitors with its medieval Newari architecture, storied Dhaka weaving tradition, distinctive bronze metalwork, and remarkable panoramic views of the Annapurna and Dhaulagiri ranges from its surrounding ridges. It is best visited during Sep-May and offers an easy experience well suited to families and casual travelers."
Rani Mahal (Palpa),Palpa,Lumbini,1,2904,Heritage,"Historical sightseeing, Museum visits, Photography, Guided heritage walks",easy,"Rani Mahal (Palpa) is a notable heritage destination in Palpa district, part of Nepal's Lumbini Province. Sweeping palace known as the Taj Mahal of Nepal, built on the edge of a vertical cliff above the Kaligandaki River by Khadga Shumsher Rana in the 19th century in memory of his late wife, showcasing striking European neoclassical architecture in the remote wilderness of. It is best visited during Sep-May and offers an easy experience well suited to families and casual travelers."
Srinagar Hills (Palpa),Palpa,Lumbini,1,5177,Hill Station,"Sunrise viewing, Hiking, Photography, Camping",moderate,"Srinagar Hills (Palpa) is a notable hill station destination in Palpa district, part of Nepal's Lumbini Province. Pine-covered ridge above Tansen providing one of the most celebrated panoramic views in all of Nepal, with an unobstructed sight line stretching from Dhaulagiri to Manaslu including the entire Annapurna massif, particularly dramatic at sunrise when the peaks glow pink and gold above the dark. It is best visited during Sep-May and offers a moderate experience well suited to families and casual travelers."
Palpa Durbar (Tansen Museum),Palpa,Lumbini,1,2417,Heritage,"Historical sightseeing, Museum visits, Photography, Guided heritage walks",easy,"Palpa Durbar (Tansen Museum) is a notable heritage destination in Palpa district, part of Nepal's Lumbini Province. Historic administrative palace of Tansen that served the Shah and Rana eras as the seat of regional power, rebuilt and now functioning as a fascinating museum containing royal artifacts, historical documents, old weapons, and objects that narrate the rich administrative history of this age-old hill. It is best visited during Sep-May and offers an easy experience well suited to families and casual travelers."
Ridi (Ruru Kshetra),Palpa,Lumbini,1,1446,Religious,"Temple visits, Prayer and meditation, Pilgrimage rituals, Photography",easy,"Ridi (Ruru Kshetra) is a notable religious destination in Palpa district, part of Nepal's Lumbini Province. Supremely revered Hindu pilgrimage site at the confluence of the Kaligandaki and Ridi rivers, celebrated throughout Nepal as the source of the revered Shaligram ammonite fossils that Hindus regard as natural manifestations of Lord Vishnu, drawing pilgrims who collect these age-old stones for worship. It is best visited during Sep-May and offers an easy experience well suited to families and casual travelers."
Bhairabsthan Temple (Palpa),Palpa,Lumbini,1,2051,Religious,"Temple visits, Prayer and meditation, Pilgrimage rituals, Photography",easy,"Bhairabsthan Temple (Palpa) is a notable religious destination in Palpa district, part of Nepal's Lumbini Province. Highly revered hilltop temple dedicated to the fierce form of Lord Shiva as Bhairav, showcasing an iconic massive Trishul (trident) that can be seen from great distances, where devotees make pilgrimage during major festivals believing that the deity here grants boons with particular power and. It is best visited during Sep-May and offers an easy experience well suited to families and casual travelers."
Satyawati Lake (Palpa),Palpa,Lumbini,1,1532,Religious,"Temple visits, Prayer and meditation, Pilgrimage rituals, Photography",easy,"Satyawati Lake (Palpa) is a notable religious destination in Palpa district, part of Nepal's Lumbini Province. Mysterious and deeply revered forest lake where pilgrims make silent vows in the darkness of night, a unique religious tradition that is maintained in absolute secrecy, where the sanctity of the silence and the remarkable forest atmosphere create a profoundly mystical experience unlike any other. It is best visited during Sep-May and offers an easy experience well suited to families and casual travelers."
Tansen Dhaka Weaving Market,Palpa,Lumbini,1,1507,Heritage,"Historical sightseeing, Museum visits, Photography, Guided heritage walks",easy,"Tansen Dhaka Weaving Market is a notable heritage destination in Palpa district, part of Nepal's Lumbini Province. Vibrant Dhaka cloth weaving and trading market of Tansen, where the town's well-known hand-woven Dhaka fabric in distinctive geometric patterns is produced and sold, representing a living textile tradition that has made Tansen's cloth well-known throughout Nepal as a premium handcraft product. It is best visited during Sep-May and offers an easy experience well suited to families and casual travelers."
Tansen Metalwork Bazaar,Palpa,Lumbini,1,3124,Heritage,"Historical sightseeing, Museum visits, Photography, Guided heritage walks",easy,"Tansen Metalwork Bazaar is a notable heritage destination in Palpa district, part of Nepal's Lumbini Province. Artisan quarter of Tansen where skilled Newari metalworkers have practiced the traditional craft of bronze and copper utensil making for generations, producing the distinctive Tansen-style water vessels, bowls, and decorative objects that are celebrated throughout Nepal for their craftsmanship and distinctive aesthetic. It is best visited during Sep-May and offers an easy experience well suited to families and casual travelers."
Bartung Gateway Village,Palpa,Lumbini,2,4879,Hill Station,"Sunrise viewing, Hiking, Photography, Camping",moderate,"Bartung Gateway Village is a notable hill station destination in Palpa district, part of Nepal's Lumbini Province. Main entry gateway town to Tansen and the Palpa hill district, situated at the point where the road rises from the Palpa-Syangja junction into the hill country, providing the first dramatic views of the mountain landscape that characterizes this beloved cultural hill district. It is best visited during Sep-May and offers a moderate experience well suited to families and casual travelers."
Madanpokhara Model Village,Palpa,Lumbini,1,2283,Cultural,"Village walks, Cultural performances, Local cuisine tasting, Homestay experience",easy,"Madanpokhara Model Village is a notable cultural destination in Palpa district, part of Nepal's Lumbini Province. Nationally recognized model village in Palpa that has become a showcase for successful cooperative farming, community development, and rural self-sufficiency through the implementation of an integrated cooperative economy that has dramatically improved living standards while preserving cultural heritage. It is best visited during Sep-May and offers an easy experience well suited to families and casual travelers."
Rampur Valley (Palpa),Palpa,Lumbini,2,2470,Hill Station,"Sunrise viewing, Hiking, Photography, Camping",moderate,"Rampur Valley (Palpa) is a notable hill station destination in Palpa district, part of Nepal's Lumbini Province. Scenic Kaligandaki river valley town of Rampur in eastern Palpa, situated at the base of the dramatic cliff where Rani Mahal stands, showcasing fertile terraced farmland, a busy riverside market, and remarkable views up the gorge toward the beginning of the Annapurna trekking region. It is best visited during Sep-May and offers a moderate experience well suited to families and casual travelers."
Kaligandaki Gorge Viewpoint (Palpa),Palpa,Lumbini,1,2288,Nature,"Nature walks, Bird watching, Photography, Picnicking",easy,"Kaligandaki Gorge Viewpoint (Palpa) is a notable nature destination in Palpa district, part of Nepal's Lumbini Province. Dramatic viewpoint looking into the upper reaches of the Kaligandaki Gorge from Palpa's elevated perspective, where the world's deepest river gorge can be appreciated from the mid-hill level, revealing the remarkable geological forces that have carved this channel between the Annapurna and Dhaulagiri massifs. It is best visited during Sep-May and offers an easy experience well suited to families and casual travelers."
Daunne Danda Forest (Palpa side),Palpa,Lumbini,1,1879,Nature,"Nature walks, Bird watching, Photography, Picnicking",easy,"Daunne Danda Forest (Palpa side) is a notable nature destination in Palpa district, part of Nepal's Lumbini Province. Palpa side of the Daunne mountain range covered in subtropical broadleaf forest, harboring leopards, deer, civets, and remarkable birdlife including rare Himalayan vultures that soar on the thermal currents rising from the deep Kaligandaki valley below. It is best visited during Sep-May and offers an easy experience well suited to families and casual travelers."
Tinau River Source (Palpa Hills),Palpa,Lumbini,1,2998,Nature,"Nature walks, Bird watching, Photography, Picnicking",easy,"Tinau River Source (Palpa Hills) is a notable nature destination in Palpa district, part of Nepal's Lumbini Province. Source springs and upper catchment of the Tinau River in the Palpa hills, where crystal clear mountain streams descend through forested hillsides to eventually reach the plains and flow through Butwal, representing the vital watershed that sustains millions of people in the downstream areas. It is best visited during Sep-May and offers an easy experience well suited to families and casual travelers."
Aryabhanjyang Mountain Pass,Palpa,Lumbini,2,5861,Hill Station,"Sunrise viewing, Hiking, Photography, Camping",moderate,"Aryabhanjyang Mountain Pass is a notable hill station destination in Palpa district, part of Nepal's Lumbini Province. Major mountain junction and pass on the Siddhartha Highway connecting Tansen to the Pokhara-Bhairahawa route, providing sweeping panoramic views over multiple valleys and distant Himalayan peaks, historically an important waypoint on the age-old trade route between Butwal and Pokhara. It is best visited during Sep-May and offers a moderate experience well suited to families and casual travelers."
Palpa Hill Farm Community,Palpa,Lumbini,1,2993,Cultural,"Village walks, Cultural performances, Local cuisine tasting, Homestay experience",easy,"Palpa Hill Farm Community is a notable cultural destination in Palpa district, part of Nepal's Lumbini Province. Traditional hill farming communities of Palpa who maintain the art of terrace agriculture on the steep hillsides of the Palpa range, cultivating rice, maize, vegetables, and the orange orchards that are among the most celebrated agricultural products of the Nepal mid-hills. It is best visited during Sep-May and offers an easy experience well suited to families and casual travelers."
Puri Mata Temple (Palpa),Palpa,Lumbini,1,2520,Religious,"Temple visits, Prayer and meditation, Pilgrimage rituals, Photography",easy,"Puri Mata Temple (Palpa) is a notable religious destination in Palpa district, part of Nepal's Lumbini Province. Age-old forest temple in Palpa dedicated to a local mother goddess manifestation, where the community gathers for annual festivals showcasing elaborate ritual ceremonies, processions of deity palanquins, traditional music, and the age-old practice of community worship that maintains social cohesion in the hill villages. It is best visited during Sep-May and offers an easy experience well suited to families and casual travelers."
Palpa Viewpoint Network,Palpa,Lumbini,1,5939,Hill Station,"Sunrise viewing, Hiking, Photography, Camping",moderate,"Palpa Viewpoint Network is a notable hill station destination in Palpa district, part of Nepal's Lumbini Province. Network of elevated viewpoints across the Palpa ridge system, each providing slightly different but equally dramatic panoramic views of the western Himalayan range, making Palpa one of the finest hill districts in Nepal for experiencing unobstructed Himalayan panoramas without high-altitude trekking. It is best visited during Sep-May and offers a moderate experience well suited to families and casual travelers."
Ribdikot Village (Palpa),Palpa,Lumbini,1,1284,Cultural,"Village walks, Cultural performances, Local cuisine tasting, Homestay experience",easy,"Ribdikot Village (Palpa) is a notable cultural destination in Palpa district, part of Nepal's Lumbini Province. Traditional hill village in the Ribdikot rural municipality of Palpa where centuries-old stone and mud houses line narrow pathways, maintaining an architectural and social heritage that embodies the classic model of Nepal's mid-hill village culture before the arrival of modern building materials. It is best visited during Sep-May and offers an easy experience well suited to families and casual travelers."
Bagnaskali River Valley (Palpa),Palpa,Lumbini,1,1364,Nature,"Nature walks, Bird watching, Photography, Picnicking",easy,"Bagnaskali River Valley (Palpa) is a notable nature destination in Palpa district, part of Nepal's Lumbini Province. River valley of the Bagnaskali in Palpa showcasing lush forested hillsides dropping steeply to a clear mountain river below, with traditional hill farming communities perched on the slopes above maintaining a way of life in intimate connection with both the forest and the river that. It is best visited during Sep-May and offers an easy experience well suited to families and casual travelers."
Tinau Community Forest (Palpa),Palpa,Lumbini,1,3325,Nature,"Nature walks, Bird watching, Photography, Picnicking",easy,"Tinau Community Forest (Palpa) is a notable nature destination in Palpa district, part of Nepal's Lumbini Province. Successfully managed community forest in the Tinau valley of Palpa that has regenerated from severely degraded land to a healthy broadleaf forest through decades of community stewardship, now providing clean water to downstream communities, habitat for wildlife, and sustainable forest products to local households. It is best visited during Sep-May and offers an easy experience well suited to families and casual travelers."
Humin Village Historic Trail,Palpa,Lumbini,1,1943,Heritage,"Historical sightseeing, Museum visits, Photography, Guided heritage walks",easy,"Humin Village Historic Trail is a notable heritage destination in Palpa district, part of Nepal's Lumbini Province. Age-old footpath village along the old trade routes of Palpa that served as an important waystation for the mule caravans that once carried salt, spices, textiles, and other goods between the plains and the mountains, its traditional architecture and spatial organization preserved as a living. It is best visited during Sep-May and offers an easy experience well suited to families and casual travelers."
Palpa-Lumbini Cultural Link Trail,Palpa,Lumbini,1,1573,Religious,"Temple visits, Prayer and meditation, Pilgrimage rituals, Photography",easy,"Palpa-Lumbini Cultural Link Trail is a notable religious destination in Palpa district, part of Nepal's Lumbini Province. Developing heritage trail connecting the cultural riches of the Palpa hill district with the revered Lumbini pilgrimage circuit in the plains below, creating an integrated cultural tourism route that combines Buddhist pilgrimage, Newari cultural heritage, hill landscapes, and river valleys in one coherent journey. It is best visited during Sep-May and offers an easy experience well suited to families and casual travelers."
Nisdi Valley Village Area,Palpa,Lumbini,1,2515,Cultural,"Village walks, Cultural performances, Local cuisine tasting, Homestay experience",easy,"Nisdi Valley Village Area is a notable cultural destination in Palpa district, part of Nepal's Lumbini Province. Quiet rural municipality in the isolated valleys of southern Palpa where traditional hill communities maintain agricultural lifestyles largely unchanged from previous generations, their terraced fields, animal husbandry practices, and community festivals representing an authentic and largely unvisited corner of this culturally rich hill district. It is best visited during Sep-May and offers an easy experience well suited to families and casual travelers."
Swargadwari Temple,Pyuthan,Lumbini,1,2550,Religious,"Temple visits, Prayer and meditation, Pilgrimage rituals, Photography",easy,"Swargadwari Temple is a notable religious destination in Pyuthan district, part of Nepal's Lumbini Province. Storied hilltop temple in Pyuthan that houses an Akhanda Dhuni (perpetually burning revered fire) that has been maintained without interruption for over a century, dedicated to the Gorakshanath Nath yogi tradition, drawing pilgrims who come to receive blessings from the eternal flame and experience profound. It is best visited during Sep-May and offers an easy experience well suited to families and casual travelers."
Mallarani Hills,Pyuthan,Lumbini,2,5332,Hill Station,"Sunrise viewing, Hiking, Photography, Camping",moderate,"Mallarani Hills is a notable hill station destination in Pyuthan district, part of Nepal's Lumbini Province. Popular eco-tourism hill station in Pyuthan providing dramatic panoramic views of the Nepal mid-hills and distant snow peaks, showcasing camping meadows, forest walks, and a high-altitude environment that provides a refreshing retreat from the summer heat of the lower valleys. It is best visited during Sep-May and offers a moderate experience well suited to families and casual travelers."
Gaumukhi River Origin (Pyuthan),Pyuthan,Lumbini,1,1560,Religious,"Temple visits, Prayer and meditation, Pilgrimage rituals, Photography",easy,"Gaumukhi River Origin (Pyuthan) is a notable religious destination in Pyuthan district, part of Nepal's Lumbini Province. Revered origin point of the Jhimruk River where the river emerges dramatically from a cave structure shaped like a cow's mouth (Gaumukhi), regarded as a revered geographical feature where the river itself is worshipped as a manifestation of divine grace flowing from the earth's interior. It is best visited during Sep-May and offers an easy experience well suited to families and casual travelers."
Jhimruk Hydroelectric Project,Pyuthan,Lumbini,2,5542,Hill Station,"Sunrise viewing, Hiking, Photography, Camping",moderate,"Jhimruk Hydroelectric Project is a notable hill station destination in Pyuthan district, part of Nepal's Lumbini Province. Remarkable engineering achievement where the Jhimruk River's waters are captured and tunneled through the interior of a mountain to generate hydroelectric power, representing a landmark in Nepal's development history and providing tours that reveal the remarkable technical challenges overcome in this remote mountain setting. It is best visited during Sep-May and offers a moderate experience well suited to families and casual travelers."
Pyuthan Khalanga Hill Capital,Pyuthan,Lumbini,2,3692,Hill Station,"Sunrise viewing, Hiking, Photography, Camping",moderate,"Pyuthan Khalanga Hill Capital is a notable hill station destination in Pyuthan district, part of Nepal's Lumbini Province. Traditional hill capital of Pyuthan district situated on an elevated ridge with panoramic views over the surrounding valleys, combining its function as an administrative center with the character of a traditional Nepal hill bazaar where community life revolves around the weekly market and seasonal. It is best visited during Sep-May and offers a moderate experience well suited to families and casual travelers."
Bijuwar Commercial Valley (Pyuthan),Pyuthan,Lumbini,2,4561,Urban,"Shopping, Local cuisine tasting, Sightseeing, Cultural exploration",easy,"Bijuwar Commercial Valley (Pyuthan) is a notable urban destination in Pyuthan district, part of Nepal's Lumbini Province. Primary commercial hub of Pyuthan in the Jhimruk River valley, a flat valley floor town that serves as the main services and trade center for communities across this mountainous district, where the rhythm of daily commerce is shaped by the seasonal cycles of agricultural production. It is best visited during Sep-May and offers an easy experience well suited to families and casual travelers."
Swargadwari Mountain Forest,Pyuthan,Lumbini,1,2293,Nature,"Nature walks, Bird watching, Photography, Picnicking",easy,"Swargadwari Mountain Forest is a notable nature destination in Pyuthan district, part of Nepal's Lumbini Province. Revered forest surrounding the Swargadwari temple complex in Pyuthan, maintained as a protected grove by the religious community, showcasing age-old trees, clear mountain streams, medicinal plants, and a profound atmosphere of natural sanctity created by centuries of reverence and protection. It is best visited during Sep-May and offers an easy experience well suited to families and casual travelers."
Jhimruk River Adventure Corridor,Pyuthan,Lumbini,6,17978,Trekking,"Trekking, Camping, Mountain photography, Village homestay",difficult,"Jhimruk River Adventure Corridor is a notable trekking destination in Pyuthan district, part of Nepal's Lumbini Province. Jhimruk River flowing through the mountains of Pyuthan offers exciting opportunities for white water kayaking and rafting during the monsoon season, with rocky gorges, clear mountain water, and dramatic landscape providing an adventurous experience for visitors willing to explore this less-traveled district. It is best visited during Sep-May and offers a difficult experience well suited to experienced or adventurous travelers."
Pyuthan Rural Millet & Coffee Farms,Pyuthan,Lumbini,1,1848,Cultural,"Village walks, Cultural performances, Local cuisine tasting, Homestay experience",easy,"Pyuthan Rural Millet & Coffee Farms is a notable cultural destination in Pyuthan district, part of Nepal's Lumbini Province. Traditional terraced millet and increasingly popular coffee farms of Pyuthan's highland areas, where innovative farmers have begun converting traditional staple crop terraces to high-value coffee cultivation, creating opportunities for farm tourism and demonstrating the transformative potential of agro-tourism in remote hill districts. It is best visited during Sep-May and offers an easy experience well suited to families and casual travelers."
Mandavi Hill Village Area,Pyuthan,Lumbini,1,1581,Cultural,"Village walks, Cultural performances, Local cuisine tasting, Homestay experience",easy,"Mandavi Hill Village Area is a notable cultural destination in Pyuthan district, part of Nepal's Lumbini Province. Rural municipality in the remote highlands of Pyuthan showcasing traditional stone-built hill villages perched on steep ridges above deep river valleys, where communities maintain the classic lifestyle of Nepal's mountain mid-hills with minimal modern infrastructure and a rich tradition of oral literature and community festivals. It is best visited during Sep-May and offers an easy experience well suited to families and casual travelers."
Sarumarani Village Hills,Pyuthan,Lumbini,2,5879,Hill Station,"Sunrise viewing, Hiking, Photography, Camping",moderate,"Sarumarani Village Hills is a notable hill station destination in Pyuthan district, part of Nepal's Lumbini Province. High-altitude rural municipality in Pyuthan providing remarkable panoramic views from its ridgetop villages over the surrounding mountain landscape, where the communities maintain traditional terrace farming practices and the age-old festival calendar that has organized hill community life for generations. It is best visited during Sep-May and offers a moderate experience well suited to families and casual travelers."
Pyuthan Forest & Medicinal Plant Reserve,Pyuthan,Lumbini,1,3241,Nature,"Nature walks, Bird watching, Photography, Picnicking",easy,"Pyuthan Forest & Medicinal Plant Reserve is a notable nature destination in Pyuthan district, part of Nepal's Lumbini Province. Remaining forest areas of Pyuthan that harbor important populations of medicinal plants collected and used by traditional Ayurvedic practitioners and community health workers, representing a living pharmacopoeia of plant medicines whose knowledge is maintained by local healers and is increasingly being documented and. It is best visited during Sep-May and offers an easy experience well suited to families and casual travelers."
Airawati River Valley (Pyuthan),Pyuthan,Lumbini,2,3701,Hill Station,"Sunrise viewing, Hiking, Photography, Camping",moderate,"Airawati River Valley (Pyuthan) is a notable hill station destination in Pyuthan district, part of Nepal's Lumbini Province. Airawati River valley in Pyuthan, a fertile agricultural corridor where terraced fields step down from the surrounding ridges to the river floor below, supporting prosperous farming communities who have developed an intimate knowledge of their specific microclimate for maximizing agricultural productivity in this mountain. It is best visited during Sep-May and offers a moderate experience well suited to families and casual travelers."
Pyuthan Cultural Trek Route,Pyuthan,Lumbini,6,32063,Trekking,"Trekking, Camping, Mountain photography, Village homestay",difficult,"Pyuthan Cultural Trek Route is a notable trekking destination in Pyuthan district, part of Nepal's Lumbini Province. Developing trekking route through Pyuthan's highland landscape connecting traditional Magar and Brahmin villages across the district's mountain terrain, providing trekkers an authentic cultural immersion experience in a region that sees very few foreign tourists but rewards those who come with remarkable hospitality and cultural richness. It is best visited during Sep-May and offers a difficult experience well suited to experienced or adventurous travelers."
Naubahini Village Area,Pyuthan,Lumbini,1,1759,Cultural,"Village walks, Cultural performances, Local cuisine tasting, Homestay experience",easy,"Naubahini Village Area is a notable cultural destination in Pyuthan district, part of Nepal's Lumbini Province. Rural municipality in the eastern hills of Pyuthan where diverse communities of Magar, Brahmin, Chhetri, and other groups have established stable farming communities on the terraced hillsides, maintaining the traditional social institutions and festival practices that define community life in this scenic and largely undiscovered. It is best visited during Sep-May and offers an easy experience well suited to families and casual travelers."
Swargadwari Pilgrimage Trail,Pyuthan,Lumbini,1,2592,Religious,"Temple visits, Prayer and meditation, Pilgrimage rituals, Photography",easy,"Swargadwari Pilgrimage Trail is a notable religious destination in Pyuthan district, part of Nepal's Lumbini Province. Age-old footpath pilgrimage route leading up to the Swargadwari temple through the forests of Pyuthan, walked by thousands of devotees each year on their way to receive blessings from the eternal revered fire, the trail marked by small shrines and rest points established by the. It is best visited during Sep-May and offers an easy experience well suited to families and casual travelers."
Pyuthan Khalanga Viewpoint,Pyuthan,Lumbini,1,3158,Hill Station,"Sunrise viewing, Hiking, Photography, Camping",moderate,"Pyuthan Khalanga Viewpoint is a notable hill station destination in Pyuthan district, part of Nepal's Lumbini Province. Elevated ridge of Pyuthan Khalanga offers remarkable sunrise views across the surrounding valleys and hill ranges of mid-western Nepal, with particularly dramatic views during the clear winter months when the distant snow peaks of the Dhaulagiri range become visible above the lower hill crests. It is best visited during Sep-May and offers a moderate experience well suited to families and casual travelers."
Gaumukhi Sacred Spring,Pyuthan,Lumbini,1,3205,Religious,"Temple visits, Prayer and meditation, Pilgrimage rituals, Photography",easy,"Gaumukhi Sacred Spring is a notable religious destination in Pyuthan district, part of Nepal's Lumbini Province. Revered natural spring in Pyuthan revered as a holy water source emerging from a rock formation shaped like the revered cow's mouth (Gaumukhi), where pilgrims and local communities gather on auspicious occasions to collect the revered water for use in religious rituals and healing ceremonies. It is best visited during Sep-May and offers an easy experience well suited to families and casual travelers."
Pyuthan Community Forest Network,Pyuthan,Lumbini,1,3183,Nature,"Nature walks, Bird watching, Photography, Picnicking",easy,"Pyuthan Community Forest Network is a notable nature destination in Pyuthan district, part of Nepal's Lumbini Province. Extensive network of community forests across Pyuthan's hill districts representing one of the most successful implementations of Nepal's community forestry model in the western hills, with dozens of forest user groups managing regenerated forests that now cover hillsides that were completely bare within living memory. It is best visited during Sep-May and offers an easy experience well suited to families and casual travelers."
Jhimruk Valley Agriculture Zone,Pyuthan,Lumbini,1,2745,Cultural,"Village walks, Cultural performances, Local cuisine tasting, Homestay experience",easy,"Jhimruk Valley Agriculture Zone is a notable cultural destination in Pyuthan district, part of Nepal's Lumbini Province. Fertile valley floor of the Jhimruk River in Pyuthan, where intensive rice cultivation on the flat valley bottom alternates with the terraced cultivation of maize, millet, and vegetables on the surrounding slopes, supporting a prosperous farming community whose annual agricultural festival marks the most important. It is best visited during Sep-May and offers an easy experience well suited to families and casual travelers."
Wagli Market Town,Pyuthan,Lumbini,1,2178,Cultural,"Village walks, Cultural performances, Local cuisine tasting, Homestay experience",easy,"Wagli Market Town is a notable cultural destination in Pyuthan district, part of Nepal's Lumbini Province. Growing riverside marketplace in Pyuthan where the agricultural produce of the surrounding hills is traded on a weekly market basis, bringing together farming communities from the ridge villages and valley floors to exchange goods, socialize, and maintain the economic networks that sustain hill community life. It is best visited during Sep-May and offers an easy experience well suited to families and casual travelers."
Mallarani Forest Eco-Camp,Pyuthan,Lumbini,6,15430,Trekking,"Trekking, Camping, Mountain photography, Village homestay",difficult,"Mallarani Forest Eco-Camp is a notable trekking destination in Pyuthan district, part of Nepal's Lumbini Province. Mountain eco-camping zone in the Mallarani area of Pyuthan providing structured camping experiences in high-altitude forest clearings, guided nature walks to viewpoints and revered sites, and overnight experiences under clear mountain skies that showcase the remarkable natural beauty of this undervisited district. It is best visited during Sep-May and offers a difficult experience well suited to experienced or adventurous travelers."
Darimchaur Valley Area,Pyuthan,Lumbini,1,2781,Cultural,"Village walks, Cultural performances, Local cuisine tasting, Homestay experience",easy,"Darimchaur Valley Area is a notable cultural destination in Pyuthan district, part of Nepal's Lumbini Province. Fertile agricultural valley area in Pyuthan where traditional hill farming communities cultivate the valley floor and surrounding terraces, maintaining a lifestyle in close integration with the seasonal rhythms of their mountain environment and the deep social traditions of community cooperation in hill agriculture. It is best visited during Sep-May and offers an easy experience well suited to families and casual travelers."
Resunga Hill (Gulmi),Gulmi,Lumbini,1,3228,Religious,"Temple visits, Prayer and meditation, Pilgrimage rituals, Photography",easy,"Resunga Hill (Gulmi) is a notable religious destination in Gulmi district, part of Nepal's Lumbini Province. Massive high-altitude forested hill in Gulmi showcasing an age-old ashram of the Gorakshanath yogi tradition, several revered natural ponds, a modern view tower providing panoramic Himalayan views, and dense forests that create an atmosphere of profound natural sanctity rare in the mid-hills of western Nepal. It is best visited during Sep-May and offers an easy experience well suited to families and casual travelers."
Gulmi Coffee Zone,Gulmi,Lumbini,1,2559,Cultural,"Village walks, Cultural performances, Local cuisine tasting, Homestay experience",easy,"Gulmi Coffee Zone is a notable cultural destination in Gulmi district, part of Nepal's Lumbini Province. Nepal's premier organic coffee producing zone centered in Gulmi, where farmers at elevations between 1,000 and 2,000 meters grow high-quality Arabica coffee beans under shade trees on their terraced hillsides, producing what has become internationally recognized as some of the finest specialty coffee in South. It is best visited during Sep-May and offers an easy experience well suited to families and casual travelers."
Tamghas Hill Capital (Gulmi),Gulmi,Lumbini,1,4154,Hill Station,"Sunrise viewing, Hiking, Photography, Camping",moderate,"Tamghas Hill Capital (Gulmi) is a notable hill station destination in Gulmi district, part of Nepal's Lumbini Province. Administrative and commercial capital of Gulmi district nestled dramatically between twin hills, its bazaar streets climbing and winding around the ridges in a distinctive spatial arrangement that reflects the ingenuity of hill town planning adapted to the steep terrain of the western Nepal mid-hills. It is best visited during Sep-May and offers a moderate experience well suited to families and casual travelers."
Vichitra Cave (Gulmi),Gulmi,Lumbini,1,2339,Cave,"Cave exploration, Photography, Adventure trekking",moderate,"Vichitra Cave (Gulmi) is a notable cave destination in Gulmi district, part of Nepal's Lumbini Province. Unique and impressive limestone cave formation in Gulmi's Dhurkot area showcasing multiple underground chambers, stalactite and stalagmite formations, and narrow passages that make cave exploration an exciting adventure activity in this district, whose underground geological heritage is being developed for responsible tourism. It is best visited during Sep-May and offers a moderate experience well suited to families and casual travelers."
Gulmi Durbar (Kingdom Ruins),Gulmi,Lumbini,1,3123,Heritage,"Historical sightseeing, Museum visits, Photography, Guided heritage walks",easy,"Gulmi Durbar (Kingdom Ruins) is a notable heritage destination in Gulmi district, part of Nepal's Lumbini Province. Historical ruins of the Gulmi Kingdom palace complex, a principality that formed part of the 22 Chaubisi states of age-old Nepal before unification under Prithvi Narayan Shah, providing visitors a tangible connection to the complex medieval political landscape that the great king had to navigate. It is best visited during Sep-May and offers an easy experience well suited to families and casual travelers."
Charpala Durbar (Gulmi),Gulmi,Lumbini,1,2828,Heritage,"Historical sightseeing, Museum visits, Photography, Guided heritage walks",easy,"Charpala Durbar (Gulmi) is a notable heritage destination in Gulmi district, part of Nepal's Lumbini Province. Age-old fort site in Gulmi providing commanding defensive viewpoints over the surrounding valleys, representing the military architecture of the age-old Gulmi principality whose rulers controlled this strategic mountain territory before Nepal's unification. It is best visited during Sep-May and offers an easy experience well suited to families and casual travelers."
Ridi Bazar (Gulmi Side),Gulmi,Lumbini,1,3385,Religious,"Temple visits, Prayer and meditation, Pilgrimage rituals, Photography",easy,"Ridi Bazar (Gulmi Side) is a notable religious destination in Gulmi district, part of Nepal's Lumbini Province. Gulmi side of the revered Ridi pilgrimage site where the Kaligandaki River yields the revered Shaligram ammonite fossils, showcasing age-old temples, traditional market stalls, and the atmosphere of a living pilgrimage town that has drawn devotees and traders along this revered riverbank for centuries. It is best visited during Sep-May and offers an easy experience well suited to families and casual travelers."
Wamitaksar Commercial Area,Gulmi,Lumbini,2,4216,Urban,"Shopping, Local cuisine tasting, Sightseeing, Cultural exploration",easy,"Wamitaksar Commercial Area is a notable urban destination in Gulmi district, part of Nepal's Lumbini Province. Prosperous commercial town in northern Gulmi serving as the economic hub for the northern reaches of the district, its markets supporting agricultural trade from the surrounding hill villages and functioning as the main service center for communities in the upper valleys of this coffee and. It is best visited during Sep-May and offers an easy experience well suited to families and casual travelers."
Gulmi-Arghakhanchi Trek Route,Gulmi,Lumbini,5,21454,Trekking,"Trekking, Camping, Mountain photography, Village homestay",difficult,"Gulmi-Arghakhanchi Trek Route is a notable trekking destination in Gulmi district, part of Nepal's Lumbini Province. Developing trekking route connecting the major cultural sites of Gulmi and Arghakhanchi districts through the mountain terrain of the western Nepal mid-hills, providing trekkers an immersive experience of Nepal's hill culture, traditional village architecture, terrace agriculture, and remarkable Himalayan panoramas. It is best visited during Sep-May and offers a difficult experience well suited to experienced or adventurous travelers."
Badigad River Valley (Gulmi),Gulmi,Lumbini,1,1611,Nature,"Nature walks, Bird watching, Photography, Picnicking",easy,"Badigad River Valley (Gulmi) is a notable nature destination in Gulmi district, part of Nepal's Lumbini Province. Badigad River valley in Gulmi, a clear mountain river flowing through steep forested gorges and agricultural terraces, forming the geographical spine of the district and providing the water resources that sustain both the traditional farming economies and the increasingly important coffee cultivation of this region. It is best visited during Sep-May and offers an easy experience well suited to families and casual travelers."
Gulmi Organic Farm Tourism,Gulmi,Lumbini,1,1318,Cultural,"Village walks, Cultural performances, Local cuisine tasting, Homestay experience",easy,"Gulmi Organic Farm Tourism is a notable cultural destination in Gulmi district, part of Nepal's Lumbini Province. Developing agro-tourism sector in Gulmi centered around its award-winning organic coffee farms where visitors can participate in the complete coffee production process from cherry picking through processing to cupping, learning about the science and craft of specialty coffee production in a dramatic mountain setting. It is best visited during Sep-May and offers an easy experience well suited to families and casual travelers."
Kaligandaki River Corridor (Gulmi),Gulmi,Lumbini,1,2401,Nature,"Nature walks, Bird watching, Photography, Picnicking",easy,"Kaligandaki River Corridor (Gulmi) is a notable nature destination in Gulmi district, part of Nepal's Lumbini Province. Kaligandaki River flowing through the eastern boundary of Gulmi, the same revered river that descends from the highest gorge in the world between Annapurna and Dhaulagiri, carrying with it the revered Shaligram stones and the spiritual heritage of millions of Hindu pilgrims who have walked. It is best visited during Sep-May and offers an easy experience well suited to families and casual travelers."
Gulmi Cardamom Growing Zone,Gulmi,Lumbini,1,2200,Cultural,"Village walks, Cultural performances, Local cuisine tasting, Homestay experience",easy,"Gulmi Cardamom Growing Zone is a notable cultural destination in Gulmi district, part of Nepal's Lumbini Province. Cardamom growing forests of Gulmi where large cardamom plants thrive in the shaded understory of broadleaf forest, producing the prized spice under a sustainable agroforestry model that combines forest preservation with agricultural income, forming an important component of the district's growing specialty agriculture economy. It is best visited during Sep-May and offers an easy experience well suited to families and casual travelers."
Musikot Hill Town (Gulmi),Gulmi,Lumbini,1,2717,Hill Station,"Sunrise viewing, Hiking, Photography, Camping",moderate,"Musikot Hill Town (Gulmi) is a notable hill station destination in Gulmi district, part of Nepal's Lumbini Province. Musikot municipality in Gulmi, one of the district's major administrative centers, situated on a hilltop with views extending over multiple valleys, functioning as a service hub for surrounding rural communities and maintaining the traditional hill bazaar culture that has characterized these mountain market towns. It is best visited during Sep-May and offers a moderate experience well suited to families and casual travelers."
Gulmi Heritage Walk (Tamghas),Gulmi,Lumbini,1,2186,Heritage,"Historical sightseeing, Museum visits, Photography, Guided heritage walks",easy,"Gulmi Heritage Walk (Tamghas) is a notable heritage destination in Gulmi district, part of Nepal's Lumbini Province. Guided heritage walk through the historic bazaar of Tamghas revealing the layered cultural and architectural heritage of this hill town, where traditional Newari-influenced shop fronts, old temples, traditional crafts, and the stories embedded in every corner of the marketplace tell the history of centuries of. It is best visited during Sep-May and offers an easy experience well suited to families and casual travelers."
Gulmi Village Homestay Network,Gulmi,Lumbini,1,2151,Cultural,"Village walks, Cultural performances, Local cuisine tasting, Homestay experience",easy,"Gulmi Village Homestay Network is a notable cultural destination in Gulmi district, part of Nepal's Lumbini Province. Growing network of community homestays across Gulmi's hill villages where farming families welcome travelers for overnight stays that offer genuine insights into the daily rhythms of Nepal's western hill farming culture, showcasing home-cooked traditional meals, farm activities, guided walks to local sites, and evening cultural. It is best visited during Sep-May and offers an easy experience well suited to families and casual travelers."
Resunga Sacred Pond Circuit,Gulmi,Lumbini,1,2245,Religious,"Temple visits, Prayer and meditation, Pilgrimage rituals, Photography",easy,"Resunga Sacred Pond Circuit is a notable religious destination in Gulmi district, part of Nepal's Lumbini Province. Pilgrimage circuit around the revered natural ponds within the Resunga Hill complex in Gulmi, where devotees circumambulate the forest ponds in a ritual act of worship, believing that the waters of these pools carry divine healing power emanating from the yogi meditation traditions of the. It is best visited during Sep-May and offers an easy experience well suited to families and casual travelers."
Dhurkot Village Area (Gulmi),Gulmi,Lumbini,1,2378,Cultural,"Village walks, Cultural performances, Local cuisine tasting, Homestay experience",easy,"Dhurkot Village Area (Gulmi) is a notable cultural destination in Gulmi district, part of Nepal's Lumbini Province. Rural municipality in southern Gulmi that includes the remarkable Vichitra Cave limestone formations and the traditional hill village communities surrounding them, providing visitors a combination of geological adventure in the cave system and cultural immersion in the traditional village life of the Gulmi mid-hills. It is best visited during Sep-May and offers an easy experience well suited to families and casual travelers."
Satyawati River Area (Gulmi),Gulmi,Lumbini,1,3009,Nature,"Nature walks, Bird watching, Photography, Picnicking",easy,"Satyawati River Area (Gulmi) is a notable nature destination in Gulmi district, part of Nepal's Lumbini Province. Satyawati River area in Gulmi showcasing clear mountain water flowing through forested corridors of the western mid-hills, supporting local fishing traditions, irrigating terrace agriculture, and maintaining the riparian ecosystems that form a vital part of the biodiversity and water security of the region. It is best visited during Sep-May and offers an easy experience well suited to families and casual travelers."
Chandrakot Hill Village (Gulmi),Gulmi,Lumbini,2,4827,Hill Station,"Sunrise viewing, Hiking, Photography, Camping",moderate,"Chandrakot Hill Village (Gulmi) is a notable hill station destination in Gulmi district, part of Nepal's Lumbini Province. Hilltop village municipality in Gulmi perched on an elevated ridge with sweeping views of the surrounding mountains, where traditional terraced farming communities maintain the ancestral agricultural landscapes of the western Nepal mid-hills while increasingly engaging with agro-tourism opportunities. It is best visited during Sep-May and offers a moderate experience well suited to families and casual travelers."
Gulmi-Palpa Natural Boundary Ridge,Gulmi,Lumbini,1,3575,Hill Station,"Sunrise viewing, Hiking, Photography, Camping",moderate,"Gulmi-Palpa Natural Boundary Ridge is a notable hill station destination in Gulmi district, part of Nepal's Lumbini Province. Natural ridge line forming the boundary between Gulmi and Palpa districts, from whose crest one can simultaneously see the valleys of both districts stretching away on either side, providing one of the most geographically dramatic and culturally meaningful landscape vistas in the entire mid-western. It is best visited during Sep-May and offers a moderate experience well suited to families and casual travelers."
Madane Village Area (Gulmi),Gulmi,Lumbini,1,2762,Cultural,"Village walks, Cultural performances, Local cuisine tasting, Homestay experience",easy,"Madane Village Area (Gulmi) is a notable cultural destination in Gulmi district, part of Nepal's Lumbini Province. Rural municipality in southern Gulmi characterized by traditional Brahmin and hill community settlements in the lower altitude zones of the district, where the cultural and agricultural patterns represent a transitional zone between the higher coffee-growing altitudes and the warmer subtropical lower valleys of the district. It is best visited during Sep-May and offers an easy experience well suited to families and casual travelers."
Supadeurali Temple (Arghakhanchi),Arghakhanchi,Lumbini,1,2409,Religious,"Temple visits, Prayer and meditation, Pilgrimage rituals, Photography",easy,"Supadeurali Temple (Arghakhanchi) is a notable religious destination in Arghakhanchi district, part of Nepal's Lumbini Province. One of the most mystically charged temples in western Nepal, located in a narrow gorge between two massive vertical rock cliffs, where the goddess is believed to grant any sincere wish made in this revered space, drawing tens of thousands of devotees annually who make. It is best visited during Sep-May and offers an easy experience well suited to families and casual travelers."
Arghakot Fortress,Arghakhanchi,Lumbini,1,2821,Heritage,"Historical sightseeing, Museum visits, Photography, Guided heritage walks",easy,"Arghakot Fortress is a notable heritage destination in Arghakhanchi district, part of Nepal's Lumbini Province. Age-old fortress of the Arghakhanchi principality perched on a commanding ridge, one of the 22 Chaubisi states of pre-unification Nepal, whose ruins offer dramatic views over the surrounding valleys while testifying to the sophisticated defensive architecture employed by these independent Himalayan kingdoms. It is best visited during Sep-May and offers an easy experience well suited to families and casual travelers."
Khanchikot Fortress,Arghakhanchi,Lumbini,1,1400,Heritage,"Historical sightseeing, Museum visits, Photography, Guided heritage walks",easy,"Khanchikot Fortress is a notable heritage destination in Arghakhanchi district, part of Nepal's Lumbini Province. Sister fortress to Arghakot, perched on its own strategic ridge in Arghakhanchi, together forming a pair of age-old defensive installations that controlled the mountain passes and trade routes of this principality, today providing history enthusiasts a fascinating window into the military and administrative culture of. It is best visited during Sep-May and offers an easy experience well suited to families and casual travelers."
Panini Tapobhumi,Arghakhanchi,Lumbini,1,2372,Religious,"Temple visits, Prayer and meditation, Pilgrimage rituals, Photography",easy,"Panini Tapobhumi is a notable religious destination in Arghakhanchi district, part of Nepal's Lumbini Province. Storied forest retreat where the great Sanskrit grammarian Panini is traditionally believed to have composed his revolutionary Ashtadhyayi grammar in deep meditation, a site venerated by scholars of Sanskrit and linguistics worldwide as the birthplace of systematic linguistic analysis and a foundational text of human. It is best visited during Sep-May and offers an easy experience well suited to families and casual travelers."
Thada Lake (Daha),Arghakhanchi,Lumbini,1,1948,Lake,"Boating, Picnicking, Bird watching, Photography",easy,"Thada Lake (Daha) is a notable lake destination in Arghakhanchi district, part of Nepal's Lumbini Province. Quiet, high-altitude forest lake in Arghakhanchi ideal for recreational boating and picnicking, surrounded by dense forest and regarded as revered by local communities who maintain traditions of lake worship and periodic ritual ceremonies at its shores that connect the natural and spiritual dimensions of this. It is best visited during Sep-May and offers an easy experience well suited to families and casual travelers."
Sandhikharka Valley Capital,Arghakhanchi,Lumbini,1,4573,Urban,"Shopping, Local cuisine tasting, Sightseeing, Cultural exploration",easy,"Sandhikharka Valley Capital is a notable urban destination in Arghakhanchi district, part of Nepal's Lumbini Province. Rapidly developing administrative capital of Arghakhanchi district, a valley town that serves as the governmental, commercial, and social center for this ruggedly scenic mountain district, with its growing infrastructure and services attracting communities from the surrounding hills for education, healthcare, and trade. It is best visited during Sep-May and offers an easy experience well suited to families and casual travelers."
Sitganga Municipality (Nepal's Largest by Area),Arghakhanchi,Lumbini,2,2136,Hill Station,"Sunrise viewing, Hiking, Photography, Camping",moderate,"Sitganga Municipality (Nepal's Largest by Area) is a notable hill station destination in Arghakhanchi district, part of Nepal's Lumbini Province. Nepal's largest municipality by geographical area, Sitganga encompasses an extraordinarily diverse mountain landscape showcasing multiple valley systems, ridges at varying altitudes, distinct microclimates, and communities of diverse ethnic backgrounds whose cultural traditions range from Brahmin and Chhetri to Magar and Tharu in. It is best visited during Sep-May and offers a moderate experience well suited to families and casual travelers."
Bhumikasthan Municipality Area,Arghakhanchi,Lumbini,1,1569,Cultural,"Village walks, Cultural performances, Local cuisine tasting, Homestay experience",easy,"Bhumikasthan Municipality Area is a notable cultural destination in Arghakhanchi district, part of Nepal's Lumbini Province. Municipality in Arghakhanchi centered around the important local deity shrine of Bhumika, where the community's agricultural calendar and social life are organized around the worship of this earth goddess, whose festivals mark the beginning of planting and harvesting seasons in a tradition maintained continuously for. It is best visited during Sep-May and offers an easy experience well suited to families and casual travelers."
Chhatradev Forest Area,Arghakhanchi,Lumbini,1,1919,Nature,"Nature walks, Bird watching, Photography, Picnicking",easy,"Chhatradev Forest Area is a notable nature destination in Arghakhanchi district, part of Nepal's Lumbini Province. Chhatradev forested areas in Arghakhanchi representing the district's important natural heritage, managed through community forestry programs that have successfully regenerated degraded hillsides while providing sustainable livelihood benefits to local communities through controlled forest product harvesting and emerging eco-tourism activities. It is best visited during Sep-May and offers an easy experience well suited to families and casual travelers."
Panini Rural Municipality,Arghakhanchi,Lumbini,1,2698,Heritage,"Historical sightseeing, Museum visits, Photography, Guided heritage walks",easy,"Panini Rural Municipality is a notable heritage destination in Arghakhanchi district, part of Nepal's Lumbini Province. Municipality named in honor of the great Sanskrit grammarian Panini, whose traditional connection to this area has been commemorated through the establishment of Sanskrit learning centers and cultural programs that celebrate the remarkable intellectual heritage of the man who systematized the Sanskrit language over 2,500. It is best visited during Sep-May and offers an easy experience well suited to families and casual travelers."
Arghakhanchi Slate Mining Heritage,Arghakhanchi,Lumbini,1,1873,Heritage,"Historical sightseeing, Museum visits, Photography, Guided heritage walks",easy,"Arghakhanchi Slate Mining Heritage is a notable heritage destination in Arghakhanchi district, part of Nepal's Lumbini Province. Rich slate mining heritage of Arghakhanchi, where traditional stone quarrying and masonry have shaped both the landscape and the building culture of the district for centuries, with stone quarried from these hills being used to construct the distinctive slate-roofed traditional houses that characterize the architecture. It is best visited during Sep-May and offers an easy experience well suited to families and casual travelers."
Malarani Temple & Hills (Arghakhanchi),Arghakhanchi,Lumbini,1,2408,Religious,"Temple visits, Prayer and meditation, Pilgrimage rituals, Photography",easy,"Malarani Temple & Hills (Arghakhanchi) is a notable religious destination in Arghakhanchi district, part of Nepal's Lumbini Province. Revered hilltop temple complex dedicated to the Malarani goddess in Arghakhanchi, drawing pilgrims from the surrounding districts for major festivals where the goddess is worshipped with elaborate rituals, processions, and traditional performances that maintain the age-old tradition of mountain goddess worship in the western. It is best visited during Sep-May and offers an easy experience well suited to families and casual travelers."
Arghakhanchi Herbal Farm Belt,Arghakhanchi,Lumbini,1,1671,Cultural,"Village walks, Cultural performances, Local cuisine tasting, Homestay experience",easy,"Arghakhanchi Herbal Farm Belt is a notable cultural destination in Arghakhanchi district, part of Nepal's Lumbini Province. Growing herbal farming zone in Arghakhanchi where farmers are cultivating medicinal and aromatic plants including timur, ginger, turmeric, and various medicinal herbs for both local traditional medicine use and commercial herbal product markets, creating new economic opportunities in this remote mountain district. It is best visited during Sep-May and offers an easy experience well suited to families and casual travelers."
Chhatraganj Heritage Village,Arghakhanchi,Lumbini,1,2124,Heritage,"Historical sightseeing, Museum visits, Photography, Guided heritage walks",easy,"Chhatraganj Heritage Village is a notable heritage destination in Arghakhanchi district, part of Nepal's Lumbini Province. Historic trade settlement in eastern Arghakhanchi that once served as an important waypoint on the age-old trade routes crossing the western Nepal mid-hills, its traditional architecture and street layout preserving the spatial memory of centuries of commercial and social activity at this mountain crossroads. It is best visited during Sep-May and offers an easy experience well suited to families and casual travelers."
Arghakhanchi Mountain Trekking Route,Arghakhanchi,Lumbini,5,16959,Trekking,"Trekking, Camping, Mountain photography, Village homestay",difficult,"Arghakhanchi Mountain Trekking Route is a notable trekking destination in Arghakhanchi district, part of Nepal's Lumbini Province. Developing trekking route network through Arghakhanchi's dramatic mountain landscape connecting the district's historical fortresses, revered sites, traditional villages, and natural viewpoints into a coherent tourism circuit that offers adventurous travelers a genuine immersion in the cultural and natural heritage of this little-visited western Nepal district. It is best visited during Sep-May and offers a difficult experience well suited to experienced or adventurous travelers."
Narapani Village (Arghakhanchi),Arghakhanchi,Lumbini,1,3397,Cultural,"Village walks, Cultural performances, Local cuisine tasting, Homestay experience",easy,"Narapani Village (Arghakhanchi) is a notable cultural destination in Arghakhanchi district, part of Nepal's Lumbini Province. Traditional hill village in the Gorusinghe-Sandhikharka corridor of Arghakhanchi where agricultural terraces step down the hillsides in the classic patterns of Nepal mid-hill farming, maintained by communities who have adapted their land use practices over generations to maximize food production on this steep mountain terrain. It is best visited during Sep-May and offers an easy experience well suited to families and casual travelers."
Khana Village Area (Arghakhanchi),Arghakhanchi,Lumbini,1,2760,Cultural,"Village walks, Cultural performances, Local cuisine tasting, Homestay experience",easy,"Khana Village Area (Arghakhanchi) is a notable cultural destination in Arghakhanchi district, part of Nepal's Lumbini Province. Traditional rural outpost in the remote interior of Arghakhanchi where communities maintain the age-old practices of hill farming, forest product harvesting, and community governance through traditional institutions, representing one of the least-changed examples of traditional western Nepal hill community life. It is best visited during Sep-May and offers an easy experience well suited to families and casual travelers."
Argha Historic Village,Arghakhanchi,Lumbini,1,2157,Heritage,"Historical sightseeing, Museum visits, Photography, Guided heritage walks",easy,"Argha Historic Village is a notable heritage destination in Arghakhanchi district, part of Nepal's Lumbini Province. Historic hilltop village that gave its name to the entire Arghakhanchi district, an age-old settlement perched on a commanding ridge that served as the original political and cultural center of this mountain region, whose name and history are preserved in the collective memory and administrative. It is best visited during Sep-May and offers an easy experience well suited to families and casual travelers."
Arghakhanchi Tharu Buffer Zone,Arghakhanchi,Lumbini,1,2106,Cultural,"Village walks, Cultural performances, Local cuisine tasting, Homestay experience",easy,"Arghakhanchi Tharu Buffer Zone is a notable cultural destination in Arghakhanchi district, part of Nepal's Lumbini Province. Southern lowland area of Arghakhanchi where the mountain landscape transitions into the Terai plains, inhabited by Tharu communities whose villages represent the northernmost extent of the Tharu cultural zone, maintaining their distinctive traditions while having adapted to the specific ecology of the mountain-plains interface. It is best visited during Sep-May and offers an easy experience well suited to families and casual travelers."
Arghakhanchi Coffee & Cardamom Zone,Arghakhanchi,Lumbini,1,2437,Cultural,"Village walks, Cultural performances, Local cuisine tasting, Homestay experience",easy,"Arghakhanchi Coffee & Cardamom Zone is a notable cultural destination in Arghakhanchi district, part of Nepal's Lumbini Province. Emerging specialty agriculture zone in Arghakhanchi where progressive farmers have introduced coffee, large cardamom, and medicinal plant cultivation to complement traditional staple crop production, creating new economic opportunities and drawing agro-tourism interest to this historically isolated mountain district. It is best visited during Sep-May and offers an easy experience well suited to families and casual travelers."
Jaljala Mountain Plateau,Rolpa,Lumbini,1,5875,Hill Station,"Sunrise viewing, Hiking, Photography, Camping",moderate,"Jaljala Mountain Plateau is a notable hill station destination in Rolpa district, part of Nepal's Lumbini Province. Impressive high-altitude plateau over 3,000 meters in Rolpa covered in dramatic seasonal wildflower blooms including rhododendrons, primulas, and gentians, providing remarkable panoramic views of Mt. Sisne and surrounding ranges, making this one of the finest wildflower trekking destinations in mid-western Nepal. It is best visited during Mar-May, Sep-Nov and offers a moderate experience well suited to families and casual travelers."
Guerilla Trek (Rolpa-Rukum),Rolpa,Lumbini,3,21693,Trekking,"Trekking, Camping, Mountain photography, Village homestay",difficult,"Guerilla Trek (Rolpa-Rukum) is a notable trekking destination in Rolpa district, part of Nepal's Lumbini Province. Specialized historical trekking route cutting through the remote forests and villages of Rolpa and Rukum that traces the pathways of the Maoist insurgency of the 1990s-2000s, now providing a unique dark tourism experience that combines remarkable mountain scenery with a profound engagement with Nepal's recent. It is best visited during Mar-May, Sep-Nov and offers a difficult experience well suited to experienced or adventurous travelers."
Liwang Valley Capital (Rolpa),Rolpa,Lumbini,2,3519,Hill Station,"Sunrise viewing, Hiking, Photography, Camping",moderate,"Liwang Valley Capital (Rolpa) is a notable hill station destination in Rolpa district, part of Nepal's Lumbini Province. Main administrative district capital of Rolpa situated in a dramatic deep valley bowl surrounded by high ridges, a remote but strategically significant location that became the epicenter of the Maoist People's War in the 1990s and is now emerging as a destination for. It is best visited during Mar-May, Sep-Nov and offers a moderate experience well suited to families and casual travelers."
Thabang Historic Village,Rolpa,Lumbini,1,1832,Heritage,"Historical sightseeing, Museum visits, Photography, Guided heritage walks",easy,"Thabang Historic Village is a notable heritage destination in Rolpa district, part of Nepal's Lumbini Province. Historically remarkable village in Rolpa known for its unique communal social organization including communal land ownership and collective decision-making institutions that predate modern political movements, becoming well-known internationally as a center of political transformation and a model of alternative community organization. It is best visited during Mar-May, Sep-Nov and offers an easy experience well suited to families and casual travelers."
Mt. Sisne Approach Trail,Rolpa,Lumbini,2,4521,Hill Station,"Sunrise viewing, Hiking, Photography, Camping",moderate,"Mt. Sisne Approach Trail is a notable hill station destination in Rolpa district, part of Nepal's Lumbini Province. Approach trail toward Mt. Sisne, the revered snow-capped peak that dominates the entire skyline of Rolpa and Rukum, passing through remarkable alpine landscapes of meadows, forests, and rocky terrain while providing increasingly dramatic views of the mountain that the Magar people venerate as. It is best visited during Mar-May, Sep-Nov and offers a moderate experience well suited to families and casual travelers."
Runti & Gadi Sacred Area,Rolpa,Lumbini,1,2717,Religious,"Temple visits, Prayer and meditation, Pilgrimage rituals, Photography",easy,"Runti & Gadi Sacred Area is a notable religious destination in Rolpa district, part of Nepal's Lumbini Province. Birthplace area of the celebrated spiritual saint Swargadwari Prabhu in Rolpa, a deeply revered location that connects the district to the broader tradition of the Gorakshanath yogis and draws pilgrims who come to honor the memory of this important spiritual figure at the. It is best visited during Mar-May, Sep-Nov and offers an easy experience well suited to families and casual travelers."
Rolpa Kham Magar Village Circuit,Rolpa,Lumbini,1,2685,Cultural,"Village walks, Cultural performances, Local cuisine tasting, Homestay experience",easy,"Rolpa Kham Magar Village Circuit is a notable cultural destination in Rolpa district, part of Nepal's Lumbini Province. Circuit of traditional Kham Magar villages in Rolpa where the indigenous Kham Magar people maintain their remarkable oral literature traditions, shamanic religious practices, distinctive architectural styles, and community governance institutions, providing visitors a profound immersion in one of Nepal's most culturally distinctive indigenous. It is best visited during Mar-May, Sep-Nov and offers an easy experience well suited to families and casual travelers."
Sulichaur Gateway Town,Rolpa,Lumbini,2,2248,Urban,"Shopping, Local cuisine tasting, Sightseeing, Cultural exploration",easy,"Sulichaur Gateway Town is a notable urban destination in Rolpa district, part of Nepal's Lumbini Province. Primary commercial gateway and trade hub of eastern Rolpa, serving as the main entry point to the district from the Dang valley and functioning as the most accessible commercial center for communities in the outer regions of this remote mountain district. It is best visited during Mar-May, Sep-Nov and offers an easy experience well suited to families and casual travelers."
Ghartigaon Political Heritage Site,Rolpa,Lumbini,1,3062,Heritage,"Historical sightseeing, Museum visits, Photography, Guided heritage walks",easy,"Ghartigaon Political Heritage Site is a notable heritage destination in Rolpa district, part of Nepal's Lumbini Province. Historically significant political and logistics junction in Rolpa that played an important role in the organizational networks of the Maoist People's War, now recognized as a dark tourism heritage site where visitors can learn about the complex social and political forces that drove Nepal's. It is best visited during Mar-May, Sep-Nov and offers an easy experience well suited to families and casual travelers."
Rolpa Alpine Meadows (Kharka),Rolpa,Lumbini,1,5222,Hill Station,"Sunrise viewing, Hiking, Photography, Camping",moderate,"Rolpa Alpine Meadows (Kharka) is a notable hill station destination in Rolpa district, part of Nepal's Lumbini Province. High-altitude alpine meadows (kharka) of Rolpa where Magar and Gurung herding communities practice traditional transhumance, moving their livestock herds to high pastures in summer and returning to lower settlements in winter, maintaining an age-old pastoral economy that has shaped the landscape and culture. It is best visited during Mar-May, Sep-Nov and offers a moderate experience well suited to families and casual travelers."
Holeri Border Village (Rolpa-Dang),Rolpa,Lumbini,1,1481,Cultural,"Village walks, Cultural performances, Local cuisine tasting, Homestay experience",easy,"Holeri Border Village (Rolpa-Dang) is a notable cultural destination in Rolpa district, part of Nepal's Lumbini Province. Hill market town on the border between Rolpa district and Dang valley, representing the cultural and economic interface between the mountain Magar world of Rolpa and the Tharu-influenced inner-Terai culture of the Dang valley, where traders, farmers, and communities from both zones meet in. It is best visited during Mar-May, Sep-Nov and offers an easy experience well suited to families and casual travelers."
Rolpa Forest Wilderness,Rolpa,Lumbini,1,2084,Nature,"Nature walks, Bird watching, Photography, Picnicking",easy,"Rolpa Forest Wilderness is a notable nature destination in Rolpa district, part of Nepal's Lumbini Province. Extensive pristine forests of Rolpa's mountain landscape, among the least disturbed mid-hill forest ecosystems remaining in western Nepal, harboring leopards, red pandas in higher elevations, Himalayan black bears, diverse birds, and the extraordinarily rich medicinal plant communities that have sustained traditional Magar health practices for. It is best visited during Mar-May, Sep-Nov and offers an easy experience well suited to families and casual travelers."
Duikholat Village Area,Rolpa,Lumbini,1,1804,Cultural,"Village walks, Cultural performances, Local cuisine tasting, Homestay experience",easy,"Duikholat Village Area is a notable cultural destination in Rolpa district, part of Nepal's Lumbini Province. Rural municipality in Rolpa that was one of the epicenters of the Maoist revolutionary movement in the 1990s-2000s, today being reclaimed by its Kham Magar indigenous community as a center for cultural preservation and tourism development that celebrates both the pre-revolutionary traditional culture and the. It is best visited during Mar-May, Sep-Nov and offers an easy experience well suited to families and casual travelers."
Madi River Valley (Rolpa),Rolpa,Lumbini,1,2335,Nature,"Nature walks, Bird watching, Photography, Picnicking",easy,"Madi River Valley (Rolpa) is a notable nature destination in Rolpa district, part of Nepal's Lumbini Province. Madi River valley cutting through the mountains of Rolpa, a clear mountain stream flowing through forested gorges and past traditional Magar villages, providing trekking along its banks through a landscape that reveals both the remarkable natural beauty and the living cultural heritage of this. It is best visited during Mar-May, Sep-Nov and offers an easy experience well suited to families and casual travelers."
Runtigadhi Ancient Site,Rolpa,Lumbini,1,3412,Heritage,"Historical sightseeing, Museum visits, Photography, Guided heritage walks",easy,"Runtigadhi Ancient Site is a notable heritage destination in Rolpa district, part of Nepal's Lumbini Province. Ruins of an age-old fortification in Rolpa's Runtigadhi area representing the pre-unification political landscape of western Nepal when this mountain terrain was controlled by a patchwork of small kingdoms and principalities before Prithvi Narayan Shah's campaign to unite them under a single national authority. It is best visited during Mar-May, Sep-Nov and offers an easy experience well suited to families and casual travelers."
Rolpa Traditional Medicine Herbs Trail,Rolpa,Lumbini,1,1305,Nature,"Nature walks, Bird watching, Photography, Picnicking",easy,"Rolpa Traditional Medicine Herbs Trail is a notable nature destination in Rolpa district, part of Nepal's Lumbini Province. Guided trail through the forests and meadows of Rolpa led by traditional Magar healers who share their remarkable knowledge of medicinal plants, providing visitors a profound learning experience about the sophisticated traditional pharmacopoeia maintained by the Kham Magar people through centuries of observation. It is best visited during Mar-May, Sep-Nov and offers an easy experience well suited to families and casual travelers."
Sunil Smriti Area (Rolpa Memorial),Rolpa,Lumbini,1,2526,Heritage,"Historical sightseeing, Museum visits, Photography, Guided heritage walks",easy,"Sunil Smriti Area (Rolpa Memorial) is a notable heritage destination in Rolpa district, part of Nepal's Lumbini Province. Memorial area in Rolpa named to commemorate the Maoist revolutionary period in this district, now developing as a dark tourism site where the complex legacy of Nepal's decade-long civil conflict can be explored through interpretive heritage trails, community storytelling, and visits to historically. It is best visited during Mar-May, Sep-Nov and offers an easy experience well suited to families and casual travelers."
Rolpa Glacier Lake Zone,Rolpa,Lumbini,1,1759,Lake,"Boating, Picnicking, Bird watching, Photography",easy,"Rolpa Glacier Lake Zone is a notable lake destination in Rolpa district, part of Nepal's Lumbini Province. High-altitude glacial lakes in the upper reaches of Rolpa's mountain terrain, regarded as revered by the indigenous Magar community and accessible only through multi-day trekking through pristine wilderness, providing adventurous visitors an remarkable experience of remote Himalayan landscapes entirely free of tourist infrastructure. It is best visited during Mar-May, Sep-Nov and offers an easy experience well suited to experienced or adventurous travelers."
Lungri Village Forest Area,Rolpa,Lumbini,1,1460,Nature,"Nature walks, Bird watching, Photography, Picnicking",easy,"Lungri Village Forest Area is a notable nature destination in Rolpa district, part of Nepal's Lumbini Province. Remote rural municipality in the forested mountains of Rolpa where indigenous Kham Magar communities live in intimate relationship with the surrounding forest ecosystem, maintaining traditional practices of forest management, shamanic worship of natural forces, and community-governed use of forest resources. It is best visited during Mar-May, Sep-Nov and offers an easy experience well suited to families and casual travelers."
Bangalachuli-Dang-Rolpa Corridor,Rolpa,Lumbini,1,3851,Hill Station,"Sunrise viewing, Hiking, Photography, Camping",moderate,"Bangalachuli-Dang-Rolpa Corridor is a notable hill station destination in Rolpa district, part of Nepal's Lumbini Province. Geographical and cultural corridor connecting Rolpa's mountain Magar heartland to the Dang inner-Terai valley below, a zone of dramatic landscape transition where the high mountain world of the Kham Magar gives way to the lower foothills and eventually the flat agricultural plains of the Tharu. It is best visited during Mar-May, Sep-Nov and offers a moderate experience well suited to families and casual travelers."
Mt. Sisne (Sanjeevani Mountain),Rukum East,Lumbini,2,3876,Hill Station,"Sunrise viewing, Hiking, Photography, Camping",moderate,"Mt. Sisne (Sanjeevani Mountain) is a notable hill station destination in Rukum East district, part of Nepal's Lumbini Province. Majestic snow-capped peak dominating the skyline of the entire Rukum East landscape, revered by the indigenous Magar people as a revered mountain and popularly identified with the mythological Sanjeevani mountain from which the healing herbs were collected by Hanuman in the Ramayana. It is best visited during Mar-May, Sep-Nov and offers a moderate experience well suited to families and casual travelers."
Kamal Daha (Lotus Lake),Rukum East,Lumbini,1,2480,Lake,"Boating, Picnicking, Bird watching, Photography",easy,"Kamal Daha (Lotus Lake) is a notable lake destination in Rukum East district, part of Nepal's Lumbini Province. Tranquil high-altitude lake in Rukumkot well-known for its remarkable natural lotus flower blooms, one of the few high-altitude lake systems in Nepal where lotus plants grow naturally, making it both a botanical rarity and a deeply revered site for Buddhist and Hindu pilgrims. It is best visited during Mar-May, Sep-Nov and offers an easy experience well suited to families and casual travelers."
Uttarganga River Gorge,Rukum East,Lumbini,1,1642,Nature,"Nature walks, Bird watching, Photography, Picnicking",easy,"Uttarganga River Gorge is a notable nature destination in Rukum East district, part of Nepal's Lumbini Province. Dramatic river canyon carved by the Uttarganga River through the limestone mountains of Rukum East, showcasing vertical cliff walls, waterfalls, and the roaring sound of the mountain river amplified by the narrow gorge walls, creating one of the most visually dramatic natural features in. It is best visited during Mar-May, Sep-Nov and offers an easy experience well suited to families and casual travelers."
Dhorpatan Hunting Reserve (East),Rukum East,Lumbini,1,1530,Nature,"Nature walks, Bird watching, Photography, Picnicking",easy,"Dhorpatan Hunting Reserve (East) is a notable nature destination in Rukum East district, part of Nepal's Lumbini Province. Eastern edge of Nepal's only hunting reserve extending into Rukum East, showcasing high-altitude alpine landscapes that harbor blue sheep (bharal), Himalayan tahr, snow leopards, and diverse high-altitude bird species in a wilderness setting that receives very few visitors and retains its primeval mountain. It is best visited during Mar-May, Sep-Nov and offers an easy experience well suited to experienced or adventurous travelers."
Rukumkot Historic Capital,Rukum East,Lumbini,1,1716,Heritage,"Historical sightseeing, Museum visits, Photography, Guided heritage walks",easy,"Rukumkot Historic Capital is a notable heritage destination in Rukum East district, part of Nepal's Lumbini Province. Scenic historic administrative capital of Rukum East, a small hill town perched on a ridge above the Uttarganga River valley, showcasing age-old temples, traditional architecture, and the living heritage of the Kham Magar community whose cultural traditions have shaped this remote mountain district for. It is best visited during Mar-May, Sep-Nov and offers an easy experience well suited to families and casual travelers."
Takasera Kham Magar Village,Rukum East,Lumbini,1,2760,Cultural,"Village walks, Cultural performances, Local cuisine tasting, Homestay experience",easy,"Takasera Kham Magar Village is a notable cultural destination in Rukum East district, part of Nepal's Lumbini Province. Large traditional village of the indigenous Kham Magar community in Rukum East, one of the finest examples of Kham Magar architecture and cultural preservation in the entire district, where the community maintains its distinctive language, oral literature, shamanic religious practices, and traditional social. It is best visited during Mar-May, Sep-Nov and offers an easy experience well suited to families and casual travelers."
Sisne Alpine Trekking Route,Rukum East,Lumbini,2,4070,Hill Station,"Sunrise viewing, Hiking, Photography, Camping",moderate,"Sisne Alpine Trekking Route is a notable hill station destination in Rukum East district, part of Nepal's Lumbini Province. Developing high-altitude trekking route in Rukum East providing adventurous trekkers access to the dramatic alpine landscapes surrounding Mt. Sisne, passing through traditional Kham Magar villages, high pastoral meadows, and revered sites that together create an remarkable multi-day cultural and mountain adventure experience. It is best visited during Mar-May, Sep-Nov and offers a moderate experience well suited to families and casual travelers."
Bhume Village Area (Rukum East),Rukum East,Lumbini,1,3458,Cultural,"Village walks, Cultural performances, Local cuisine tasting, Homestay experience",easy,"Bhume Village Area (Rukum East) is a notable cultural destination in Rukum East district, part of Nepal's Lumbini Province. Rural municipality in Rukum East where Kham Magar communities maintain traditional mountain agriculture on steep terraced hillsides, cultivating millet, buckwheat, and barley in the high-altitude environment while preserving the rich oral traditions, communal festivals, and shamanic healing practices of their indigenous culture. It is best visited during Mar-May, Sep-Nov and offers an easy experience well suited to families and casual travelers."
Puta Uttarganga River Valley,Rukum East,Lumbini,1,3049,Nature,"Nature walks, Bird watching, Photography, Picnicking",easy,"Puta Uttarganga River Valley is a notable nature destination in Rukum East district, part of Nepal's Lumbini Province. Puta Uttarganga River valley in Rukum East, a scenic mountain river corridor passing through traditional Kham Magar settlements where the river's seasonal rhythms of flood and clarity have shaped the agricultural calendar, community festivals, and revered geography of the indigenous communities for countless. It is best visited during Mar-May, Sep-Nov and offers an easy experience well suited to families and casual travelers."
Rukum East High Pastures (Kharka),Rukum East,Lumbini,2,3633,Hill Station,"Sunrise viewing, Hiking, Photography, Camping",moderate,"Rukum East High Pastures (Kharka) is a notable hill station destination in Rukum East district, part of Nepal's Lumbini Province. Impressive high-altitude pastoral meadows of Rukum East where traditional transhumance practices continue as an important part of the Kham Magar economy, with herding communities moving to these summer pastures with their yak and cattle herds in a seasonal migration that has. It is best visited during Mar-May, Sep-Nov and offers a moderate experience well suited to families and casual travelers."
Sisne Rural Municipality,Rukum East,Lumbini,2,3280,Hill Station,"Sunrise viewing, Hiking, Photography, Camping",moderate,"Sisne Rural Municipality is a notable hill station destination in Rukum East district, part of Nepal's Lumbini Province. Rural municipality in Rukum East named for the revered Mt. Sisne that dominates its skyline, encompassing a high-altitude mountain territory where the Kham Magar people maintain their traditional relationship with the revered mountain landscape through seasonal agricultural practices, festival ceremonies, and oral traditions. It is best visited during Mar-May, Sep-Nov and offers a moderate experience well suited to families and casual travelers."
Rukum East Forest Wilderness,Rukum East,Lumbini,1,3142,Nature,"Nature walks, Bird watching, Photography, Picnicking",easy,"Rukum East Forest Wilderness is a notable nature destination in Rukum East district, part of Nepal's Lumbini Province. Extensive pristine forests of Rukum East, among the most remote and least disturbed mountain forests in the entire western Nepal hill region, harboring populations of Himalayan black bear, red panda, barking deer, and diverse forest birds, protected by the indigenous Kham Magar community's. It is best visited during Mar-May, Sep-Nov and offers an easy experience well suited to families and casual travelers."
Hukam Remote Settlement,Rukum East,Lumbini,1,1581,Nature,"Nature walks, Bird watching, Photography, Picnicking",easy,"Hukam Remote Settlement is a notable nature destination in Rukum East district, part of Nepal's Lumbini Province. One of the most remote settlements in Nepal's western highlands, Hukam in northern Rukum East features traditional architecture influenced by the trans-Himalayan cultural zone beyond the main ranges, its small community maintaining distinctive traditions that reflect the cultural flows between Tibet and the lower. It is best visited during Mar-May, Sep-Nov and offers an easy experience well suited to families and casual travelers."
Kol Highland Settlement (Rukum East),Rukum East,Lumbini,1,4278,Hill Station,"Sunrise viewing, Hiking, Photography, Camping",moderate,"Kol Highland Settlement (Rukum East) is a notable hill station destination in Rukum East district, part of Nepal's Lumbini Province. Remote highland settlement in northern Rukum East near the Dolpa border, representing one of the most extreme mountain environments inhabited by settled human communities in this part of Nepal, where the cultural and environmental conditions create a lifestyle of remarkable resilience. It is best visited during Mar-May, Sep-Nov and offers a moderate experience well suited to families and casual travelers."
Mahat Hill Village (Rukum East),Rukum East,Lumbini,1,1700,Cultural,"Village walks, Cultural performances, Local cuisine tasting, Homestay experience",easy,"Mahat Hill Village (Rukum East) is a notable cultural destination in Rukum East district, part of Nepal's Lumbini Province. Prominent hill village in Rukum East along the age-old mid-hill trade route, serving as a community center for surrounding villages and maintaining the traditional Kham Magar architectural style, festival calendar, and oral literature that constitute the living cultural heritage of this remote. It is best visited during Mar-May, Sep-Nov and offers an easy experience well suited to families and casual travelers."
Thamel Bazaar,Kathmandu,Bagmati,2,4492,Urban,"Shopping, Local cuisine tasting, Sightseeing, Cultural exploration",easy,"Thamel Bazaar is a notable urban destination in Kathmandu district, part of Nepal's Bagmati Province. Ultimate backpacker's paradise full of trekking shops, lively cafes, and colorful nightlife. It is best visited during Sep-Nov, Mar-May and offers an easy experience well suited to families and casual travelers."
Gosaikunda Lake,Rasuwa,Bagmati,1,2097,Lake,"Boating, Picnicking, Bird watching, Photography",easy,"Gosaikunda Lake is a notable lake destination in Rasuwa district, part of Nepal's Bagmati Province. High-altitude holy lake at 4,380m providing crisp alpine wilderness and massive spiritual value. It is best visited during Mar-May, Sep-Nov and offers an easy experience well suited to families and casual travelers."
Kalinchowk Bhagwati,Dolakha,Bagmati,1,5702,Hill Station,"Sunrise viewing, Hiking, Photography, Camping",moderate,"Kalinchowk Bhagwati is a notable hill station destination in Dolakha district, part of Nepal's Bagmati Province. Storied high-altitude shrine accessible by cable car, extremely popular for pristine snow views. It is best visited during Sep-May and offers a moderate experience well suited to families and casual travelers."
Sindhuligadhi Fort,Sindhuli,Bagmati,1,2312,Heritage,"Historical sightseeing, Museum visits, Photography, Guided heritage walks",easy,"Sindhuligadhi Fort is a notable heritage destination in Sindhuli district, part of Nepal's Bagmati Province. Historic hilltop fort where Gorkhali warriors famously defeated the British troops in 1767. It is best visited during Sep-May and offers an easy experience well suited to families and casual travelers."
Indra Sarovar (Kulekhani),Makwanpur,Bagmati,1,1500,Cultural,"Village walks, Cultural performances, Local cuisine tasting, Homestay experience",easy,"Indra Sarovar (Kulekhani) is a notable cultural destination in Makwanpur district, part of Nepal's Bagmati Province. Largest man-made reservoir in Nepal, perfect for boating, weekend relaxation, and fresh fish dining. It is best visited during Sep-May and offers an easy experience well suited to families and casual travelers."
Nagarkot Ridge,Bhaktapur,Bagmati,2,2102,Hill Station,"Sunrise viewing, Hiking, Photography, Camping",moderate,"Nagarkot Ridge is a notable hill station destination in Bhaktapur district, part of Nepal's Bagmati Province. Storied hilltop resort destination providing gorgeous sunrise vistas over the central Himalayan chain. It is best visited during Sep-Nov, Mar-May and offers a moderate experience well suited to families and casual travelers."
Upper Kathmandu Ancient Cave Shrine Corner,Kathmandu,Bagmati,1,1755,Religious,"Temple visits, Prayer and meditation, Pilgrimage rituals, Photography",easy,"Upper Kathmandu Ancient Cave Shrine Corner is a notable religious destination in Kathmandu district, part of Nepal's Bagmati Province. Scenic localized hidden gem in the Kathmandu district of Bagmati province. This corner features striking mystic divinity attributes, surrounding travellers with pristine deep limestone caverns and rich local tantric traditions. It is best visited during Sep-Nov, Mar-May and offers an easy experience well suited to families and casual travelers."
Upper Lalitpur Community Homestay Corner,Lalitpur,Bagmati,1,1844,Cultural,"Village walks, Cultural performances, Local cuisine tasting, Homestay experience",easy,"Upper Lalitpur Community Homestay Corner is a notable cultural destination in Lalitpur district, part of Nepal's Bagmati Province. Scenic localized hidden gem in the Lalitpur district of Bagmati province. This corner features striking rural warmth attributes, surrounding travellers with pristine lush organic farms & countryside and rich local ethnic hospitality traditions. It is best visited during Sep-Nov, Mar-May and offers an easy experience well suited to families and casual travelers."
Lower Bhaktapur Waterfall & Gorge Hub,Bhaktapur,Bagmati,1,2301,Waterfall,"Nature walks, Photography, Picnicking, Short hikes",moderate,"Lower Bhaktapur Waterfall & Gorge Hub is a notable waterfall destination in Bhaktapur district, part of Nepal's Bagmati Province. Scenic localized hidden gem in the Bhaktapur district of Bagmati province. This corner features striking raw aquatic power attributes, surrounding travellers with pristine cascading streams & rocky cliffs and rich local hill community folklore traditions. It is best visited during Sep-Nov, Mar-May and offers a moderate experience well suited to families and casual travelers."
Upper Kavrepalanchok Monastery & Chorten Corner,Kavrepalanchok,Bagmati,1,1906,Religious,"Temple visits, Prayer and meditation, Pilgrimage rituals, Photography",easy,"Upper Kavrepalanchok Monastery & Chorten Corner is a notable religious destination in Kavrepalanchok district, part of Nepal's Bagmati Province. Scenic localized hidden gem in the Kavrepalanchok district of Bagmati province. This corner features striking peaceful spiritualism attributes, surrounding travellers with pristine high mountain ridges & prayer flags and rich local tibetan buddhist culture traditions. It is best visited during Sep-May and offers an easy experience well suited to families and casual travelers."
Upper Sindhupalchok Riverside Camp Corner,Sindhupalchok,Bagmati,3,14424,Trekking,"Trekking, Camping, Mountain photography, Village homestay",difficult,"Upper Sindhupalchok Riverside Camp Corner is a notable trekking destination in Sindhupalchok district, part of Nepal's Bagmati Province. Scenic localized hidden gem in the Sindhupalchok district of Bagmati province. This corner features striking adventurous escape attributes, surrounding travellers with pristine rushing glacial rivers, sandy beaches and rich local fishermen communities traditions. It is best visited during Mar-May, Sep-Nov and offers a difficult experience well suited to experienced or adventurous travelers."
Lower Rasuwa Old Newari Street Hub,Rasuwa,Bagmati,1,2246,Heritage,"Historical sightseeing, Museum visits, Photography, Guided heritage walks",easy,"Lower Rasuwa Old Newari Street Hub is a notable heritage destination in Rasuwa district, part of Nepal's Bagmati Province. Scenic localized hidden gem in the Rasuwa district of Bagmati province. This corner features striking living history attributes, surrounding travellers with pristine brick facades & woodcarvings and rich local traditional newar craftsmanship traditions. It is best visited during Mar-May, Sep-Nov and offers an easy experience well suited to families and casual travelers."
Upper Nuwakot Hill Station Viewpoint Corner,Nuwakot,Bagmati,2,4159,Hill Station,"Sunrise viewing, Hiking, Photography, Camping",moderate,"Upper Nuwakot Hill Station Viewpoint Corner is a notable hill station destination in Nuwakot district, part of Nepal's Bagmati Province. Scenic localized hidden gem in the Nuwakot district of Bagmati province. This corner features striking scenic grandeur attributes, surrounding travellers with pristine rolling terraced fields & deep valleys and rich local mixed tamang & chhetri culture traditions. It is best visited during Sep-May and offers a moderate experience well suited to families and casual travelers."
Old Dhading Jungle Buffer Zone Sanctuary,Dhading,Bagmati,1,2305,Nature,"Nature walks, Bird watching, Photography, Picnicking",easy,"Old Dhading Jungle Buffer Zone Sanctuary is a notable nature destination in Dhading district, part of Nepal's Bagmati Province. Scenic localized hidden gem in the Dhading district of Bagmati province. This corner features striking wild nature attributes, surrounding travellers with pristine grasslands & wildlife trails and rich local indigenous tharu heritage traditions. It is best visited during Sep-May and offers an easy experience well suited to families and casual travelers."
Lower Chitwan Ancient Cave Shrine Hub,Chitwan,Bagmati,3,18369,National Park,"Jungle safari, Wildlife viewing, Bird watching, Jeep or canoe rides",moderate,"Lower Chitwan Ancient Cave Shrine Hub is a notable national park destination in Chitwan district, part of Nepal's Bagmati Province. Scenic localized hidden gem in the Chitwan district of Bagmati province. This corner features striking mystic divinity attributes, surrounding travellers with pristine deep limestone caverns and rich local tantric traditions. It is best visited during Oct-Mar and offers a moderate experience well suited to families and casual travelers."
Upper Makwanpur Community Homestay Corner,Makwanpur,Bagmati,1,2641,Cultural,"Village walks, Cultural performances, Local cuisine tasting, Homestay experience",easy,"Upper Makwanpur Community Homestay Corner is a notable cultural destination in Makwanpur district, part of Nepal's Bagmati Province. Scenic localized hidden gem in the Makwanpur district of Bagmati province. This corner features striking rural warmth attributes, surrounding travellers with pristine lush organic farms & countryside and rich local ethnic hospitality traditions. It is best visited during Sep-May and offers an easy experience well suited to families and casual travelers."
Upper Sindhuli Waterfall & Gorge Corner,Sindhuli,Bagmati,1,2409,Waterfall,"Nature walks, Photography, Picnicking, Short hikes",moderate,"Upper Sindhuli Waterfall & Gorge Corner is a notable waterfall destination in Sindhuli district, part of Nepal's Bagmati Province. Scenic localized hidden gem in the Sindhuli district of Bagmati province. This corner features striking raw aquatic power attributes, surrounding travellers with pristine cascading streams & rocky cliffs and rich local hill community folklore traditions. It is best visited during Sep-May and offers a moderate experience well suited to families and casual travelers."
Lower Ramechhap Monastery & Chorten Hub,Ramechhap,Bagmati,1,2742,Religious,"Temple visits, Prayer and meditation, Pilgrimage rituals, Photography",easy,"Lower Ramechhap Monastery & Chorten Hub is a notable religious destination in Ramechhap district, part of Nepal's Bagmati Province. Scenic localized hidden gem in the Ramechhap district of Bagmati province. This corner features striking peaceful spiritualism attributes, surrounding travellers with pristine high mountain ridges & prayer flags and rich local tibetan buddhist culture traditions. It is best visited during Sep-May and offers an easy experience well suited to families and casual travelers."
Old Dolakha Riverside Camp Sanctuary,Dolakha,Bagmati,5,30784,Trekking,"Trekking, Camping, Mountain photography, Village homestay",difficult,"Old Dolakha Riverside Camp Sanctuary is a notable trekking destination in Dolakha district, part of Nepal's Bagmati Province. Scenic localized hidden gem in the Dolakha district of Bagmati province. This corner features striking adventurous escape attributes, surrounding travellers with pristine rushing glacial rivers, sandy beaches and rich local fishermen communities traditions. It is best visited during Mar-May, Sep-Nov and offers a difficult experience well suited to experienced or adventurous travelers."
Upper Kathmandu Old Newari Street Corner,Kathmandu,Bagmati,1,2852,Heritage,"Historical sightseeing, Museum visits, Photography, Guided heritage walks",easy,"Upper Kathmandu Old Newari Street Corner is a notable heritage destination in Kathmandu district, part of Nepal's Bagmati Province. Scenic localized hidden gem in the Kathmandu district of Bagmati province. This corner features striking living history attributes, surrounding travellers with pristine brick facades & woodcarvings and rich local traditional newar craftsmanship traditions. It is best visited during Sep-Nov, Mar-May and offers an easy experience well suited to families and casual travelers."
Lower Lalitpur Hill Station Viewpoint Hub,Lalitpur,Bagmati,1,2905,Hill Station,"Sunrise viewing, Hiking, Photography, Camping",moderate,"Lower Lalitpur Hill Station Viewpoint Hub is a notable hill station destination in Lalitpur district, part of Nepal's Bagmati Province. Scenic localized hidden gem in the Lalitpur district of Bagmati province. This corner features striking scenic grandeur attributes, surrounding travellers with pristine rolling terraced fields & deep valleys and rich local mixed tamang & chhetri culture traditions. It is best visited during Sep-Nov, Mar-May and offers a moderate experience well suited to families and casual travelers."
Upper Bhaktapur Jungle Buffer Zone Corner,Bhaktapur,Bagmati,1,3164,Nature,"Nature walks, Bird watching, Photography, Picnicking",easy,"Upper Bhaktapur Jungle Buffer Zone Corner is a notable nature destination in Bhaktapur district, part of Nepal's Bagmati Province. Scenic localized hidden gem in the Bhaktapur district of Bagmati province. This corner features striking wild nature attributes, surrounding travellers with pristine grasslands & wildlife trails and rich local indigenous tharu heritage traditions. It is best visited during Sep-Nov, Mar-May and offers an easy experience well suited to families and casual travelers."
Upper Kavrepalanchok Ancient Cave Shrine Corner,Kavrepalanchok,Bagmati,1,1709,Religious,"Temple visits, Prayer and meditation, Pilgrimage rituals, Photography",easy,"Upper Kavrepalanchok Ancient Cave Shrine Corner is a notable religious destination in Kavrepalanchok district, part of Nepal's Bagmati Province. Scenic localized hidden gem in the Kavrepalanchok district of Bagmati province. This corner features striking mystic divinity attributes, surrounding travellers with pristine deep limestone caverns and rich local tantric traditions. It is best visited during Sep-May and offers an easy experience well suited to families and casual travelers."
Lower Sindhupalchok Community Homestay Hub,Sindhupalchok,Bagmati,1,1743,Cultural,"Village walks, Cultural performances, Local cuisine tasting, Homestay experience",easy,"Lower Sindhupalchok Community Homestay Hub is a notable cultural destination in Sindhupalchok district, part of Nepal's Bagmati Province. Scenic localized hidden gem in the Sindhupalchok district of Bagmati province. This corner features striking rural warmth attributes, surrounding travellers with pristine lush organic farms & countryside and rich local ethnic hospitality traditions. It is best visited during Sep-May and offers an easy experience well suited to families and casual travelers."
Upper Rasuwa Waterfall & Gorge Corner,Rasuwa,Bagmati,1,2077,Waterfall,"Nature walks, Photography, Picnicking, Short hikes",moderate,"Upper Rasuwa Waterfall & Gorge Corner is a notable waterfall destination in Rasuwa district, part of Nepal's Bagmati Province. Scenic localized hidden gem in the Rasuwa district of Bagmati province. This corner features striking raw aquatic power attributes, surrounding travellers with pristine cascading streams & rocky cliffs and rich local hill community folklore traditions. It is best visited during Mar-May, Sep-Nov and offers a moderate experience well suited to families and casual travelers."
Upper Nuwakot Monastery & Chorten Corner,Nuwakot,Bagmati,1,1327,Religious,"Temple visits, Prayer and meditation, Pilgrimage rituals, Photography",easy,"Upper Nuwakot Monastery & Chorten Corner is a notable religious destination in Nuwakot district, part of Nepal's Bagmati Province. Scenic localized hidden gem in the Nuwakot district of Bagmati province. This corner features striking peaceful spiritualism attributes, surrounding travellers with pristine high mountain ridges & prayer flags and rich local tibetan buddhist culture traditions. It is best visited during Sep-May and offers an easy experience well suited to families and casual travelers."
Lower Dhading Riverside Camp Hub,Dhading,Bagmati,3,27976,Trekking,"Trekking, Camping, Mountain photography, Village homestay",difficult,"Lower Dhading Riverside Camp Hub is a notable trekking destination in Dhading district, part of Nepal's Bagmati Province. Scenic localized hidden gem in the Dhading district of Bagmati province. This corner features striking adventurous escape attributes, surrounding travellers with pristine rushing glacial rivers, sandy beaches and rich local fishermen communities traditions. It is best visited during Mar-May, Sep-Nov and offers a difficult experience well suited to experienced or adventurous travelers."
Upper Chitwan Old Newari Street Corner,Chitwan,Bagmati,3,15633,National Park,"Jungle safari, Wildlife viewing, Bird watching, Jeep or canoe rides",moderate,"Upper Chitwan Old Newari Street Corner is a notable national park destination in Chitwan district, part of Nepal's Bagmati Province. Scenic localized hidden gem in the Chitwan district of Bagmati province. This corner features striking living history attributes, surrounding travellers with pristine brick facades & woodcarvings and rich local traditional newar craftsmanship traditions. It is best visited during Oct-Mar and offers a moderate experience well suited to families and casual travelers."
Old Makwanpur Hill Station Viewpoint Sanctuary,Makwanpur,Bagmati,2,5012,Hill Station,"Sunrise viewing, Hiking, Photography, Camping",moderate,"Old Makwanpur Hill Station Viewpoint Sanctuary is a notable hill station destination in Makwanpur district, part of Nepal's Bagmati Province. Scenic localized hidden gem in the Makwanpur district of Bagmati province. This corner features striking scenic grandeur attributes, surrounding travellers with pristine rolling terraced fields & deep valleys and rich local mixed tamang & chhetri culture traditions. It is best visited during Sep-May and offers a moderate experience well suited to families and casual travelers."
Lower Sindhuli Jungle Buffer Zone Hub,Sindhuli,Bagmati,1,1202,Nature,"Nature walks, Bird watching, Photography, Picnicking",easy,"Lower Sindhuli Jungle Buffer Zone Hub is a notable nature destination in Sindhuli district, part of Nepal's Bagmati Province. Scenic localized hidden gem in the Sindhuli district of Bagmati province. This corner features striking wild nature attributes, surrounding travellers with pristine grasslands & wildlife trails and rich local indigenous tharu heritage traditions. It is best visited during Sep-May and offers an easy experience well suited to families and casual travelers."
Upper Ramechhap Ancient Cave Shrine Corner,Ramechhap,Bagmati,1,2642,Religious,"Temple visits, Prayer and meditation, Pilgrimage rituals, Photography",easy,"Upper Ramechhap Ancient Cave Shrine Corner is a notable religious destination in Ramechhap district, part of Nepal's Bagmati Province. Scenic localized hidden gem in the Ramechhap district of Bagmati province. This corner features striking mystic divinity attributes, surrounding travellers with pristine deep limestone caverns and rich local tantric traditions. It is best visited during Sep-May and offers an easy experience well suited to families and casual travelers."
Upper Dolakha Community Homestay Corner,Dolakha,Bagmati,1,1286,Cultural,"Village walks, Cultural performances, Local cuisine tasting, Homestay experience",easy,"Upper Dolakha Community Homestay Corner is a notable cultural destination in Dolakha district, part of Nepal's Bagmati Province. Scenic localized hidden gem in the Dolakha district of Bagmati province. This corner features striking rural warmth attributes, surrounding travellers with pristine lush organic farms & countryside and rich local ethnic hospitality traditions. It is best visited during Sep-May and offers an easy experience well suited to families and casual travelers."
Lower Kathmandu Waterfall & Gorge Hub,Kathmandu,Bagmati,1,1717,Waterfall,"Nature walks, Photography, Picnicking, Short hikes",moderate,"Lower Kathmandu Waterfall & Gorge Hub is a notable waterfall destination in Kathmandu district, part of Nepal's Bagmati Province. Scenic localized hidden gem in the Kathmandu district of Bagmati province. This corner features striking raw aquatic power attributes, surrounding travellers with pristine cascading streams & rocky cliffs and rich local hill community folklore traditions. It is best visited during Sep-Nov, Mar-May and offers a moderate experience well suited to families and casual travelers."
Old Lalitpur Monastery & Chorten Sanctuary,Lalitpur,Bagmati,1,2594,Religious,"Temple visits, Prayer and meditation, Pilgrimage rituals, Photography",easy,"Old Lalitpur Monastery & Chorten Sanctuary is a notable religious destination in Lalitpur district, part of Nepal's Bagmati Province. Scenic localized hidden gem in the Lalitpur district of Bagmati province. This corner features striking peaceful spiritualism attributes, surrounding travellers with pristine high mountain ridges & prayer flags and rich local tibetan buddhist culture traditions. It is best visited during Sep-Nov, Mar-May and offers an easy experience well suited to families and casual travelers."
Upper Bhaktapur Riverside Camp Corner,Bhaktapur,Bagmati,4,29773,Trekking,"Trekking, Camping, Mountain photography, Village homestay",difficult,"Upper Bhaktapur Riverside Camp Corner is a notable trekking destination in Bhaktapur district, part of Nepal's Bagmati Province. Scenic localized hidden gem in the Bhaktapur district of Bagmati province. This corner features striking adventurous escape attributes, surrounding travellers with pristine rushing glacial rivers, sandy beaches and rich local fishermen communities traditions. It is best visited during Mar-May, Sep-Nov and offers a difficult experience well suited to experienced or adventurous travelers."
Lower Kavrepalanchok Old Newari Street Hub,Kavrepalanchok,Bagmati,1,3105,Heritage,"Historical sightseeing, Museum visits, Photography, Guided heritage walks",easy,"Lower Kavrepalanchok Old Newari Street Hub is a notable heritage destination in Kavrepalanchok district, part of Nepal's Bagmati Province. Scenic localized hidden gem in the Kavrepalanchok district of Bagmati province. This corner features striking living history attributes, surrounding travellers with pristine brick facades & woodcarvings and rich local traditional newar craftsmanship traditions. It is best visited during Sep-May and offers an easy experience well suited to families and casual travelers."
Upper Sindhupalchok Hill Station Viewpoint Corner,Sindhupalchok,Bagmati,2,4849,Hill Station,"Sunrise viewing, Hiking, Photography, Camping",moderate,"Upper Sindhupalchok Hill Station Viewpoint Corner is a notable hill station destination in Sindhupalchok district, part of Nepal's Bagmati Province. Scenic localized hidden gem in the Sindhupalchok district of Bagmati province. This corner features striking scenic grandeur attributes, surrounding travellers with pristine rolling terraced fields & deep valleys and rich local mixed tamang & chhetri culture traditions. It is best visited during Sep-May and offers a moderate experience well suited to families and casual travelers."
Upper Rasuwa Jungle Buffer Zone Corner,Rasuwa,Bagmati,1,3170,Nature,"Nature walks, Bird watching, Photography, Picnicking",easy,"Upper Rasuwa Jungle Buffer Zone Corner is a notable nature destination in Rasuwa district, part of Nepal's Bagmati Province. Scenic localized hidden gem in the Rasuwa district of Bagmati province. This corner features striking wild nature attributes, surrounding travellers with pristine grasslands & wildlife trails and rich local indigenous tharu heritage traditions. It is best visited during Mar-May, Sep-Nov and offers an easy experience well suited to families and casual travelers."
Lower Nuwakot Ancient Cave Shrine Hub,Nuwakot,Bagmati,1,1381,Religious,"Temple visits, Prayer and meditation, Pilgrimage rituals, Photography",easy,"Lower Nuwakot Ancient Cave Shrine Hub is a notable religious destination in Nuwakot district, part of Nepal's Bagmati Province. Scenic localized hidden gem in the Nuwakot district of Bagmati province. This corner features striking mystic divinity attributes, surrounding travellers with pristine deep limestone caverns and rich local tantric traditions. It is best visited during Sep-May and offers an easy experience well suited to families and casual travelers."
Upper Dhading Community Homestay Corner,Dhading,Bagmati,1,1555,Cultural,"Village walks, Cultural performances, Local cuisine tasting, Homestay experience",easy,"Upper Dhading Community Homestay Corner is a notable cultural destination in Dhading district, part of Nepal's Bagmati Province. Scenic localized hidden gem in the Dhading district of Bagmati province. This corner features striking rural warmth attributes, surrounding travellers with pristine lush organic farms & countryside and rich local ethnic hospitality traditions. It is best visited during Sep-May and offers an easy experience well suited to families and casual travelers."
Upper Chitwan Waterfall & Gorge Corner,Chitwan,Bagmati,3,17855,National Park,"Jungle safari, Wildlife viewing, Bird watching, Jeep or canoe rides",moderate,"Upper Chitwan Waterfall & Gorge Corner is a notable national park destination in Chitwan district, part of Nepal's Bagmati Province. Scenic localized hidden gem in the Chitwan district of Bagmati province. This corner features striking raw aquatic power attributes, surrounding travellers with pristine cascading streams & rocky cliffs and rich local hill community folklore traditions. It is best visited during Oct-Mar and offers a moderate experience well suited to families and casual travelers."
Lower Makwanpur Monastery & Chorten Hub,Makwanpur,Bagmati,1,3450,Religious,"Temple visits, Prayer and meditation, Pilgrimage rituals, Photography",easy,"Lower Makwanpur Monastery & Chorten Hub is a notable religious destination in Makwanpur district, part of Nepal's Bagmati Province. Scenic localized hidden gem in the Makwanpur district of Bagmati province. This corner features striking peaceful spiritualism attributes, surrounding travellers with pristine high mountain ridges & prayer flags and rich local tibetan buddhist culture traditions. It is best visited during Sep-May and offers an easy experience well suited to families and casual travelers."
Upper Sindhuli Riverside Camp Corner,Sindhuli,Bagmati,4,26781,Trekking,"Trekking, Camping, Mountain photography, Village homestay",difficult,"Upper Sindhuli Riverside Camp Corner is a notable trekking destination in Sindhuli district, part of Nepal's Bagmati Province. Scenic localized hidden gem in the Sindhuli district of Bagmati province. This corner features striking adventurous escape attributes, surrounding travellers with pristine rushing glacial rivers, sandy beaches and rich local fishermen communities traditions. It is best visited during Mar-May, Sep-Nov and offers a difficult experience well suited to experienced or adventurous travelers."
Old Ramechhap Old Newari Street Sanctuary,Ramechhap,Bagmati,1,2426,Heritage,"Historical sightseeing, Museum visits, Photography, Guided heritage walks",easy,"Old Ramechhap Old Newari Street Sanctuary is a notable heritage destination in Ramechhap district, part of Nepal's Bagmati Province. Scenic localized hidden gem in the Ramechhap district of Bagmati province. This corner features striking living history attributes, surrounding travellers with pristine brick facades & woodcarvings and rich local traditional newar craftsmanship traditions. It is best visited during Sep-May and offers an easy experience well suited to families and casual travelers."
Lower Dolakha Hill Station Viewpoint Hub,Dolakha,Bagmati,1,2392,Hill Station,"Sunrise viewing, Hiking, Photography, Camping",moderate,"Lower Dolakha Hill Station Viewpoint Hub is a notable hill station destination in Dolakha district, part of Nepal's Bagmati Province. Scenic localized hidden gem in the Dolakha district of Bagmati province. This corner features striking scenic grandeur attributes, surrounding travellers with pristine rolling terraced fields & deep valleys and rich local mixed tamang & chhetri culture traditions. It is best visited during Sep-May and offers a moderate experience well suited to families and casual travelers."
Upper Kathmandu Jungle Buffer Zone Corner,Kathmandu,Bagmati,1,2693,Nature,"Nature walks, Bird watching, Photography, Picnicking",easy,"Upper Kathmandu Jungle Buffer Zone Corner is a notable nature destination in Kathmandu district, part of Nepal's Bagmati Province. Scenic localized hidden gem in the Kathmandu district of Bagmati province. This corner features striking wild nature attributes, surrounding travellers with pristine grasslands & wildlife trails and rich local indigenous tharu heritage traditions. It is best visited during Sep-Nov, Mar-May and offers an easy experience well suited to families and casual travelers."
Upper Lalitpur Ancient Cave Shrine Corner,Lalitpur,Bagmati,1,3230,Religious,"Temple visits, Prayer and meditation, Pilgrimage rituals, Photography",easy,"Upper Lalitpur Ancient Cave Shrine Corner is a notable religious destination in Lalitpur district, part of Nepal's Bagmati Province. Scenic localized hidden gem in the Lalitpur district of Bagmati province. This corner features striking mystic divinity attributes, surrounding travellers with pristine deep limestone caverns and rich local tantric traditions. It is best visited during Sep-Nov, Mar-May and offers an easy experience well suited to families and casual travelers."
Lower Bhaktapur Community Homestay Hub,Bhaktapur,Bagmati,1,1590,Cultural,"Village walks, Cultural performances, Local cuisine tasting, Homestay experience",easy,"Lower Bhaktapur Community Homestay Hub is a notable cultural destination in Bhaktapur district, part of Nepal's Bagmati Province. Scenic localized hidden gem in the Bhaktapur district of Bagmati province. This corner features striking rural warmth attributes, surrounding travellers with pristine lush organic farms & countryside and rich local ethnic hospitality traditions. It is best visited during Sep-Nov, Mar-May and offers an easy experience well suited to families and casual travelers."
Old Kavrepalanchok Waterfall & Gorge Sanctuary,Kavrepalanchok,Bagmati,1,2781,Waterfall,"Nature walks, Photography, Picnicking, Short hikes",moderate,"Old Kavrepalanchok Waterfall & Gorge Sanctuary is a notable waterfall destination in Kavrepalanchok district, part of Nepal's Bagmati Province. Scenic localized hidden gem in the Kavrepalanchok district of Bagmati province. This corner features striking raw aquatic power attributes, surrounding travellers with pristine cascading streams & rocky cliffs and rich local hill community folklore traditions. It is best visited during Sep-May and offers a moderate experience well suited to families and casual travelers."
Upper Sindhupalchok Monastery & Chorten Corner,Sindhupalchok,Bagmati,1,2360,Religious,"Temple visits, Prayer and meditation, Pilgrimage rituals, Photography",easy,"Upper Sindhupalchok Monastery & Chorten Corner is a notable religious destination in Sindhupalchok district, part of Nepal's Bagmati Province. Scenic localized hidden gem in the Sindhupalchok district of Bagmati province. This corner features striking peaceful spiritualism attributes, surrounding travellers with pristine high mountain ridges & prayer flags and rich local tibetan buddhist culture traditions. It is best visited during Sep-May and offers an easy experience well suited to families and casual travelers."
Lower Rasuwa Riverside Camp Hub,Rasuwa,Bagmati,5,18672,Trekking,"Trekking, Camping, Mountain photography, Village homestay",difficult,"Lower Rasuwa Riverside Camp Hub is a notable trekking destination in Rasuwa district, part of Nepal's Bagmati Province. Scenic localized hidden gem in the Rasuwa district of Bagmati province. This corner features striking adventurous escape attributes, surrounding travellers with pristine rushing glacial rivers, sandy beaches and rich local fishermen communities traditions. It is best visited during Mar-May, Sep-Nov and offers a difficult experience well suited to experienced or adventurous travelers."
Upper Nuwakot Old Newari Street Corner,Nuwakot,Bagmati,1,1881,Heritage,"Historical sightseeing, Museum visits, Photography, Guided heritage walks",easy,"Upper Nuwakot Old Newari Street Corner is a notable heritage destination in Nuwakot district, part of Nepal's Bagmati Province. Scenic localized hidden gem in the Nuwakot district of Bagmati province. This corner features striking living history attributes, surrounding travellers with pristine brick facades & woodcarvings and rich local traditional newar craftsmanship traditions. It is best visited during Sep-May and offers an easy experience well suited to families and casual travelers."
Upper Dhading Hill Station Viewpoint Corner,Dhading,Bagmati,2,5569,Hill Station,"Sunrise viewing, Hiking, Photography, Camping",moderate,"Upper Dhading Hill Station Viewpoint Corner is a notable hill station destination in Dhading district, part of Nepal's Bagmati Province. Scenic localized hidden gem in the Dhading district of Bagmati province. This corner features striking scenic grandeur attributes, surrounding travellers with pristine rolling terraced fields & deep valleys and rich local mixed tamang & chhetri culture traditions. It is best visited during Sep-May and offers a moderate experience well suited to families and casual travelers."
Lower Chitwan Jungle Buffer Zone Hub,Chitwan,Bagmati,2,30407,National Park,"Jungle safari, Wildlife viewing, Bird watching, Jeep or canoe rides",moderate,"Lower Chitwan Jungle Buffer Zone Hub is a notable national park destination in Chitwan district, part of Nepal's Bagmati Province. Scenic localized hidden gem in the Chitwan district of Bagmati province. This corner features striking wild nature attributes, surrounding travellers with pristine grasslands & wildlife trails and rich local indigenous tharu heritage traditions. It is best visited during Oct-Mar and offers a moderate experience well suited to families and casual travelers."
Upper Makwanpur Ancient Cave Shrine Corner,Makwanpur,Bagmati,1,3240,Religious,"Temple visits, Prayer and meditation, Pilgrimage rituals, Photography",easy,"Upper Makwanpur Ancient Cave Shrine Corner is a notable religious destination in Makwanpur district, part of Nepal's Bagmati Province. Scenic localized hidden gem in the Makwanpur district of Bagmati province. This corner features striking mystic divinity attributes, surrounding travellers with pristine deep limestone caverns and rich local tantric traditions. It is best visited during Sep-May and offers an easy experience well suited to families and casual travelers."
Upper Sindhuli Community Homestay Corner,Sindhuli,Bagmati,1,2634,Cultural,"Village walks, Cultural performances, Local cuisine tasting, Homestay experience",easy,"Upper Sindhuli Community Homestay Corner is a notable cultural destination in Sindhuli district, part of Nepal's Bagmati Province. Scenic localized hidden gem in the Sindhuli district of Bagmati province. This corner features striking rural warmth attributes, surrounding travellers with pristine lush organic farms & countryside and rich local ethnic hospitality traditions. It is best visited during Sep-May and offers an easy experience well suited to families and casual travelers."
Lower Ramechhap Waterfall & Gorge Hub,Ramechhap,Bagmati,1,1718,Waterfall,"Nature walks, Photography, Picnicking, Short hikes",moderate,"Lower Ramechhap Waterfall & Gorge Hub is a notable waterfall destination in Ramechhap district, part of Nepal's Bagmati Province. Scenic localized hidden gem in the Ramechhap district of Bagmati province. This corner features striking raw aquatic power attributes, surrounding travellers with pristine cascading streams & rocky cliffs and rich local hill community folklore traditions. It is best visited during Sep-May and offers a moderate experience well suited to families and casual travelers."
Upper Dolakha Monastery & Chorten Corner,Dolakha,Bagmati,1,2218,Religious,"Temple visits, Prayer and meditation, Pilgrimage rituals, Photography",easy,"Upper Dolakha Monastery & Chorten Corner is a notable religious destination in Dolakha district, part of Nepal's Bagmati Province. Scenic localized hidden gem in the Dolakha district of Bagmati province. This corner features striking peaceful spiritualism attributes, surrounding travellers with pristine high mountain ridges & prayer flags and rich local tibetan buddhist culture traditions. It is best visited during Sep-May and offers an easy experience well suited to families and casual travelers."
Old Kathmandu Riverside Camp Sanctuary,Kathmandu,Bagmati,5,32205,Trekking,"Trekking, Camping, Mountain photography, Village homestay",difficult,"Old Kathmandu Riverside Camp Sanctuary is a notable trekking destination in Kathmandu district, part of Nepal's Bagmati Province. Scenic localized hidden gem in the Kathmandu district of Bagmati province. This corner features striking adventurous escape attributes, surrounding travellers with pristine rushing glacial rivers, sandy beaches and rich local fishermen communities traditions. It is best visited during Mar-May, Sep-Nov and offers a difficult experience well suited to experienced or adventurous travelers."
Lower Lalitpur Old Newari Street Hub,Lalitpur,Bagmati,1,3375,Heritage,"Historical sightseeing, Museum visits, Photography, Guided heritage walks",easy,"Lower Lalitpur Old Newari Street Hub is a notable heritage destination in Lalitpur district, part of Nepal's Bagmati Province. Scenic localized hidden gem in the Lalitpur district of Bagmati province. This corner features striking living history attributes, surrounding travellers with pristine brick facades & woodcarvings and rich local traditional newar craftsmanship traditions. It is best visited during Sep-Nov, Mar-May and offers an easy experience well suited to families and casual travelers."
Upper Bhaktapur Hill Station Viewpoint Corner,Bhaktapur,Bagmati,2,2961,Hill Station,"Sunrise viewing, Hiking, Photography, Camping",moderate,"Upper Bhaktapur Hill Station Viewpoint Corner is a notable hill station destination in Bhaktapur district, part of Nepal's Bagmati Province. Scenic localized hidden gem in the Bhaktapur district of Bagmati province. This corner features striking scenic grandeur attributes, surrounding travellers with pristine rolling terraced fields & deep valleys and rich local mixed tamang & chhetri culture traditions. It is best visited during Sep-Nov, Mar-May and offers a moderate experience well suited to families and casual travelers."
Upper Kavrepalanchok Jungle Buffer Zone Corner,Kavrepalanchok,Bagmati,1,1463,Nature,"Nature walks, Bird watching, Photography, Picnicking",easy,"Upper Kavrepalanchok Jungle Buffer Zone Corner is a notable nature destination in Kavrepalanchok district, part of Nepal's Bagmati Province. Scenic localized hidden gem in the Kavrepalanchok district of Bagmati province. This corner features striking wild nature attributes, surrounding travellers with pristine grasslands & wildlife trails and rich local indigenous tharu heritage traditions. It is best visited during Sep-May and offers an easy experience well suited to families and casual travelers."
Lower Sindhupalchok Ancient Cave Shrine Hub,Sindhupalchok,Bagmati,1,2434,Religious,"Temple visits, Prayer and meditation, Pilgrimage rituals, Photography",easy,"Lower Sindhupalchok Ancient Cave Shrine Hub is a notable religious destination in Sindhupalchok district, part of Nepal's Bagmati Province. Scenic localized hidden gem in the Sindhupalchok district of Bagmati province. This corner features striking mystic divinity attributes, surrounding travellers with pristine deep limestone caverns and rich local tantric traditions. It is best visited during Sep-May and offers an easy experience well suited to families and casual travelers."
Old Rasuwa Community Homestay Sanctuary,Rasuwa,Bagmati,1,1355,Cultural,"Village walks, Cultural performances, Local cuisine tasting, Homestay experience",easy,"Old Rasuwa Community Homestay Sanctuary is a notable cultural destination in Rasuwa district, part of Nepal's Bagmati Province. Scenic localized hidden gem in the Rasuwa district of Bagmati province. This corner features striking rural warmth attributes, surrounding travellers with pristine lush organic farms & countryside and rich local ethnic hospitality traditions. It is best visited during Mar-May, Sep-Nov and offers an easy experience well suited to families and casual travelers."
Upper Nuwakot Waterfall & Gorge Corner,Nuwakot,Bagmati,1,2773,Waterfall,"Nature walks, Photography, Picnicking, Short hikes",moderate,"Upper Nuwakot Waterfall & Gorge Corner is a notable waterfall destination in Nuwakot district, part of Nepal's Bagmati Province. Scenic localized hidden gem in the Nuwakot district of Bagmati province. This corner features striking raw aquatic power attributes, surrounding travellers with pristine cascading streams & rocky cliffs and rich local hill community folklore traditions. It is best visited during Sep-May and offers a moderate experience well suited to families and casual travelers."
Lower Dhading Monastery & Chorten Hub,Dhading,Bagmati,1,2647,Religious,"Temple visits, Prayer and meditation, Pilgrimage rituals, Photography",easy,"Lower Dhading Monastery & Chorten Hub is a notable religious destination in Dhading district, part of Nepal's Bagmati Province. Scenic localized hidden gem in the Dhading district of Bagmati province. This corner features striking peaceful spiritualism attributes, surrounding travellers with pristine high mountain ridges & prayer flags and rich local tibetan buddhist culture traditions. It is best visited during Sep-May and offers an easy experience well suited to families and casual travelers."
Upper Chitwan Riverside Camp Corner,Chitwan,Bagmati,2,28383,National Park,"Jungle safari, Wildlife viewing, Bird watching, Jeep or canoe rides",moderate,"Upper Chitwan Riverside Camp Corner is a notable national park destination in Chitwan district, part of Nepal's Bagmati Province. Scenic localized hidden gem in the Chitwan district of Bagmati province. This corner features striking adventurous escape attributes, surrounding travellers with pristine rushing glacial rivers, sandy beaches and rich local fishermen communities traditions. It is best visited during Oct-Mar and offers a moderate experience well suited to families and casual travelers."
Upper Makwanpur Old Newari Street Corner,Makwanpur,Bagmati,1,2493,Heritage,"Historical sightseeing, Museum visits, Photography, Guided heritage walks",easy,"Upper Makwanpur Old Newari Street Corner is a notable heritage destination in Makwanpur district, part of Nepal's Bagmati Province. Scenic localized hidden gem in the Makwanpur district of Bagmati province. This corner features striking living history attributes, surrounding travellers with pristine brick facades & woodcarvings and rich local traditional newar craftsmanship traditions. It is best visited during Sep-May and offers an easy experience well suited to families and casual travelers."
Lower Sindhuli Hill Station Viewpoint Hub,Sindhuli,Bagmati,1,4264,Hill Station,"Sunrise viewing, Hiking, Photography, Camping",moderate,"Lower Sindhuli Hill Station Viewpoint Hub is a notable hill station destination in Sindhuli district, part of Nepal's Bagmati Province. Scenic localized hidden gem in the Sindhuli district of Bagmati province. This corner features striking scenic grandeur attributes, surrounding travellers with pristine rolling terraced fields & deep valleys and rich local mixed tamang & chhetri culture traditions. It is best visited during Sep-May and offers a moderate experience well suited to families and casual travelers."
Upper Ramechhap Jungle Buffer Zone Corner,Ramechhap,Bagmati,1,1716,Nature,"Nature walks, Bird watching, Photography, Picnicking",easy,"Upper Ramechhap Jungle Buffer Zone Corner is a notable nature destination in Ramechhap district, part of Nepal's Bagmati Province. Scenic localized hidden gem in the Ramechhap district of Bagmati province. This corner features striking wild nature attributes, surrounding travellers with pristine grasslands & wildlife trails and rich local indigenous tharu heritage traditions. It is best visited during Sep-May and offers an easy experience well suited to families and casual travelers."
Upper Dolakha Ancient Cave Shrine Corner,Dolakha,Bagmati,1,3362,Religious,"Temple visits, Prayer and meditation, Pilgrimage rituals, Photography",easy,"Upper Dolakha Ancient Cave Shrine Corner is a notable religious destination in Dolakha district, part of Nepal's Bagmati Province. Scenic localized hidden gem in the Dolakha district of Bagmati province. This corner features striking mystic divinity attributes, surrounding travellers with pristine deep limestone caverns and rich local tantric traditions. It is best visited during Sep-May and offers an easy experience well suited to families and casual travelers."
Lower Kathmandu Community Homestay Hub,Kathmandu,Bagmati,1,1391,Cultural,"Village walks, Cultural performances, Local cuisine tasting, Homestay experience",easy,"Lower Kathmandu Community Homestay Hub is a notable cultural destination in Kathmandu district, part of Nepal's Bagmati Province. Scenic localized hidden gem in the Kathmandu district of Bagmati province. This corner features striking rural warmth attributes, surrounding travellers with pristine lush organic farms & countryside and rich local ethnic hospitality traditions. It is best visited during Sep-Nov, Mar-May and offers an easy experience well suited to families and casual travelers."
Upper Lalitpur Waterfall & Gorge Corner,Lalitpur,Bagmati,1,2255,Waterfall,"Nature walks, Photography, Picnicking, Short hikes",moderate,"Upper Lalitpur Waterfall & Gorge Corner is a notable waterfall destination in Lalitpur district, part of Nepal's Bagmati Province. Scenic localized hidden gem in the Lalitpur district of Bagmati province. This corner features striking raw aquatic power attributes, surrounding travellers with pristine cascading streams & rocky cliffs and rich local hill community folklore traditions. It is best visited during Sep-Nov, Mar-May and offers a moderate experience well suited to families and casual travelers."
Old Bhaktapur Monastery & Chorten Sanctuary,Bhaktapur,Bagmati,1,2528,Religious,"Temple visits, Prayer and meditation, Pilgrimage rituals, Photography",easy,"Old Bhaktapur Monastery & Chorten Sanctuary is a notable religious destination in Bhaktapur district, part of Nepal's Bagmati Province. Scenic localized hidden gem in the Bhaktapur district of Bagmati province. This corner features striking peaceful spiritualism attributes, surrounding travellers with pristine high mountain ridges & prayer flags and rich local tibetan buddhist culture traditions. It is best visited during Sep-Nov, Mar-May and offers an easy experience well suited to families and casual travelers."
Lower Kavrepalanchok Riverside Camp Hub,Kavrepalanchok,Bagmati,5,31274,Trekking,"Trekking, Camping, Mountain photography, Village homestay",difficult,"Lower Kavrepalanchok Riverside Camp Hub is a notable trekking destination in Kavrepalanchok district, part of Nepal's Bagmati Province. Scenic localized hidden gem in the Kavrepalanchok district of Bagmati province. This corner features striking adventurous escape attributes, surrounding travellers with pristine rushing glacial rivers, sandy beaches and rich local fishermen communities traditions. It is best visited during Mar-May, Sep-Nov and offers a difficult experience well suited to experienced or adventurous travelers."
Upper Sindhupalchok Old Newari Street Corner,Sindhupalchok,Bagmati,1,2489,Heritage,"Historical sightseeing, Museum visits, Photography, Guided heritage walks",easy,"Upper Sindhupalchok Old Newari Street Corner is a notable heritage destination in Sindhupalchok district, part of Nepal's Bagmati Province. Scenic localized hidden gem in the Sindhupalchok district of Bagmati province. This corner features striking living history attributes, surrounding travellers with pristine brick facades & woodcarvings and rich local traditional newar craftsmanship traditions. It is best visited during Sep-May and offers an easy experience well suited to families and casual travelers."
Upper Rasuwa Hill Station Viewpoint Corner,Rasuwa,Bagmati,2,5649,Hill Station,"Sunrise viewing, Hiking, Photography, Camping",moderate,"Upper Rasuwa Hill Station Viewpoint Corner is a notable hill station destination in Rasuwa district, part of Nepal's Bagmati Province. Scenic localized hidden gem in the Rasuwa district of Bagmati province. This corner features striking scenic grandeur attributes, surrounding travellers with pristine rolling terraced fields & deep valleys and rich local mixed tamang & chhetri culture traditions. It is best visited during Mar-May, Sep-Nov and offers a moderate experience well suited to families and casual travelers."
Lower Nuwakot Jungle Buffer Zone Hub,Nuwakot,Bagmati,1,1630,Nature,"Nature walks, Bird watching, Photography, Picnicking",easy,"Lower Nuwakot Jungle Buffer Zone Hub is a notable nature destination in Nuwakot district, part of Nepal's Bagmati Province. Scenic localized hidden gem in the Nuwakot district of Bagmati province. This corner features striking wild nature attributes, surrounding travellers with pristine grasslands & wildlife trails and rich local indigenous tharu heritage traditions. It is best visited during Sep-May and offers an easy experience well suited to families and casual travelers."
Old Dhading Ancient Cave Shrine Sanctuary,Dhading,Bagmati,1,1757,Religious,"Temple visits, Prayer and meditation, Pilgrimage rituals, Photography",easy,"Old Dhading Ancient Cave Shrine Sanctuary is a notable religious destination in Dhading district, part of Nepal's Bagmati Province. Scenic localized hidden gem in the Dhading district of Bagmati province. This corner features striking mystic divinity attributes, surrounding travellers with pristine deep limestone caverns and rich local tantric traditions. It is best visited during Sep-May and offers an easy experience well suited to families and casual travelers."
Upper Chitwan Community Homestay Corner,Chitwan,Bagmati,2,23657,National Park,"Jungle safari, Wildlife viewing, Bird watching, Jeep or canoe rides",moderate,"Upper Chitwan Community Homestay Corner is a notable national park destination in Chitwan district, part of Nepal's Bagmati Province. Scenic localized hidden gem in the Chitwan district of Bagmati province. This corner features striking rural warmth attributes, surrounding travellers with pristine lush organic farms & countryside and rich local ethnic hospitality traditions. It is best visited during Oct-Mar and offers a moderate experience well suited to families and casual travelers."
Lower Makwanpur Waterfall & Gorge Hub,Makwanpur,Bagmati,1,1858,Waterfall,"Nature walks, Photography, Picnicking, Short hikes",moderate,"Lower Makwanpur Waterfall & Gorge Hub is a notable waterfall destination in Makwanpur district, part of Nepal's Bagmati Province. Scenic localized hidden gem in the Makwanpur district of Bagmati province. This corner features striking raw aquatic power attributes, surrounding travellers with pristine cascading streams & rocky cliffs and rich local hill community folklore traditions. It is best visited during Sep-May and offers a moderate experience well suited to families and casual travelers."
Upper Sindhuli Monastery & Chorten Corner,Sindhuli,Bagmati,1,1869,Religious,"Temple visits, Prayer and meditation, Pilgrimage rituals, Photography",easy,"Upper Sindhuli Monastery & Chorten Corner is a notable religious destination in Sindhuli district, part of Nepal's Bagmati Province. Scenic localized hidden gem in the Sindhuli district of Bagmati province. This corner features striking peaceful spiritualism attributes, surrounding travellers with pristine high mountain ridges & prayer flags and rich local tibetan buddhist culture traditions. It is best visited during Sep-May and offers an easy experience well suited to families and casual travelers."
Upper Ramechhap Riverside Camp Corner,Ramechhap,Bagmati,6,31475,Trekking,"Trekking, Camping, Mountain photography, Village homestay",difficult,"Upper Ramechhap Riverside Camp Corner is a notable trekking destination in Ramechhap district, part of Nepal's Bagmati Province. Scenic localized hidden gem in the Ramechhap district of Bagmati province. This corner features striking adventurous escape attributes, surrounding travellers with pristine rushing glacial rivers, sandy beaches and rich local fishermen communities traditions. It is best visited during Mar-May, Sep-Nov and offers a difficult experience well suited to experienced or adventurous travelers."
Lower Dolakha Old Newari Street Hub,Dolakha,Bagmati,1,3482,Heritage,"Historical sightseeing, Museum visits, Photography, Guided heritage walks",easy,"Lower Dolakha Old Newari Street Hub is a notable heritage destination in Dolakha district, part of Nepal's Bagmati Province. Scenic localized hidden gem in the Dolakha district of Bagmati province. This corner features striking living history attributes, surrounding travellers with pristine brick facades & woodcarvings and rich local traditional newar craftsmanship traditions. It is best visited during Sep-May and offers an easy experience well suited to families and casual travelers."
Upper Kathmandu Hill Station Viewpoint Corner,Kathmandu,Bagmati,1,2990,Hill Station,"Sunrise viewing, Hiking, Photography, Camping",moderate,"Upper Kathmandu Hill Station Viewpoint Corner is a notable hill station destination in Kathmandu district, part of Nepal's Bagmati Province. Scenic localized hidden gem in the Kathmandu district of Bagmati province. This corner features striking scenic grandeur attributes, surrounding travellers with pristine rolling terraced fields & deep valleys and rich local mixed tamang & chhetri culture traditions. It is best visited during Sep-Nov, Mar-May and offers a moderate experience well suited to families and casual travelers."
Upper Lalitpur Jungle Buffer Zone Corner,Lalitpur,Bagmati,1,1957,Nature,"Nature walks, Bird watching, Photography, Picnicking",easy,"Upper Lalitpur Jungle Buffer Zone Corner is a notable nature destination in Lalitpur district, part of Nepal's Bagmati Province. Scenic localized hidden gem in the Lalitpur district of Bagmati province. This corner features striking wild nature attributes, surrounding travellers with pristine grasslands & wildlife trails and rich local indigenous tharu heritage traditions. It is best visited during Sep-Nov, Mar-May and offers an easy experience well suited to families and casual travelers."
Lower Bhaktapur Ancient Cave Shrine Hub,Bhaktapur,Bagmati,1,1720,Religious,"Temple visits, Prayer and meditation, Pilgrimage rituals, Photography",easy,"Lower Bhaktapur Ancient Cave Shrine Hub is a notable religious destination in Bhaktapur district, part of Nepal's Bagmati Province. Scenic localized hidden gem in the Bhaktapur district of Bagmati province. This corner features striking mystic divinity attributes, surrounding travellers with pristine deep limestone caverns and rich local tantric traditions. It is best visited during Sep-Nov, Mar-May and offers an easy experience well suited to families and casual travelers."
Upper Kavrepalanchok Community Homestay Corner,Kavrepalanchok,Bagmati,1,2010,Cultural,"Village walks, Cultural performances, Local cuisine tasting, Homestay experience",easy,"Upper Kavrepalanchok Community Homestay Corner is a notable cultural destination in Kavrepalanchok district, part of Nepal's Bagmati Province. Scenic localized hidden gem in the Kavrepalanchok district of Bagmati province. This corner features striking rural warmth attributes, surrounding travellers with pristine lush organic farms & countryside and rich local ethnic hospitality traditions. It is best visited during Sep-May and offers an easy experience well suited to families and casual travelers."
Old Sindhupalchok Waterfall & Gorge Sanctuary,Sindhupalchok,Bagmati,1,2040,Waterfall,"Nature walks, Photography, Picnicking, Short hikes",moderate,"Old Sindhupalchok Waterfall & Gorge Sanctuary is a notable waterfall destination in Sindhupalchok district, part of Nepal's Bagmati Province. Scenic localized hidden gem in the Sindhupalchok district of Bagmati province. This corner features striking raw aquatic power attributes, surrounding travellers with pristine cascading streams & rocky cliffs and rich local hill community folklore traditions. It is best visited during Sep-May and offers a moderate experience well suited to families and casual travelers."
Lower Rasuwa Monastery & Chorten Hub,Rasuwa,Bagmati,1,2262,Religious,"Temple visits, Prayer and meditation, Pilgrimage rituals, Photography",easy,"Lower Rasuwa Monastery & Chorten Hub is a notable religious destination in Rasuwa district, part of Nepal's Bagmati Province. Scenic localized hidden gem in the Rasuwa district of Bagmati province. This corner features striking peaceful spiritualism attributes, surrounding travellers with pristine high mountain ridges & prayer flags and rich local tibetan buddhist culture traditions. It is best visited during Mar-May, Sep-Nov and offers an easy experience well suited to families and casual travelers."
Upper Nuwakot Riverside Camp Corner,Nuwakot,Bagmati,6,20896,Trekking,"Trekking, Camping, Mountain photography, Village homestay",difficult,"Upper Nuwakot Riverside Camp Corner is a notable trekking destination in Nuwakot district, part of Nepal's Bagmati Province. Scenic localized hidden gem in the Nuwakot district of Bagmati province. This corner features striking adventurous escape attributes, surrounding travellers with pristine rushing glacial rivers, sandy beaches and rich local fishermen communities traditions. It is best visited during Mar-May, Sep-Nov and offers a difficult experience well suited to experienced or adventurous travelers."
Upper Dhading Old Newari Street Corner,Dhading,Bagmati,1,2851,Heritage,"Historical sightseeing, Museum visits, Photography, Guided heritage walks",easy,"Upper Dhading Old Newari Street Corner is a notable heritage destination in Dhading district, part of Nepal's Bagmati Province. Scenic localized hidden gem in the Dhading district of Bagmati province. This corner features striking living history attributes, surrounding travellers with pristine brick facades & woodcarvings and rich local traditional newar craftsmanship traditions. It is best visited during Sep-May and offers an easy experience well suited to families and casual travelers."
Lower Chitwan Hill Station Viewpoint Hub,Chitwan,Bagmati,2,19259,National Park,"Jungle safari, Wildlife viewing, Bird watching, Jeep or canoe rides",moderate,"Lower Chitwan Hill Station Viewpoint Hub is a notable national park destination in Chitwan district, part of Nepal's Bagmati Province. Scenic localized hidden gem in the Chitwan district of Bagmati province. This corner features striking scenic grandeur attributes, surrounding travellers with pristine rolling terraced fields & deep valleys and rich local mixed tamang & chhetri culture traditions. It is best visited during Oct-Mar and offers a moderate experience well suited to families and casual travelers."
Old Makwanpur Jungle Buffer Zone Sanctuary,Makwanpur,Bagmati,1,3170,Nature,"Nature walks, Bird watching, Photography, Picnicking",easy,"Old Makwanpur Jungle Buffer Zone Sanctuary is a notable nature destination in Makwanpur district, part of Nepal's Bagmati Province. Scenic localized hidden gem in the Makwanpur district of Bagmati province. This corner features striking wild nature attributes, surrounding travellers with pristine grasslands & wildlife trails and rich local indigenous tharu heritage traditions. It is best visited during Sep-May and offers an easy experience well suited to families and casual travelers."
Upper Sindhuli Ancient Cave Shrine Corner,Sindhuli,Bagmati,1,2025,Religious,"Temple visits, Prayer and meditation, Pilgrimage rituals, Photography",easy,"Upper Sindhuli Ancient Cave Shrine Corner is a notable religious destination in Sindhuli district, part of Nepal's Bagmati Province. Scenic localized hidden gem in the Sindhuli district of Bagmati province. This corner features striking mystic divinity attributes, surrounding travellers with pristine deep limestone caverns and rich local tantric traditions. It is best visited during Sep-May and offers an easy experience well suited to families and casual travelers."
Lower Ramechhap Community Homestay Hub,Ramechhap,Bagmati,1,3293,Cultural,"Village walks, Cultural performances, Local cuisine tasting, Homestay experience",easy,"Lower Ramechhap Community Homestay Hub is a notable cultural destination in Ramechhap district, part of Nepal's Bagmati Province. Scenic localized hidden gem in the Ramechhap district of Bagmati province. This corner features striking rural warmth attributes, surrounding travellers with pristine lush organic farms & countryside and rich local ethnic hospitality traditions. It is best visited during Sep-May and offers an easy experience well suited to families and casual travelers."
Upper Dolakha Waterfall & Gorge Corner,Dolakha,Bagmati,1,2211,Waterfall,"Nature walks, Photography, Picnicking, Short hikes",moderate,"Upper Dolakha Waterfall & Gorge Corner is a notable waterfall destination in Dolakha district, part of Nepal's Bagmati Province. Scenic localized hidden gem in the Dolakha district of Bagmati province. This corner features striking raw aquatic power attributes, surrounding travellers with pristine cascading streams & rocky cliffs and rich local hill community folklore traditions. It is best visited during Sep-May and offers a moderate experience well suited to families and casual travelers."
Upper Kathmandu Monastery & Chorten Corner,Kathmandu,Bagmati,1,1413,Religious,"Temple visits, Prayer and meditation, Pilgrimage rituals, Photography",easy,"Upper Kathmandu Monastery & Chorten Corner is a notable religious destination in Kathmandu district, part of Nepal's Bagmati Province. Scenic localized hidden gem in the Kathmandu district of Bagmati province. This corner features striking peaceful spiritualism attributes, surrounding travellers with pristine high mountain ridges & prayer flags and rich local tibetan buddhist culture traditions. It is best visited during Sep-Nov, Mar-May and offers an easy experience well suited to families and casual travelers."
Lower Lalitpur Riverside Camp Hub,Lalitpur,Bagmati,5,34837,Trekking,"Trekking, Camping, Mountain photography, Village homestay",difficult,"Lower Lalitpur Riverside Camp Hub is a notable trekking destination in Lalitpur district, part of Nepal's Bagmati Province. Scenic localized hidden gem in the Lalitpur district of Bagmati province. This corner features striking adventurous escape attributes, surrounding travellers with pristine rushing glacial rivers, sandy beaches and rich local fishermen communities traditions. It is best visited during Mar-May, Sep-Nov and offers a difficult experience well suited to experienced or adventurous travelers."
Upper Bhaktapur Old Newari Street Corner,Bhaktapur,Bagmati,1,2300,Heritage,"Historical sightseeing, Museum visits, Photography, Guided heritage walks",easy,"Upper Bhaktapur Old Newari Street Corner is a notable heritage destination in Bhaktapur district, part of Nepal's Bagmati Province. Scenic localized hidden gem in the Bhaktapur district of Bagmati province. This corner features striking living history attributes, surrounding travellers with pristine brick facades & woodcarvings and rich local traditional newar craftsmanship traditions. It is best visited during Sep-Nov, Mar-May and offers an easy experience well suited to families and casual travelers."
Upper Kavrepalanchok Hill Station Viewpoint Corner,Kavrepalanchok,Bagmati,2,3559,Hill Station,"Sunrise viewing, Hiking, Photography, Camping",moderate,"Upper Kavrepalanchok Hill Station Viewpoint Corner is a notable hill station destination in Kavrepalanchok district, part of Nepal's Bagmati Province. Scenic localized hidden gem in the Kavrepalanchok district of Bagmati province. This corner features striking scenic grandeur attributes, surrounding travellers with pristine rolling terraced fields & deep valleys and rich local mixed tamang & chhetri culture traditions. It is best visited during Sep-May and offers a moderate experience well suited to families and casual travelers."
Lower Sindhupalchok Jungle Buffer Zone Hub,Sindhupalchok,Bagmati,1,3131,Nature,"Nature walks, Bird watching, Photography, Picnicking",easy,"Lower Sindhupalchok Jungle Buffer Zone Hub is a notable nature destination in Sindhupalchok district, part of Nepal's Bagmati Province. Scenic localized hidden gem in the Sindhupalchok district of Bagmati province. This corner features striking wild nature attributes, surrounding travellers with pristine grasslands & wildlife trails and rich local indigenous tharu heritage traditions. It is best visited during Sep-May and offers an easy experience well suited to families and casual travelers."
Upper Rasuwa Ancient Cave Shrine Corner,Rasuwa,Bagmati,1,2141,Religious,"Temple visits, Prayer and meditation, Pilgrimage rituals, Photography",easy,"Upper Rasuwa Ancient Cave Shrine Corner is a notable religious destination in Rasuwa district, part of Nepal's Bagmati Province. Scenic localized hidden gem in the Rasuwa district of Bagmati province. This corner features striking mystic divinity attributes, surrounding travellers with pristine deep limestone caverns and rich local tantric traditions. It is best visited during Mar-May, Sep-Nov and offers an easy experience well suited to families and casual travelers."
Old Nuwakot Community Homestay Sanctuary,Nuwakot,Bagmati,1,1998,Cultural,"Village walks, Cultural performances, Local cuisine tasting, Homestay experience",easy,"Old Nuwakot Community Homestay Sanctuary is a notable cultural destination in Nuwakot district, part of Nepal's Bagmati Province. Scenic localized hidden gem in the Nuwakot district of Bagmati province. This corner features striking rural warmth attributes, surrounding travellers with pristine lush organic farms & countryside and rich local ethnic hospitality traditions. It is best visited during Sep-May and offers an easy experience well suited to families and casual travelers."
Lower Dhading Waterfall & Gorge Hub,Dhading,Bagmati,1,2514,Waterfall,"Nature walks, Photography, Picnicking, Short hikes",moderate,"Lower Dhading Waterfall & Gorge Hub is a notable waterfall destination in Dhading district, part of Nepal's Bagmati Province. Scenic localized hidden gem in the Dhading district of Bagmati province. This corner features striking raw aquatic power attributes, surrounding travellers with pristine cascading streams & rocky cliffs and rich local hill community folklore traditions. It is best visited during Sep-May and offers a moderate experience well suited to families and casual travelers."
Upper Chitwan Monastery & Chorten Corner,Chitwan,Bagmati,2,30389,National Park,"Jungle safari, Wildlife viewing, Bird watching, Jeep or canoe rides",moderate,"Upper Chitwan Monastery & Chorten Corner is a notable national park destination in Chitwan district, part of Nepal's Bagmati Province. Scenic localized hidden gem in the Chitwan district of Bagmati province. This corner features striking peaceful spiritualism attributes, surrounding travellers with pristine high mountain ridges & prayer flags and rich local tibetan buddhist culture traditions. It is best visited during Oct-Mar and offers a moderate experience well suited to families and casual travelers."
Upper Makwanpur Riverside Camp Corner,Makwanpur,Bagmati,4,26575,Trekking,"Trekking, Camping, Mountain photography, Village homestay",difficult,"Upper Makwanpur Riverside Camp Corner is a notable trekking destination in Makwanpur district, part of Nepal's Bagmati Province. Scenic localized hidden gem in the Makwanpur district of Bagmati province. This corner features striking adventurous escape attributes, surrounding travellers with pristine rushing glacial rivers, sandy beaches and rich local fishermen communities traditions. It is best visited during Mar-May, Sep-Nov and offers a difficult experience well suited to experienced or adventurous travelers."
Lower Sindhuli Old Newari Street Hub,Sindhuli,Bagmati,1,2812,Heritage,"Historical sightseeing, Museum visits, Photography, Guided heritage walks",easy,"Lower Sindhuli Old Newari Street Hub is a notable heritage destination in Sindhuli district, part of Nepal's Bagmati Province. Scenic localized hidden gem in the Sindhuli district of Bagmati province. This corner features striking living history attributes, surrounding travellers with pristine brick facades & woodcarvings and rich local traditional newar craftsmanship traditions. It is best visited during Sep-May and offers an easy experience well suited to families and casual travelers."
Old Ramechhap Hill Station Viewpoint Sanctuary,Ramechhap,Bagmati,1,2469,Hill Station,"Sunrise viewing, Hiking, Photography, Camping",moderate,"Old Ramechhap Hill Station Viewpoint Sanctuary is a notable hill station destination in Ramechhap district, part of Nepal's Bagmati Province. Scenic localized hidden gem in the Ramechhap district of Bagmati province. This corner features striking scenic grandeur attributes, surrounding travellers with pristine rolling terraced fields & deep valleys and rich local mixed tamang & chhetri culture traditions. It is best visited during Sep-May and offers a moderate experience well suited to families and casual travelers."
Upper Dolakha Jungle Buffer Zone Corner,Dolakha,Bagmati,1,3168,Nature,"Nature walks, Bird watching, Photography, Picnicking",easy,"Upper Dolakha Jungle Buffer Zone Corner is a notable nature destination in Dolakha district, part of Nepal's Bagmati Province. Scenic localized hidden gem in the Dolakha district of Bagmati province. This corner features striking wild nature attributes, surrounding travellers with pristine grasslands & wildlife trails and rich local indigenous tharu heritage traditions. It is best visited during Sep-May and offers an easy experience well suited to families and casual travelers."
Lower Kathmandu Ancient Cave Shrine Hub,Kathmandu,Bagmati,1,1294,Religious,"Temple visits, Prayer and meditation, Pilgrimage rituals, Photography",easy,"Lower Kathmandu Ancient Cave Shrine Hub is a notable religious destination in Kathmandu district, part of Nepal's Bagmati Province. Scenic localized hidden gem in the Kathmandu district of Bagmati province. This corner features striking mystic divinity attributes, surrounding travellers with pristine deep limestone caverns and rich local tantric traditions. It is best visited during Sep-Nov, Mar-May and offers an easy experience well suited to families and casual travelers."
Upper Bhaktapur Waterfall & Gorge Corner,Bhaktapur,Bagmati,1,1758,Waterfall,"Nature walks, Photography, Picnicking, Short hikes",moderate,"Upper Bhaktapur Waterfall & Gorge Corner is a notable waterfall destination in Bhaktapur district, part of Nepal's Bagmati Province. Scenic localized hidden gem in the Bhaktapur district of Bagmati province. This corner features striking raw aquatic power attributes, surrounding travellers with pristine cascading streams & rocky cliffs and rich local hill community folklore traditions. It is best visited during Sep-Nov, Mar-May and offers a moderate experience well suited to families and casual travelers."
Lower Kavrepalanchok Monastery & Chorten Hub,Kavrepalanchok,Bagmati,1,2084,Religious,"Temple visits, Prayer and meditation, Pilgrimage rituals, Photography",easy,"Lower Kavrepalanchok Monastery & Chorten Hub is a notable religious destination in Kavrepalanchok district, part of Nepal's Bagmati Province. Scenic localized hidden gem in the Kavrepalanchok district of Bagmati province. This corner features striking peaceful spiritualism attributes, surrounding travellers with pristine high mountain ridges & prayer flags and rich local tibetan buddhist culture traditions. It is best visited during Sep-May and offers an easy experience well suited to families and casual travelers."
Upper Rasuwa Old Newari Street Corner,Rasuwa,Bagmati,1,3500,Heritage,"Historical sightseeing, Museum visits, Photography, Guided heritage walks",easy,"Upper Rasuwa Old Newari Street Corner is a notable heritage destination in Rasuwa district, part of Nepal's Bagmati Province. Scenic localized hidden gem in the Rasuwa district of Bagmati province. This corner features striking living history attributes, surrounding travellers with pristine brick facades & woodcarvings and rich local traditional newar craftsmanship traditions. It is best visited during Mar-May, Sep-Nov and offers an easy experience well suited to families and casual travelers."
Lower Nuwakot Hill Station Viewpoint Hub,Nuwakot,Bagmati,2,3739,Hill Station,"Sunrise viewing, Hiking, Photography, Camping",moderate,"Lower Nuwakot Hill Station Viewpoint Hub is a notable hill station destination in Nuwakot district, part of Nepal's Bagmati Province. Scenic localized hidden gem in the Nuwakot district of Bagmati province. This corner features striking scenic grandeur attributes, surrounding travellers with pristine rolling terraced fields & deep valleys and rich local mixed tamang & chhetri culture traditions. It is best visited during Sep-May and offers a moderate experience well suited to families and casual travelers."
Upper Dhading Jungle Buffer Zone Corner,Dhading,Bagmati,1,3453,Nature,"Nature walks, Bird watching, Photography, Picnicking",easy,"Upper Dhading Jungle Buffer Zone Corner is a notable nature destination in Dhading district, part of Nepal's Bagmati Province. Scenic localized hidden gem in the Dhading district of Bagmati province. This corner features striking wild nature attributes, surrounding travellers with pristine grasslands & wildlife trails and rich local indigenous tharu heritage traditions. It is best visited during Sep-May and offers an easy experience well suited to families and casual travelers."
Old Chitwan Ancient Cave Shrine Sanctuary,Chitwan,Bagmati,3,24947,National Park,"Jungle safari, Wildlife viewing, Bird watching, Jeep or canoe rides",moderate,"Old Chitwan Ancient Cave Shrine Sanctuary is a notable national park destination in Chitwan district, part of Nepal's Bagmati Province. Scenic localized hidden gem in the Chitwan district of Bagmati province. This corner features striking mystic divinity attributes, surrounding travellers with pristine deep limestone caverns and rich local tantric traditions. It is best visited during Oct-Mar and offers a moderate experience well suited to families and casual travelers."
Lower Makwanpur Community Homestay Hub,Makwanpur,Bagmati,1,3221,Cultural,"Village walks, Cultural performances, Local cuisine tasting, Homestay experience",easy,"Lower Makwanpur Community Homestay Hub is a notable cultural destination in Makwanpur district, part of Nepal's Bagmati Province. Scenic localized hidden gem in the Makwanpur district of Bagmati province. This corner features striking rural warmth attributes, surrounding travellers with pristine lush organic farms & countryside and rich local ethnic hospitality traditions. It is best visited during Sep-May and offers an easy experience well suited to families and casual travelers."
Upper Ramechhap Monastery & Chorten Corner,Ramechhap,Bagmati,1,1345,Religious,"Temple visits, Prayer and meditation, Pilgrimage rituals, Photography",easy,"Upper Ramechhap Monastery & Chorten Corner is a notable religious destination in Ramechhap district, part of Nepal's Bagmati Province. Scenic localized hidden gem in the Ramechhap district of Bagmati province. This corner features striking peaceful spiritualism attributes, surrounding travellers with pristine high mountain ridges & prayer flags and rich local tibetan buddhist culture traditions. It is best visited during Sep-May and offers an easy experience well suited to families and casual travelers."
Lower Dolakha Riverside Camp Hub,Dolakha,Bagmati,5,15974,Trekking,"Trekking, Camping, Mountain photography, Village homestay",difficult,"Lower Dolakha Riverside Camp Hub is a notable trekking destination in Dolakha district, part of Nepal's Bagmati Province. Scenic localized hidden gem in the Dolakha district of Bagmati province. This corner features striking adventurous escape attributes, surrounding travellers with pristine rushing glacial rivers, sandy beaches and rich local fishermen communities traditions. It is best visited during Mar-May, Sep-Nov and offers a difficult experience well suited to experienced or adventurous travelers."
Old Kathmandu Old Newari Street Sanctuary,Kathmandu,Bagmati,1,2819,Heritage,"Historical sightseeing, Museum visits, Photography, Guided heritage walks",easy,"Old Kathmandu Old Newari Street Sanctuary is a notable heritage destination in Kathmandu district, part of Nepal's Bagmati Province. Scenic localized hidden gem in the Kathmandu district of Bagmati province. This corner features striking living history attributes, surrounding travellers with pristine brick facades & woodcarvings and rich local traditional newar craftsmanship traditions. It is best visited during Sep-Nov, Mar-May and offers an easy experience well suited to families and casual travelers."
Upper Lalitpur Hill Station Viewpoint Corner,Lalitpur,Bagmati,1,5413,Hill Station,"Sunrise viewing, Hiking, Photography, Camping",moderate,"Upper Lalitpur Hill Station Viewpoint Corner is a notable hill station destination in Lalitpur district, part of Nepal's Bagmati Province. Scenic localized hidden gem in the Lalitpur district of Bagmati province. This corner features striking scenic grandeur attributes, surrounding travellers with pristine rolling terraced fields & deep valleys and rich local mixed tamang & chhetri culture traditions. It is best visited during Sep-Nov, Mar-May and offers a moderate experience well suited to families and casual travelers."
Lower Bhaktapur Jungle Buffer Zone Hub,Bhaktapur,Bagmati,1,1512,Nature,"Nature walks, Bird watching, Photography, Picnicking",easy,"Lower Bhaktapur Jungle Buffer Zone Hub is a notable nature destination in Bhaktapur district, part of Nepal's Bagmati Province. Scenic localized hidden gem in the Bhaktapur district of Bagmati province. This corner features striking wild nature attributes, surrounding travellers with pristine grasslands & wildlife trails and rich local indigenous tharu heritage traditions. It is best visited during Sep-Nov, Mar-May and offers an easy experience well suited to families and casual travelers."
Upper Sindhupalchok Community Homestay Corner,Sindhupalchok,Bagmati,1,2912,Cultural,"Village walks, Cultural performances, Local cuisine tasting, Homestay experience",easy,"Upper Sindhupalchok Community Homestay Corner is a notable cultural destination in Sindhupalchok district, part of Nepal's Bagmati Province. Scenic localized hidden gem in the Sindhupalchok district of Bagmati province. This corner features striking rural warmth attributes, surrounding travellers with pristine lush organic farms & countryside and rich local ethnic hospitality traditions. It is best visited during Sep-May and offers an easy experience well suited to families and casual travelers."
Lower Rasuwa Waterfall & Gorge Hub,Rasuwa,Bagmati,1,1821,Waterfall,"Nature walks, Photography, Picnicking, Short hikes",moderate,"Lower Rasuwa Waterfall & Gorge Hub is a notable waterfall destination in Rasuwa district, part of Nepal's Bagmati Province. Scenic localized hidden gem in the Rasuwa district of Bagmati province. This corner features striking raw aquatic power attributes, surrounding travellers with pristine cascading streams & rocky cliffs and rich local hill community folklore traditions. It is best visited during Mar-May, Sep-Nov and offers a moderate experience well suited to families and casual travelers."
Upper Dhading Riverside Camp Corner,Dhading,Bagmati,6,28828,Trekking,"Trekking, Camping, Mountain photography, Village homestay",difficult,"Upper Dhading Riverside Camp Corner is a notable trekking destination in Dhading district, part of Nepal's Bagmati Province. Scenic localized hidden gem in the Dhading district of Bagmati province. This corner features striking adventurous escape attributes, surrounding travellers with pristine rushing glacial rivers, sandy beaches and rich local fishermen communities traditions. It is best visited during Mar-May, Sep-Nov and offers a difficult experience well suited to experienced or adventurous travelers."
Lower Chitwan Old Newari Street Hub,Chitwan,Bagmati,2,26223,National Park,"Jungle safari, Wildlife viewing, Bird watching, Jeep or canoe rides",moderate,"Lower Chitwan Old Newari Street Hub is a notable national park destination in Chitwan district, part of Nepal's Bagmati Province. Scenic localized hidden gem in the Chitwan district of Bagmati province. This corner features striking living history attributes, surrounding travellers with pristine brick facades & woodcarvings and rich local traditional newar craftsmanship traditions. It is best visited during Oct-Mar and offers a moderate experience well suited to families and casual travelers."
Upper Makwanpur Hill Station Viewpoint Corner,Makwanpur,Bagmati,1,4460,Hill Station,"Sunrise viewing, Hiking, Photography, Camping",moderate,"Upper Makwanpur Hill Station Viewpoint Corner is a notable hill station destination in Makwanpur district, part of Nepal's Bagmati Province. Scenic localized hidden gem in the Makwanpur district of Bagmati province. This corner features striking scenic grandeur attributes, surrounding travellers with pristine rolling terraced fields & deep valleys and rich local mixed tamang & chhetri culture traditions. It is best visited during Sep-May and offers a moderate experience well suited to families and casual travelers."
Old Sindhuli Jungle Buffer Zone Sanctuary,Sindhuli,Bagmati,1,1327,Nature,"Nature walks, Bird watching, Photography, Picnicking",easy,"Old Sindhuli Jungle Buffer Zone Sanctuary is a notable nature destination in Sindhuli district, part of Nepal's Bagmati Province. Scenic localized hidden gem in the Sindhuli district of Bagmati province. This corner features striking wild nature attributes, surrounding travellers with pristine grasslands & wildlife trails and rich local indigenous tharu heritage traditions. It is best visited during Sep-May and offers an easy experience well suited to families and casual travelers."
Lower Ramechhap Ancient Cave Shrine Hub,Ramechhap,Bagmati,1,2511,Religious,"Temple visits, Prayer and meditation, Pilgrimage rituals, Photography",easy,"Lower Ramechhap Ancient Cave Shrine Hub is a notable religious destination in Ramechhap district, part of Nepal's Bagmati Province. Scenic localized hidden gem in the Ramechhap district of Bagmati province. This corner features striking mystic divinity attributes, surrounding travellers with pristine deep limestone caverns and rich local tantric traditions. It is best visited during Sep-May and offers an easy experience well suited to families and casual travelers."
Upper Kathmandu Waterfall & Gorge Corner,Kathmandu,Bagmati,1,1798,Waterfall,"Nature walks, Photography, Picnicking, Short hikes",moderate,"Upper Kathmandu Waterfall & Gorge Corner is a notable waterfall destination in Kathmandu district, part of Nepal's Bagmati Province. Scenic localized hidden gem in the Kathmandu district of Bagmati province. This corner features striking raw aquatic power attributes, surrounding travellers with pristine cascading streams & rocky cliffs and rich local hill community folklore traditions. It is best visited during Sep-Nov, Mar-May and offers a moderate experience well suited to families and casual travelers."
Lower Lalitpur Monastery & Chorten Hub,Lalitpur,Bagmati,1,2893,Religious,"Temple visits, Prayer and meditation, Pilgrimage rituals, Photography",easy,"Lower Lalitpur Monastery & Chorten Hub is a notable religious destination in Lalitpur district, part of Nepal's Bagmati Province. Scenic localized hidden gem in the Lalitpur district of Bagmati province. This corner features striking peaceful spiritualism attributes, surrounding travellers with pristine high mountain ridges & prayer flags and rich local tibetan buddhist culture traditions. It is best visited during Sep-Nov, Mar-May and offers an easy experience well suited to families and casual travelers."
Old Bhaktapur Riverside Camp Sanctuary,Bhaktapur,Bagmati,3,16416,Trekking,"Trekking, Camping, Mountain photography, Village homestay",difficult,"Old Bhaktapur Riverside Camp Sanctuary is a notable trekking destination in Bhaktapur district, part of Nepal's Bagmati Province. Scenic localized hidden gem in the Bhaktapur district of Bagmati province. This corner features striking adventurous escape attributes, surrounding travellers with pristine rushing glacial rivers, sandy beaches and rich local fishermen communities traditions. It is best visited during Mar-May, Sep-Nov and offers a difficult experience well suited to experienced or adventurous travelers."
Upper Kavrepalanchok Old Newari Street Corner,Kavrepalanchok,Bagmati,1,1736,Heritage,"Historical sightseeing, Museum visits, Photography, Guided heritage walks",easy,"Upper Kavrepalanchok Old Newari Street Corner is a notable heritage destination in Kavrepalanchok district, part of Nepal's Bagmati Province. Scenic localized hidden gem in the Kavrepalanchok district of Bagmati province. This corner features striking living history attributes, surrounding travellers with pristine brick facades & woodcarvings and rich local traditional newar craftsmanship traditions. It is best visited during Sep-May and offers an easy experience well suited to families and casual travelers."
Lower Sindhupalchok Hill Station Viewpoint Hub,Sindhupalchok,Bagmati,1,2187,Hill Station,"Sunrise viewing, Hiking, Photography, Camping",moderate,"Lower Sindhupalchok Hill Station Viewpoint Hub is a notable hill station destination in Sindhupalchok district, part of Nepal's Bagmati Province. Scenic localized hidden gem in the Sindhupalchok district of Bagmati province. This corner features striking scenic grandeur attributes, surrounding travellers with pristine rolling terraced fields & deep valleys and rich local mixed tamang & chhetri culture traditions. It is best visited during Sep-May and offers a moderate experience well suited to families and casual travelers."
Upper Nuwakot Ancient Cave Shrine Corner,Nuwakot,Bagmati,1,1867,Religious,"Temple visits, Prayer and meditation, Pilgrimage rituals, Photography",easy,"Upper Nuwakot Ancient Cave Shrine Corner is a notable religious destination in Nuwakot district, part of Nepal's Bagmati Province. Scenic localized hidden gem in the Nuwakot district of Bagmati province. This corner features striking mystic divinity attributes, surrounding travellers with pristine deep limestone caverns and rich local tantric traditions. It is best visited during Sep-May and offers an easy experience well suited to families and casual travelers."
Lower Dhading Community Homestay Hub,Dhading,Bagmati,1,1859,Cultural,"Village walks, Cultural performances, Local cuisine tasting, Homestay experience",easy,"Lower Dhading Community Homestay Hub is a notable cultural destination in Dhading district, part of Nepal's Bagmati Province. Scenic localized hidden gem in the Dhading district of Bagmati province. This corner features striking rural warmth attributes, surrounding travellers with pristine lush organic farms & countryside and rich local ethnic hospitality traditions. It is best visited during Sep-May and offers an easy experience well suited to families and casual travelers."
Upper Makwanpur Monastery & Chorten Corner,Makwanpur,Bagmati,1,2756,Religious,"Temple visits, Prayer and meditation, Pilgrimage rituals, Photography",easy,"Upper Makwanpur Monastery & Chorten Corner is a notable religious destination in Makwanpur district, part of Nepal's Bagmati Province. Scenic localized hidden gem in the Makwanpur district of Bagmati province. This corner features striking peaceful spiritualism attributes, surrounding travellers with pristine high mountain ridges & prayer flags and rich local tibetan buddhist culture traditions. It is best visited during Sep-May and offers an easy experience well suited to families and casual travelers."
Lower Sindhuli Riverside Camp Hub,Sindhuli,Bagmati,4,27347,Trekking,"Trekking, Camping, Mountain photography, Village homestay",difficult,"Lower Sindhuli Riverside Camp Hub is a notable trekking destination in Sindhuli district, part of Nepal's Bagmati Province. Scenic localized hidden gem in the Sindhuli district of Bagmati province. This corner features striking adventurous escape attributes, surrounding travellers with pristine rushing glacial rivers, sandy beaches and rich local fishermen communities traditions. It is best visited during Mar-May, Sep-Nov and offers a difficult experience well suited to experienced or adventurous travelers."
Upper Ramechhap Old Newari Street Corner,Ramechhap,Bagmati,1,1477,Heritage,"Historical sightseeing, Museum visits, Photography, Guided heritage walks",easy,"Upper Ramechhap Old Newari Street Corner is a notable heritage destination in Ramechhap district, part of Nepal's Bagmati Province. Scenic localized hidden gem in the Ramechhap district of Bagmati province. This corner features striking living history attributes, surrounding travellers with pristine brick facades & woodcarvings and rich local traditional newar craftsmanship traditions. It is best visited during Sep-May and offers an easy experience well suited to families and casual travelers."
Old Dolakha Hill Station Viewpoint Sanctuary,Dolakha,Bagmati,1,5110,Hill Station,"Sunrise viewing, Hiking, Photography, Camping",moderate,"Old Dolakha Hill Station Viewpoint Sanctuary is a notable hill station destination in Dolakha district, part of Nepal's Bagmati Province. Scenic localized hidden gem in the Dolakha district of Bagmati province. This corner features striking scenic grandeur attributes, surrounding travellers with pristine rolling terraced fields & deep valleys and rich local mixed tamang & chhetri culture traditions. It is best visited during Sep-May and offers a moderate experience well suited to families and casual travelers."
Lower Kathmandu Jungle Buffer Zone Hub,Kathmandu,Bagmati,1,2677,Nature,"Nature walks, Bird watching, Photography, Picnicking",easy,"Lower Kathmandu Jungle Buffer Zone Hub is a notable nature destination in Kathmandu district, part of Nepal's Bagmati Province. Scenic localized hidden gem in the Kathmandu district of Bagmati province. This corner features striking wild nature attributes, surrounding travellers with pristine grasslands & wildlife trails and rich local indigenous tharu heritage traditions. It is best visited during Sep-Nov, Mar-May and offers an easy experience well suited to families and casual travelers."
Upper Bhaktapur Community Homestay Corner,Bhaktapur,Bagmati,1,2449,Cultural,"Village walks, Cultural performances, Local cuisine tasting, Homestay experience",easy,"Upper Bhaktapur Community Homestay Corner is a notable cultural destination in Bhaktapur district, part of Nepal's Bagmati Province. Scenic localized hidden gem in the Bhaktapur district of Bagmati province. This corner features striking rural warmth attributes, surrounding travellers with pristine lush organic farms & countryside and rich local ethnic hospitality traditions. It is best visited during Sep-Nov, Mar-May and offers an easy experience well suited to families and casual travelers."
Lower Kavrepalanchok Waterfall & Gorge Hub,Kavrepalanchok,Bagmati,1,2281,Waterfall,"Nature walks, Photography, Picnicking, Short hikes",moderate,"Lower Kavrepalanchok Waterfall & Gorge Hub is a notable waterfall destination in Kavrepalanchok district, part of Nepal's Bagmati Province. Scenic localized hidden gem in the Kavrepalanchok district of Bagmati province. This corner features striking raw aquatic power attributes, surrounding travellers with pristine cascading streams & rocky cliffs and rich local hill community folklore traditions. It is best visited during Sep-May and offers a moderate experience well suited to families and casual travelers."
Old Sindhupalchok Monastery & Chorten Sanctuary,Sindhupalchok,Bagmati,1,2288,Religious,"Temple visits, Prayer and meditation, Pilgrimage rituals, Photography",easy,"Old Sindhupalchok Monastery & Chorten Sanctuary is a notable religious destination in Sindhupalchok district, part of Nepal's Bagmati Province. Scenic localized hidden gem in the Sindhupalchok district of Bagmati province. This corner features striking peaceful spiritualism attributes, surrounding travellers with pristine high mountain ridges & prayer flags and rich local tibetan buddhist culture traditions. It is best visited during Sep-May and offers an easy experience well suited to families and casual travelers."
Upper Rasuwa Riverside Camp Corner,Rasuwa,Bagmati,6,16849,Trekking,"Trekking, Camping, Mountain photography, Village homestay",difficult,"Upper Rasuwa Riverside Camp Corner is a notable trekking destination in Rasuwa district, part of Nepal's Bagmati Province. Scenic localized hidden gem in the Rasuwa district of Bagmati province. This corner features striking adventurous escape attributes, surrounding travellers with pristine rushing glacial rivers, sandy beaches and rich local fishermen communities traditions. It is best visited during Mar-May, Sep-Nov and offers a difficult experience well suited to experienced or adventurous travelers."
Lower Nuwakot Old Newari Street Hub,Nuwakot,Bagmati,1,2905,Heritage,"Historical sightseeing, Museum visits, Photography, Guided heritage walks",easy,"Lower Nuwakot Old Newari Street Hub is a notable heritage destination in Nuwakot district, part of Nepal's Bagmati Province. Scenic localized hidden gem in the Nuwakot district of Bagmati province. This corner features striking living history attributes, surrounding travellers with pristine brick facades & woodcarvings and rich local traditional newar craftsmanship traditions. It is best visited during Sep-May and offers an easy experience well suited to families and casual travelers."
Upper Chitwan Jungle Buffer Zone Corner,Chitwan,Bagmati,3,30078,National Park,"Jungle safari, Wildlife viewing, Bird watching, Jeep or canoe rides",moderate,"Upper Chitwan Jungle Buffer Zone Corner is a notable national park destination in Chitwan district, part of Nepal's Bagmati Province. Scenic localized hidden gem in the Chitwan district of Bagmati province. This corner features striking wild nature attributes, surrounding travellers with pristine grasslands & wildlife trails and rich local indigenous tharu heritage traditions. It is best visited during Oct-Mar and offers a moderate experience well suited to families and casual travelers."
Lower Makwanpur Ancient Cave Shrine Hub,Makwanpur,Bagmati,1,2686,Religious,"Temple visits, Prayer and meditation, Pilgrimage rituals, Photography",easy,"Lower Makwanpur Ancient Cave Shrine Hub is a notable religious destination in Makwanpur district, part of Nepal's Bagmati Province. Scenic localized hidden gem in the Makwanpur district of Bagmati province. This corner features striking mystic divinity attributes, surrounding travellers with pristine deep limestone caverns and rich local tantric traditions. It is best visited during Sep-May and offers an easy experience well suited to families and casual travelers."
Upper Ramechhap Waterfall & Gorge Corner,Ramechhap,Bagmati,1,2012,Waterfall,"Nature walks, Photography, Picnicking, Short hikes",moderate,"Upper Ramechhap Waterfall & Gorge Corner is a notable waterfall destination in Ramechhap district, part of Nepal's Bagmati Province. Scenic localized hidden gem in the Ramechhap district of Bagmati province. This corner features striking raw aquatic power attributes, surrounding travellers with pristine cascading streams & rocky cliffs and rich local hill community folklore traditions. It is best visited during Sep-May and offers a moderate experience well suited to families and casual travelers."
Lower Dolakha Monastery & Chorten Hub,Dolakha,Bagmati,1,1739,Religious,"Temple visits, Prayer and meditation, Pilgrimage rituals, Photography",easy,"Lower Dolakha Monastery & Chorten Hub is a notable religious destination in Dolakha district, part of Nepal's Bagmati Province. Scenic localized hidden gem in the Dolakha district of Bagmati province. This corner features striking peaceful spiritualism attributes, surrounding travellers with pristine high mountain ridges & prayer flags and rich local tibetan buddhist culture traditions. It is best visited during Sep-May and offers an easy experience well suited to families and casual travelers."
Upper Kathmandu Riverside Camp Corner,Kathmandu,Bagmati,3,20425,Trekking,"Trekking, Camping, Mountain photography, Village homestay",difficult,"Upper Kathmandu Riverside Camp Corner is a notable trekking destination in Kathmandu district, part of Nepal's Bagmati Province. Scenic localized hidden gem in the Kathmandu district of Bagmati province. This corner features striking adventurous escape attributes, surrounding travellers with pristine rushing glacial rivers, sandy beaches and rich local fishermen communities traditions. It is best visited during Mar-May, Sep-Nov and offers a difficult experience well suited to experienced or adventurous travelers."
Old Lalitpur Old Newari Street Sanctuary,Lalitpur,Bagmati,1,2659,Heritage,"Historical sightseeing, Museum visits, Photography, Guided heritage walks",easy,"Old Lalitpur Old Newari Street Sanctuary is a notable heritage destination in Lalitpur district, part of Nepal's Bagmati Province. Scenic localized hidden gem in the Lalitpur district of Bagmati province. This corner features striking living history attributes, surrounding travellers with pristine brick facades & woodcarvings and rich local traditional newar craftsmanship traditions. It is best visited during Sep-Nov, Mar-May and offers an easy experience well suited to families and casual travelers."
Lower Bhaktapur Hill Station Viewpoint Hub,Bhaktapur,Bagmati,1,2315,Hill Station,"Sunrise viewing, Hiking, Photography, Camping",moderate,"Lower Bhaktapur Hill Station Viewpoint Hub is a notable hill station destination in Bhaktapur district, part of Nepal's Bagmati Province. Scenic localized hidden gem in the Bhaktapur district of Bagmati province. This corner features striking scenic grandeur attributes, surrounding travellers with pristine rolling terraced fields & deep valleys and rich local mixed tamang & chhetri culture traditions. It is best visited during Sep-Nov, Mar-May and offers a moderate experience well suited to families and casual travelers."
Upper Sindhupalchok Ancient Cave Shrine Corner,Sindhupalchok,Bagmati,1,1708,Religious,"Temple visits, Prayer and meditation, Pilgrimage rituals, Photography",easy,"Upper Sindhupalchok Ancient Cave Shrine Corner is a notable religious destination in Sindhupalchok district, part of Nepal's Bagmati Province. Scenic localized hidden gem in the Sindhupalchok district of Bagmati province. This corner features striking mystic divinity attributes, surrounding travellers with pristine deep limestone caverns and rich local tantric traditions. It is best visited during Sep-May and offers an easy experience well suited to families and casual travelers."
Lower Rasuwa Community Homestay Hub,Rasuwa,Bagmati,1,2117,Cultural,"Village walks, Cultural performances, Local cuisine tasting, Homestay experience",easy,"Lower Rasuwa Community Homestay Hub is a notable cultural destination in Rasuwa district, part of Nepal's Bagmati Province. Scenic localized hidden gem in the Rasuwa district of Bagmati province. This corner features striking rural warmth attributes, surrounding travellers with pristine lush organic farms & countryside and rich local ethnic hospitality traditions. It is best visited during Mar-May, Sep-Nov and offers an easy experience well suited to families and casual travelers."
Old Nuwakot Waterfall & Gorge Sanctuary,Nuwakot,Bagmati,1,2258,Waterfall,"Nature walks, Photography, Picnicking, Short hikes",moderate,"Old Nuwakot Waterfall & Gorge Sanctuary is a notable waterfall destination in Nuwakot district, part of Nepal's Bagmati Province. Scenic localized hidden gem in the Nuwakot district of Bagmati province. This corner features striking raw aquatic power attributes, surrounding travellers with pristine cascading streams & rocky cliffs and rich local hill community folklore traditions. It is best visited during Sep-May and offers a moderate experience well suited to families and casual travelers."
Upper Dhading Monastery & Chorten Corner,Dhading,Bagmati,1,3008,Religious,"Temple visits, Prayer and meditation, Pilgrimage rituals, Photography",easy,"Upper Dhading Monastery & Chorten Corner is a notable religious destination in Dhading district, part of Nepal's Bagmati Province. Scenic localized hidden gem in the Dhading district of Bagmati province. This corner features striking peaceful spiritualism attributes, surrounding travellers with pristine high mountain ridges & prayer flags and rich local tibetan buddhist culture traditions. It is best visited during Sep-May and offers an easy experience well suited to families and casual travelers."
Lower Chitwan Riverside Camp Hub,Chitwan,Bagmati,2,28587,National Park,"Jungle safari, Wildlife viewing, Bird watching, Jeep or canoe rides",moderate,"Lower Chitwan Riverside Camp Hub is a notable national park destination in Chitwan district, part of Nepal's Bagmati Province. Scenic localized hidden gem in the Chitwan district of Bagmati province. This corner features striking adventurous escape attributes, surrounding travellers with pristine rushing glacial rivers, sandy beaches and rich local fishermen communities traditions. It is best visited during Oct-Mar and offers a moderate experience well suited to families and casual travelers."
Upper Sindhuli Hill Station Viewpoint Corner,Sindhuli,Bagmati,2,4916,Hill Station,"Sunrise viewing, Hiking, Photography, Camping",moderate,"Upper Sindhuli Hill Station Viewpoint Corner is a notable hill station destination in Sindhuli district, part of Nepal's Bagmati Province. Scenic localized hidden gem in the Sindhuli district of Bagmati province. This corner features striking scenic grandeur attributes, surrounding travellers with pristine rolling terraced fields & deep valleys and rich local mixed tamang & chhetri culture traditions. It is best visited during Sep-May and offers a moderate experience well suited to families and casual travelers."
Lower Ramechhap Jungle Buffer Zone Hub,Ramechhap,Bagmati,1,3372,Nature,"Nature walks, Bird watching, Photography, Picnicking",easy,"Lower Ramechhap Jungle Buffer Zone Hub is a notable nature destination in Ramechhap district, part of Nepal's Bagmati Province. Scenic localized hidden gem in the Ramechhap district of Bagmati province. This corner features striking wild nature attributes, surrounding travellers with pristine grasslands & wildlife trails and rich local indigenous tharu heritage traditions. It is best visited during Sep-May and offers an easy experience well suited to families and casual travelers."
Upper Kathmandu Community Homestay Corner,Kathmandu,Bagmati,1,2169,Cultural,"Village walks, Cultural performances, Local cuisine tasting, Homestay experience",easy,"Upper Kathmandu Community Homestay Corner is a notable cultural destination in Kathmandu district, part of Nepal's Bagmati Province. Scenic localized hidden gem in the Kathmandu district of Bagmati province. This corner features striking rural warmth attributes, surrounding travellers with pristine lush organic farms & countryside and rich local ethnic hospitality traditions. It is best visited during Sep-Nov, Mar-May and offers an easy experience well suited to families and casual travelers."
Lower Lalitpur Waterfall & Gorge Hub,Lalitpur,Bagmati,1,1881,Waterfall,"Nature walks, Photography, Picnicking, Short hikes",moderate,"Lower Lalitpur Waterfall & Gorge Hub is a notable waterfall destination in Lalitpur district, part of Nepal's Bagmati Province. Scenic localized hidden gem in the Lalitpur district of Bagmati province. This corner features striking raw aquatic power attributes, surrounding travellers with pristine cascading streams & rocky cliffs and rich local hill community folklore traditions. It is best visited during Sep-Nov, Mar-May and offers a moderate experience well suited to families and casual travelers."
Upper Bhaktapur Monastery & Chorten Corner,Bhaktapur,Bagmati,1,1273,Religious,"Temple visits, Prayer and meditation, Pilgrimage rituals, Photography",easy,"Upper Bhaktapur Monastery & Chorten Corner is a notable religious destination in Bhaktapur district, part of Nepal's Bagmati Province. Scenic localized hidden gem in the Bhaktapur district of Bagmati province. This corner features striking peaceful spiritualism attributes, surrounding travellers with pristine high mountain ridges & prayer flags and rich local tibetan buddhist culture traditions. It is best visited during Sep-Nov, Mar-May and offers an easy experience well suited to families and casual travelers."
Old Kavrepalanchok Riverside Camp Sanctuary,Kavrepalanchok,Bagmati,4,20449,Trekking,"Trekking, Camping, Mountain photography, Village homestay",difficult,"Old Kavrepalanchok Riverside Camp Sanctuary is a notable trekking destination in Kavrepalanchok district, part of Nepal's Bagmati Province. Scenic localized hidden gem in the Kavrepalanchok district of Bagmati province. This corner features striking adventurous escape attributes, surrounding travellers with pristine rushing glacial rivers, sandy beaches and rich local fishermen communities traditions. It is best visited during Mar-May, Sep-Nov and offers a difficult experience well suited to experienced or adventurous travelers."
Lower Sindhupalchok Old Newari Street Hub,Sindhupalchok,Bagmati,1,2564,Heritage,"Historical sightseeing, Museum visits, Photography, Guided heritage walks",easy,"Lower Sindhupalchok Old Newari Street Hub is a notable heritage destination in Sindhupalchok district, part of Nepal's Bagmati Province. Scenic localized hidden gem in the Sindhupalchok district of Bagmati province. This corner features striking living history attributes, surrounding travellers with pristine brick facades & woodcarvings and rich local traditional newar craftsmanship traditions. It is best visited during Sep-May and offers an easy experience well suited to families and casual travelers."
Upper Nuwakot Jungle Buffer Zone Corner,Nuwakot,Bagmati,1,2846,Nature,"Nature walks, Bird watching, Photography, Picnicking",easy,"Upper Nuwakot Jungle Buffer Zone Corner is a notable nature destination in Nuwakot district, part of Nepal's Bagmati Province. Scenic localized hidden gem in the Nuwakot district of Bagmati province. This corner features striking wild nature attributes, surrounding travellers with pristine grasslands & wildlife trails and rich local indigenous tharu heritage traditions. It is best visited during Sep-May and offers an easy experience well suited to families and casual travelers."
Lower Dhading Ancient Cave Shrine Hub,Dhading,Bagmati,1,3010,Religious,"Temple visits, Prayer and meditation, Pilgrimage rituals, Photography",easy,"Lower Dhading Ancient Cave Shrine Hub is a notable religious destination in Dhading district, part of Nepal's Bagmati Province. Scenic localized hidden gem in the Dhading district of Bagmati province. This corner features striking mystic divinity attributes, surrounding travellers with pristine deep limestone caverns and rich local tantric traditions. It is best visited during Sep-May and offers an easy experience well suited to families and casual travelers."
Old Chitwan Community Homestay Sanctuary,Chitwan,Bagmati,2,22756,National Park,"Jungle safari, Wildlife viewing, Bird watching, Jeep or canoe rides",moderate,"Old Chitwan Community Homestay Sanctuary is a notable national park destination in Chitwan district, part of Nepal's Bagmati Province. Scenic localized hidden gem in the Chitwan district of Bagmati province. This corner features striking rural warmth attributes, surrounding travellers with pristine lush organic farms & countryside and rich local ethnic hospitality traditions. It is best visited during Oct-Mar and offers a moderate experience well suited to families and casual travelers."
Upper Makwanpur Waterfall & Gorge Corner,Makwanpur,Bagmati,1,1867,Waterfall,"Nature walks, Photography, Picnicking, Short hikes",moderate,"Upper Makwanpur Waterfall & Gorge Corner is a notable waterfall destination in Makwanpur district, part of Nepal's Bagmati Province. Scenic localized hidden gem in the Makwanpur district of Bagmati province. This corner features striking raw aquatic power attributes, surrounding travellers with pristine cascading streams & rocky cliffs and rich local hill community folklore traditions. It is best visited during Sep-May and offers a moderate experience well suited to families and casual travelers."
Lower Sindhuli Monastery & Chorten Hub,Sindhuli,Bagmati,1,1935,Religious,"Temple visits, Prayer and meditation, Pilgrimage rituals, Photography",easy,"Lower Sindhuli Monastery & Chorten Hub is a notable religious destination in Sindhuli district, part of Nepal's Bagmati Province. Scenic localized hidden gem in the Sindhuli district of Bagmati province. This corner features striking peaceful spiritualism attributes, surrounding travellers with pristine high mountain ridges & prayer flags and rich local tibetan buddhist culture traditions. It is best visited during Sep-May and offers an easy experience well suited to families and casual travelers."
Upper Dolakha Old Newari Street Corner,Dolakha,Bagmati,1,1963,Heritage,"Historical sightseeing, Museum visits, Photography, Guided heritage walks",easy,"Upper Dolakha Old Newari Street Corner is a notable heritage destination in Dolakha district, part of Nepal's Bagmati Province. Scenic localized hidden gem in the Dolakha district of Bagmati province. This corner features striking living history attributes, surrounding travellers with pristine brick facades & woodcarvings and rich local traditional newar craftsmanship traditions. It is best visited during Sep-May and offers an easy experience well suited to families and casual travelers."
Lower Kathmandu Hill Station Viewpoint Hub,Kathmandu,Bagmati,1,5534,Hill Station,"Sunrise viewing, Hiking, Photography, Camping",moderate,"Lower Kathmandu Hill Station Viewpoint Hub is a notable hill station destination in Kathmandu district, part of Nepal's Bagmati Province. Scenic localized hidden gem in the Kathmandu district of Bagmati province. This corner features striking scenic grandeur attributes, surrounding travellers with pristine rolling terraced fields & deep valleys and rich local mixed tamang & chhetri culture traditions. It is best visited during Sep-Nov, Mar-May and offers a moderate experience well suited to families and casual travelers."
Upper Bhaktapur Ancient Cave Shrine Corner,Bhaktapur,Bagmati,1,3149,Religious,"Temple visits, Prayer and meditation, Pilgrimage rituals, Photography",easy,"Upper Bhaktapur Ancient Cave Shrine Corner is a notable religious destination in Bhaktapur district, part of Nepal's Bagmati Province. Scenic localized hidden gem in the Bhaktapur district of Bagmati province. This corner features striking mystic divinity attributes, surrounding travellers with pristine deep limestone caverns and rich local tantric traditions. It is best visited during Sep-Nov, Mar-May and offers an easy experience well suited to families and casual travelers."
Lower Kavrepalanchok Community Homestay Hub,Kavrepalanchok,Bagmati,1,1260,Cultural,"Village walks, Cultural performances, Local cuisine tasting, Homestay experience",easy,"Lower Kavrepalanchok Community Homestay Hub is a notable cultural destination in Kavrepalanchok district, part of Nepal's Bagmati Province. Scenic localized hidden gem in the Kavrepalanchok district of Bagmati province. This corner features striking rural warmth attributes, surrounding travellers with pristine lush organic farms & countryside and rich local ethnic hospitality traditions. It is best visited during Sep-May and offers an easy experience well suited to families and casual travelers."
Upper Sindhupalchok Waterfall & Gorge Corner,Sindhupalchok,Bagmati,1,2698,Waterfall,"Nature walks, Photography, Picnicking, Short hikes",moderate,"Upper Sindhupalchok Waterfall & Gorge Corner is a notable waterfall destination in Sindhupalchok district, part of Nepal's Bagmati Province. Scenic localized hidden gem in the Sindhupalchok district of Bagmati province. This corner features striking raw aquatic power attributes, surrounding travellers with pristine cascading streams & rocky cliffs and rich local hill community folklore traditions. It is best visited during Sep-May and offers a moderate experience well suited to families and casual travelers."
Old Rasuwa Monastery & Chorten Sanctuary,Rasuwa,Bagmati,1,2310,Religious,"Temple visits, Prayer and meditation, Pilgrimage rituals, Photography",easy,"Old Rasuwa Monastery & Chorten Sanctuary is a notable religious destination in Rasuwa district, part of Nepal's Bagmati Province. Scenic localized hidden gem in the Rasuwa district of Bagmati province. This corner features striking peaceful spiritualism attributes, surrounding travellers with pristine high mountain ridges & prayer flags and rich local tibetan buddhist culture traditions. It is best visited during Mar-May, Sep-Nov and offers an easy experience well suited to families and casual travelers."
Lower Nuwakot Riverside Camp Hub,Nuwakot,Bagmati,6,26023,Trekking,"Trekking, Camping, Mountain photography, Village homestay",difficult,"Lower Nuwakot Riverside Camp Hub is a notable trekking destination in Nuwakot district, part of Nepal's Bagmati Province. Scenic localized hidden gem in the Nuwakot district of Bagmati province. This corner features striking adventurous escape attributes, surrounding travellers with pristine rushing glacial rivers, sandy beaches and rich local fishermen communities traditions. It is best visited during Mar-May, Sep-Nov and offers a difficult experience well suited to experienced or adventurous travelers."
Upper Chitwan Hill Station Viewpoint Corner,Chitwan,Bagmati,2,15727,National Park,"Jungle safari, Wildlife viewing, Bird watching, Jeep or canoe rides",moderate,"Upper Chitwan Hill Station Viewpoint Corner is a notable national park destination in Chitwan district, part of Nepal's Bagmati Province. Scenic localized hidden gem in the Chitwan district of Bagmati province. This corner features striking scenic grandeur attributes, surrounding travellers with pristine rolling terraced fields & deep valleys and rich local mixed tamang & chhetri culture traditions. It is best visited during Oct-Mar and offers a moderate experience well suited to families and casual travelers."
Lower Makwanpur Jungle Buffer Zone Hub,Makwanpur,Bagmati,1,2319,Nature,"Nature walks, Bird watching, Photography, Picnicking",easy,"Lower Makwanpur Jungle Buffer Zone Hub is a notable nature destination in Makwanpur district, part of Nepal's Bagmati Province. Scenic localized hidden gem in the Makwanpur district of Bagmati province. This corner features striking wild nature attributes, surrounding travellers with pristine grasslands & wildlife trails and rich local indigenous tharu heritage traditions. It is best visited during Sep-May and offers an easy experience well suited to families and casual travelers."
Old Sindhuli Ancient Cave Shrine Sanctuary,Sindhuli,Bagmati,1,1294,Religious,"Temple visits, Prayer and meditation, Pilgrimage rituals, Photography",easy,"Old Sindhuli Ancient Cave Shrine Sanctuary is a notable religious destination in Sindhuli district, part of Nepal's Bagmati Province. Scenic localized hidden gem in the Sindhuli district of Bagmati province. This corner features striking mystic divinity attributes, surrounding travellers with pristine deep limestone caverns and rich local tantric traditions. It is best visited during Sep-May and offers an easy experience well suited to families and casual travelers."
Upper Ramechhap Community Homestay Corner,Ramechhap,Bagmati,1,2197,Cultural,"Village walks, Cultural performances, Local cuisine tasting, Homestay experience",easy,"Upper Ramechhap Community Homestay Corner is a notable cultural destination in Ramechhap district, part of Nepal's Bagmati Province. Scenic localized hidden gem in the Ramechhap district of Bagmati province. This corner features striking rural warmth attributes, surrounding travellers with pristine lush organic farms & countryside and rich local ethnic hospitality traditions. It is best visited during Sep-May and offers an easy experience well suited to families and casual travelers."
Lower Dolakha Waterfall & Gorge Hub,Dolakha,Bagmati,1,1656,Waterfall,"Nature walks, Photography, Picnicking, Short hikes",moderate,"Lower Dolakha Waterfall & Gorge Hub is a notable waterfall destination in Dolakha district, part of Nepal's Bagmati Province. Scenic localized hidden gem in the Dolakha district of Bagmati province. This corner features striking raw aquatic power attributes, surrounding travellers with pristine cascading streams & rocky cliffs and rich local hill community folklore traditions. It is best visited during Sep-May and offers a moderate experience well suited to families and casual travelers."
Upper Lalitpur Riverside Camp Corner,Lalitpur,Bagmati,4,17339,Trekking,"Trekking, Camping, Mountain photography, Village homestay",difficult,"Upper Lalitpur Riverside Camp Corner is a notable trekking destination in Lalitpur district, part of Nepal's Bagmati Province. Scenic localized hidden gem in the Lalitpur district of Bagmati province. This corner features striking adventurous escape attributes, surrounding travellers with pristine rushing glacial rivers, sandy beaches and rich local fishermen communities traditions. It is best visited during Mar-May, Sep-Nov and offers a difficult experience well suited to experienced or adventurous travelers."
Lower Bhaktapur Old Newari Street Hub,Bhaktapur,Bagmati,1,2516,Heritage,"Historical sightseeing, Museum visits, Photography, Guided heritage walks",easy,"Lower Bhaktapur Old Newari Street Hub is a notable heritage destination in Bhaktapur district, part of Nepal's Bagmati Province. Scenic localized hidden gem in the Bhaktapur district of Bagmati province. This corner features striking living history attributes, surrounding travellers with pristine brick facades & woodcarvings and rich local traditional newar craftsmanship traditions. It is best visited during Sep-Nov, Mar-May and offers an easy experience well suited to families and casual travelers."
Upper Sindhupalchok Jungle Buffer Zone Corner,Sindhupalchok,Bagmati,1,2860,Nature,"Nature walks, Bird watching, Photography, Picnicking",easy,"Upper Sindhupalchok Jungle Buffer Zone Corner is a notable nature destination in Sindhupalchok district, part of Nepal's Bagmati Province. Scenic localized hidden gem in the Sindhupalchok district of Bagmati province. This corner features striking wild nature attributes, surrounding travellers with pristine grasslands & wildlife trails and rich local indigenous tharu heritage traditions. It is best visited during Sep-May and offers an easy experience well suited to families and casual travelers."
Lower Rasuwa Ancient Cave Shrine Hub,Rasuwa,Bagmati,1,3008,Religious,"Temple visits, Prayer and meditation, Pilgrimage rituals, Photography",easy,"Lower Rasuwa Ancient Cave Shrine Hub is a notable religious destination in Rasuwa district, part of Nepal's Bagmati Province. Scenic localized hidden gem in the Rasuwa district of Bagmati province. This corner features striking mystic divinity attributes, surrounding travellers with pristine deep limestone caverns and rich local tantric traditions. It is best visited during Mar-May, Sep-Nov and offers an easy experience well suited to families and casual travelers."
Upper Nuwakot Community Homestay Corner,Nuwakot,Bagmati,1,2896,Cultural,"Village walks, Cultural performances, Local cuisine tasting, Homestay experience",easy,"Upper Nuwakot Community Homestay Corner is a notable cultural destination in Nuwakot district, part of Nepal's Bagmati Province. Scenic localized hidden gem in the Nuwakot district of Bagmati province. This corner features striking rural warmth attributes, surrounding travellers with pristine lush organic farms & countryside and rich local ethnic hospitality traditions. It is best visited during Sep-May and offers an easy experience well suited to families and casual travelers."
Old Dhading Waterfall & Gorge Sanctuary,Dhading,Bagmati,1,1284,Waterfall,"Nature walks, Photography, Picnicking, Short hikes",moderate,"Old Dhading Waterfall & Gorge Sanctuary is a notable waterfall destination in Dhading district, part of Nepal's Bagmati Province. Scenic localized hidden gem in the Dhading district of Bagmati province. This corner features striking raw aquatic power attributes, surrounding travellers with pristine cascading streams & rocky cliffs and rich local hill community folklore traditions. It is best visited during Sep-May and offers a moderate experience well suited to families and casual travelers."
Lower Chitwan Monastery & Chorten Hub,Chitwan,Bagmati,2,23813,National Park,"Jungle safari, Wildlife viewing, Bird watching, Jeep or canoe rides",moderate,"Lower Chitwan Monastery & Chorten Hub is a notable national park destination in Chitwan district, part of Nepal's Bagmati Province. Scenic localized hidden gem in the Chitwan district of Bagmati province. This corner features striking peaceful spiritualism attributes, surrounding travellers with pristine high mountain ridges & prayer flags and rich local tibetan buddhist culture traditions. It is best visited during Oct-Mar and offers a moderate experience well suited to families and casual travelers."
Upper Sindhuli Old Newari Street Corner,Sindhuli,Bagmati,1,3137,Heritage,"Historical sightseeing, Museum visits, Photography, Guided heritage walks",easy,"Upper Sindhuli Old Newari Street Corner is a notable heritage destination in Sindhuli district, part of Nepal's Bagmati Province. Scenic localized hidden gem in the Sindhuli district of Bagmati province. This corner features striking living history attributes, surrounding travellers with pristine brick facades & woodcarvings and rich local traditional newar craftsmanship traditions. It is best visited during Sep-May and offers an easy experience well suited to families and casual travelers."
Lower Ramechhap Hill Station Viewpoint Hub,Ramechhap,Bagmati,2,5295,Hill Station,"Sunrise viewing, Hiking, Photography, Camping",moderate,"Lower Ramechhap Hill Station Viewpoint Hub is a notable hill station destination in Ramechhap district, part of Nepal's Bagmati Province. Scenic localized hidden gem in the Ramechhap district of Bagmati province. This corner features striking scenic grandeur attributes, surrounding travellers with pristine rolling terraced fields & deep valleys and rich local mixed tamang & chhetri culture traditions. It is best visited during Sep-May and offers a moderate experience well suited to families and casual travelers."
Old Dolakha Jungle Buffer Zone Sanctuary,Dolakha,Bagmati,1,2911,Nature,"Nature walks, Bird watching, Photography, Picnicking",easy,"Old Dolakha Jungle Buffer Zone Sanctuary is a notable nature destination in Dolakha district, part of Nepal's Bagmati Province. Scenic localized hidden gem in the Dolakha district of Bagmati province. This corner features striking wild nature attributes, surrounding travellers with pristine grasslands & wildlife trails and rich local indigenous tharu heritage traditions. It is best visited during Sep-May and offers an easy experience well suited to families and casual travelers."
Lower Lalitpur Community Homestay Hub,Lalitpur,Bagmati,1,1807,Cultural,"Village walks, Cultural performances, Local cuisine tasting, Homestay experience",easy,"Lower Lalitpur Community Homestay Hub is a notable cultural destination in Lalitpur district, part of Nepal's Bagmati Province. Scenic localized hidden gem in the Lalitpur district of Bagmati province. This corner features striking rural warmth attributes, surrounding travellers with pristine lush organic farms & countryside and rich local ethnic hospitality traditions. It is best visited during Sep-Nov, Mar-May and offers an easy experience well suited to families and casual travelers."
Lower Sindhupalchok Riverside Camp Hub,Sindhupalchok,Bagmati,4,28617,Trekking,"Trekking, Camping, Mountain photography, Village homestay",difficult,"Lower Sindhupalchok Riverside Camp Hub is a notable trekking destination in Sindhupalchok district, part of Nepal's Bagmati Province. Scenic localized hidden gem in the Sindhupalchok district of Bagmati province. This corner features striking adventurous escape attributes, surrounding travellers with pristine rushing glacial rivers, sandy beaches and rich local fishermen communities traditions. It is best visited during Mar-May, Sep-Nov and offers a difficult experience well suited to experienced or adventurous travelers."
Lower Dhading Jungle Buffer Zone Hub,Dhading,Bagmati,1,1853,Nature,"Nature walks, Bird watching, Photography, Picnicking",easy,"Lower Dhading Jungle Buffer Zone Hub is a notable nature destination in Dhading district, part of Nepal's Bagmati Province. Scenic localized hidden gem in the Dhading district of Bagmati province. This corner features striking wild nature attributes, surrounding travellers with pristine grasslands & wildlife trails and rich local indigenous tharu heritage traditions. It is best visited during Sep-May and offers an easy experience well suited to families and casual travelers."
Upper Chitwan Ancient Cave Shrine Corner,Chitwan,Bagmati,3,18416,National Park,"Jungle safari, Wildlife viewing, Bird watching, Jeep or canoe rides",moderate,"Upper Chitwan Ancient Cave Shrine Corner is a notable national park destination in Chitwan district, part of Nepal's Bagmati Province. Scenic localized hidden gem in the Chitwan district of Bagmati province. This corner features striking mystic divinity attributes, surrounding travellers with pristine deep limestone caverns and rich local tantric traditions. It is best visited during Oct-Mar and offers a moderate experience well suited to families and casual travelers."
Old Makwanpur Community Homestay Sanctuary,Makwanpur,Bagmati,1,1984,Cultural,"Village walks, Cultural performances, Local cuisine tasting, Homestay experience",easy,"Old Makwanpur Community Homestay Sanctuary is a notable cultural destination in Makwanpur district, part of Nepal's Bagmati Province. Scenic localized hidden gem in the Makwanpur district of Bagmati province. This corner features striking rural warmth attributes, surrounding travellers with pristine lush organic farms & countryside and rich local ethnic hospitality traditions. It is best visited during Sep-May and offers an easy experience well suited to families and casual travelers."
Lower Sindhuli Waterfall & Gorge Hub,Sindhuli,Bagmati,1,2208,Waterfall,"Nature walks, Photography, Picnicking, Short hikes",moderate,"Lower Sindhuli Waterfall & Gorge Hub is a notable waterfall destination in Sindhuli district, part of Nepal's Bagmati Province. Scenic localized hidden gem in the Sindhuli district of Bagmati province. This corner features striking raw aquatic power attributes, surrounding travellers with pristine cascading streams & rocky cliffs and rich local hill community folklore traditions. It is best visited during Sep-May and offers a moderate experience well suited to families and casual travelers."
Upper Dolakha Riverside Camp Corner,Dolakha,Bagmati,4,22825,Trekking,"Trekking, Camping, Mountain photography, Village homestay",difficult,"Upper Dolakha Riverside Camp Corner is a notable trekking destination in Dolakha district, part of Nepal's Bagmati Province. Scenic localized hidden gem in the Dolakha district of Bagmati province. This corner features striking adventurous escape attributes, surrounding travellers with pristine rushing glacial rivers, sandy beaches and rich local fishermen communities traditions. It is best visited during Mar-May, Sep-Nov and offers a difficult experience well suited to experienced or adventurous travelers."
Lower Kathmandu Old Newari Street Hub,Kathmandu,Bagmati,1,1502,Heritage,"Historical sightseeing, Museum visits, Photography, Guided heritage walks",easy,"Lower Kathmandu Old Newari Street Hub is a notable heritage destination in Kathmandu district, part of Nepal's Bagmati Province. Scenic localized hidden gem in the Kathmandu district of Bagmati province. This corner features striking living history attributes, surrounding travellers with pristine brick facades & woodcarvings and rich local traditional newar craftsmanship traditions. It is best visited during Sep-Nov, Mar-May and offers an easy experience well suited to families and casual travelers."
Old Lalitpur Hill Station Viewpoint Sanctuary,Lalitpur,Bagmati,1,2781,Hill Station,"Sunrise viewing, Hiking, Photography, Camping",moderate,"Old Lalitpur Hill Station Viewpoint Sanctuary is a notable hill station destination in Lalitpur district, part of Nepal's Bagmati Province. Scenic localized hidden gem in the Lalitpur district of Bagmati province. This corner features striking scenic grandeur attributes, surrounding travellers with pristine rolling terraced fields & deep valleys and rich local mixed tamang & chhetri culture traditions. It is best visited during Sep-Nov, Mar-May and offers a moderate experience well suited to families and casual travelers."
Lower Kavrepalanchok Ancient Cave Shrine Hub,Kavrepalanchok,Bagmati,1,3395,Religious,"Temple visits, Prayer and meditation, Pilgrimage rituals, Photography",easy,"Lower Kavrepalanchok Ancient Cave Shrine Hub is a notable religious destination in Kavrepalanchok district, part of Nepal's Bagmati Province. Scenic localized hidden gem in the Kavrepalanchok district of Bagmati province. This corner features striking mystic divinity attributes, surrounding travellers with pristine deep limestone caverns and rich local tantric traditions. It is best visited during Sep-May and offers an easy experience well suited to families and casual travelers."
Lower Nuwakot Monastery & Chorten Hub,Nuwakot,Bagmati,1,3079,Religious,"Temple visits, Prayer and meditation, Pilgrimage rituals, Photography",easy,"Lower Nuwakot Monastery & Chorten Hub is a notable religious destination in Nuwakot district, part of Nepal's Bagmati Province. Scenic localized hidden gem in the Nuwakot district of Bagmati province. This corner features striking peaceful spiritualism attributes, surrounding travellers with pristine high mountain ridges & prayer flags and rich local tibetan buddhist culture traditions. It is best visited during Sep-May and offers an easy experience well suited to families and casual travelers."
Lower Makwanpur Hill Station Viewpoint Hub,Makwanpur,Bagmati,2,2646,Hill Station,"Sunrise viewing, Hiking, Photography, Camping",moderate,"Lower Makwanpur Hill Station Viewpoint Hub is a notable hill station destination in Makwanpur district, part of Nepal's Bagmati Province. Scenic localized hidden gem in the Makwanpur district of Bagmati province. This corner features striking scenic grandeur attributes, surrounding travellers with pristine rolling terraced fields & deep valleys and rich local mixed tamang & chhetri culture traditions. It is best visited during Sep-May and offers a moderate experience well suited to families and casual travelers."
Upper Sindhuli Jungle Buffer Zone Corner,Sindhuli,Bagmati,1,2741,Nature,"Nature walks, Bird watching, Photography, Picnicking",easy,"Upper Sindhuli Jungle Buffer Zone Corner is a notable nature destination in Sindhuli district, part of Nepal's Bagmati Province. Scenic localized hidden gem in the Sindhuli district of Bagmati province. This corner features striking wild nature attributes, surrounding travellers with pristine grasslands & wildlife trails and rich local indigenous tharu heritage traditions. It is best visited during Sep-May and offers an easy experience well suited to families and casual travelers."
Old Ramechhap Ancient Cave Shrine Sanctuary,Ramechhap,Bagmati,1,3325,Religious,"Temple visits, Prayer and meditation, Pilgrimage rituals, Photography",easy,"Old Ramechhap Ancient Cave Shrine Sanctuary is a notable religious destination in Ramechhap district, part of Nepal's Bagmati Province. Scenic localized hidden gem in the Ramechhap district of Bagmati province. This corner features striking mystic divinity attributes, surrounding travellers with pristine deep limestone caverns and rich local tantric traditions. It is best visited during Sep-May and offers an easy experience well suited to families and casual travelers."
Lower Dolakha Community Homestay Hub,Dolakha,Bagmati,1,3114,Cultural,"Village walks, Cultural performances, Local cuisine tasting, Homestay experience",easy,"Lower Dolakha Community Homestay Hub is a notable cultural destination in Dolakha district, part of Nepal's Bagmati Province. Scenic localized hidden gem in the Dolakha district of Bagmati province. This corner features striking rural warmth attributes, surrounding travellers with pristine lush organic farms & countryside and rich local ethnic hospitality traditions. It is best visited during Sep-May and offers an easy experience well suited to families and casual travelers."
Upper Lalitpur Monastery & Chorten Corner,Lalitpur,Bagmati,1,1446,Religious,"Temple visits, Prayer and meditation, Pilgrimage rituals, Photography",easy,"Upper Lalitpur Monastery & Chorten Corner is a notable religious destination in Lalitpur district, part of Nepal's Bagmati Province. Scenic localized hidden gem in the Lalitpur district of Bagmati province. This corner features striking peaceful spiritualism attributes, surrounding travellers with pristine high mountain ridges & prayer flags and rich local tibetan buddhist culture traditions. It is best visited during Sep-Nov, Mar-May and offers an easy experience well suited to families and casual travelers."
Lower Bhaktapur Riverside Camp Hub,Bhaktapur,Bagmati,3,32997,Trekking,"Trekking, Camping, Mountain photography, Village homestay",difficult,"Lower Bhaktapur Riverside Camp Hub is a notable trekking destination in Bhaktapur district, part of Nepal's Bagmati Province. Scenic localized hidden gem in the Bhaktapur district of Bagmati province. This corner features striking adventurous escape attributes, surrounding travellers with pristine rushing glacial rivers, sandy beaches and rich local fishermen communities traditions. It is best visited during Mar-May, Sep-Nov and offers a difficult experience well suited to experienced or adventurous travelers."
Old Kavrepalanchok Old Newari Street Sanctuary,Kavrepalanchok,Bagmati,1,1537,Heritage,"Historical sightseeing, Museum visits, Photography, Guided heritage walks",easy,"Old Kavrepalanchok Old Newari Street Sanctuary is a notable heritage destination in Kavrepalanchok district, part of Nepal's Bagmati Province. Scenic localized hidden gem in the Kavrepalanchok district of Bagmati province. This corner features striking living history attributes, surrounding travellers with pristine brick facades & woodcarvings and rich local traditional newar craftsmanship traditions. It is best visited during Sep-May and offers an easy experience well suited to families and casual travelers."
Lower Rasuwa Jungle Buffer Zone Hub,Rasuwa,Bagmati,1,3202,Nature,"Nature walks, Bird watching, Photography, Picnicking",easy,"Lower Rasuwa Jungle Buffer Zone Hub is a notable nature destination in Rasuwa district, part of Nepal's Bagmati Province. Scenic localized hidden gem in the Rasuwa district of Bagmati province. This corner features striking wild nature attributes, surrounding travellers with pristine grasslands & wildlife trails and rich local indigenous tharu heritage traditions. It is best visited during Mar-May, Sep-Nov and offers an easy experience well suited to families and casual travelers."
Lower Chitwan Waterfall & Gorge Hub,Chitwan,Bagmati,3,31984,National Park,"Jungle safari, Wildlife viewing, Bird watching, Jeep or canoe rides",moderate,"Lower Chitwan Waterfall & Gorge Hub is a notable national park destination in Chitwan district, part of Nepal's Bagmati Province. Scenic localized hidden gem in the Chitwan district of Bagmati province. This corner features striking raw aquatic power attributes, surrounding travellers with pristine cascading streams & rocky cliffs and rich local hill community folklore traditions. It is best visited during Oct-Mar and offers a moderate experience well suited to families and casual travelers."
Lower Ramechhap Old Newari Street Hub,Ramechhap,Bagmati,1,2411,Heritage,"Historical sightseeing, Museum visits, Photography, Guided heritage walks",easy,"Lower Ramechhap Old Newari Street Hub is a notable heritage destination in Ramechhap district, part of Nepal's Bagmati Province. Scenic localized hidden gem in the Ramechhap district of Bagmati province. This corner features striking living history attributes, surrounding travellers with pristine brick facades & woodcarvings and rich local traditional newar craftsmanship traditions. It is best visited during Sep-May and offers an easy experience well suited to families and casual travelers."
Upper Dolakha Hill Station Viewpoint Corner,Dolakha,Bagmati,2,3945,Hill Station,"Sunrise viewing, Hiking, Photography, Camping",moderate,"Upper Dolakha Hill Station Viewpoint Corner is a notable hill station destination in Dolakha district, part of Nepal's Bagmati Province. Scenic localized hidden gem in the Dolakha district of Bagmati province. This corner features striking scenic grandeur attributes, surrounding travellers with pristine rolling terraced fields & deep valleys and rich local mixed tamang & chhetri culture traditions. It is best visited during Sep-May and offers a moderate experience well suited to families and casual travelers."
Old Kathmandu Jungle Buffer Zone Sanctuary,Kathmandu,Bagmati,1,1464,Nature,"Nature walks, Bird watching, Photography, Picnicking",easy,"Old Kathmandu Jungle Buffer Zone Sanctuary is a notable nature destination in Kathmandu district, part of Nepal's Bagmati Province. Scenic localized hidden gem in the Kathmandu district of Bagmati province. This corner features striking wild nature attributes, surrounding travellers with pristine grasslands & wildlife trails and rich local indigenous tharu heritage traditions. It is best visited during Sep-Nov, Mar-May and offers an easy experience well suited to families and casual travelers."
Lower Lalitpur Ancient Cave Shrine Hub,Lalitpur,Bagmati,1,2314,Religious,"Temple visits, Prayer and meditation, Pilgrimage rituals, Photography",easy,"Lower Lalitpur Ancient Cave Shrine Hub is a notable religious destination in Lalitpur district, part of Nepal's Bagmati Province. Scenic localized hidden gem in the Lalitpur district of Bagmati province. This corner features striking mystic divinity attributes, surrounding travellers with pristine deep limestone caverns and rich local tantric traditions. It is best visited during Sep-Nov, Mar-May and offers an easy experience well suited to families and casual travelers."
Upper Kavrepalanchok Waterfall & Gorge Corner,Kavrepalanchok,Bagmati,1,1270,Waterfall,"Nature walks, Photography, Picnicking, Short hikes",moderate,"Upper Kavrepalanchok Waterfall & Gorge Corner is a notable waterfall destination in Kavrepalanchok district, part of Nepal's Bagmati Province. Scenic localized hidden gem in the Kavrepalanchok district of Bagmati province. This corner features striking raw aquatic power attributes, surrounding travellers with pristine cascading streams & rocky cliffs and rich local hill community folklore traditions. It is best visited during Sep-May and offers a moderate experience well suited to families and casual travelers."
Lower Sindhupalchok Monastery & Chorten Hub,Sindhupalchok,Bagmati,1,2540,Religious,"Temple visits, Prayer and meditation, Pilgrimage rituals, Photography",easy,"Lower Sindhupalchok Monastery & Chorten Hub is a notable religious destination in Sindhupalchok district, part of Nepal's Bagmati Province. Scenic localized hidden gem in the Sindhupalchok district of Bagmati province. This corner features striking peaceful spiritualism attributes, surrounding travellers with pristine high mountain ridges & prayer flags and rich local tibetan buddhist culture traditions. It is best visited during Sep-May and offers an easy experience well suited to families and casual travelers."
Old Rasuwa Riverside Camp Sanctuary,Rasuwa,Bagmati,3,22714,Trekking,"Trekking, Camping, Mountain photography, Village homestay",difficult,"Old Rasuwa Riverside Camp Sanctuary is a notable trekking destination in Rasuwa district, part of Nepal's Bagmati Province. Scenic localized hidden gem in the Rasuwa district of Bagmati province. This corner features striking adventurous escape attributes, surrounding travellers with pristine rushing glacial rivers, sandy beaches and rich local fishermen communities traditions. It is best visited during Mar-May, Sep-Nov and offers a difficult experience well suited to experienced or adventurous travelers."
Lower Dhading Hill Station Viewpoint Hub,Dhading,Bagmati,2,4368,Hill Station,"Sunrise viewing, Hiking, Photography, Camping",moderate,"Lower Dhading Hill Station Viewpoint Hub is a notable hill station destination in Dhading district, part of Nepal's Bagmati Province. Scenic localized hidden gem in the Dhading district of Bagmati province. This corner features striking scenic grandeur attributes, surrounding travellers with pristine rolling terraced fields & deep valleys and rich local mixed tamang & chhetri culture traditions. It is best visited during Sep-May and offers a moderate experience well suited to families and casual travelers."
Lower Sindhuli Community Homestay Hub,Sindhuli,Bagmati,1,2840,Cultural,"Village walks, Cultural performances, Local cuisine tasting, Homestay experience",easy,"Lower Sindhuli Community Homestay Hub is a notable cultural destination in Sindhuli district, part of Nepal's Bagmati Province. Scenic localized hidden gem in the Sindhuli district of Bagmati province. This corner features striking rural warmth attributes, surrounding travellers with pristine lush organic farms & countryside and rich local ethnic hospitality traditions. It is best visited during Sep-May and offers an easy experience well suited to families and casual travelers."
Lower Kathmandu Riverside Camp Hub,Kathmandu,Bagmati,3,14225,Trekking,"Trekking, Camping, Mountain photography, Village homestay",difficult,"Lower Kathmandu Riverside Camp Hub is a notable trekking destination in Kathmandu district, part of Nepal's Bagmati Province. Scenic localized hidden gem in the Kathmandu district of Bagmati province. This corner features striking adventurous escape attributes, surrounding travellers with pristine rushing glacial rivers, sandy beaches and rich local fishermen communities traditions. It is best visited during Mar-May, Sep-Nov and offers a difficult experience well suited to experienced or adventurous travelers."
Upper Lalitpur Old Newari Street Corner,Lalitpur,Bagmati,1,2834,Heritage,"Historical sightseeing, Museum visits, Photography, Guided heritage walks",easy,"Upper Lalitpur Old Newari Street Corner is a notable heritage destination in Lalitpur district, part of Nepal's Bagmati Province. Scenic localized hidden gem in the Lalitpur district of Bagmati province. This corner features striking living history attributes, surrounding travellers with pristine brick facades & woodcarvings and rich local traditional newar craftsmanship traditions. It is best visited during Sep-Nov, Mar-May and offers an easy experience well suited to families and casual travelers."
Old Bhaktapur Hill Station Viewpoint Sanctuary,Bhaktapur,Bagmati,1,2003,Hill Station,"Sunrise viewing, Hiking, Photography, Camping",moderate,"Old Bhaktapur Hill Station Viewpoint Sanctuary is a notable hill station destination in Bhaktapur district, part of Nepal's Bagmati Province. Scenic localized hidden gem in the Bhaktapur district of Bagmati province. This corner features striking scenic grandeur attributes, surrounding travellers with pristine rolling terraced fields & deep valleys and rich local mixed tamang & chhetri culture traditions. It is best visited during Sep-Nov, Mar-May and offers a moderate experience well suited to families and casual travelers."
Lower Kavrepalanchok Jungle Buffer Zone Hub,Kavrepalanchok,Bagmati,1,2748,Nature,"Nature walks, Bird watching, Photography, Picnicking",easy,"Lower Kavrepalanchok Jungle Buffer Zone Hub is a notable nature destination in Kavrepalanchok district, part of Nepal's Bagmati Province. Scenic localized hidden gem in the Kavrepalanchok district of Bagmati province. This corner features striking wild nature attributes, surrounding travellers with pristine grasslands & wildlife trails and rich local indigenous tharu heritage traditions. It is best visited during Sep-May and offers an easy experience well suited to families and casual travelers."
Upper Rasuwa Community Homestay Corner,Rasuwa,Bagmati,1,3340,Cultural,"Village walks, Cultural performances, Local cuisine tasting, Homestay experience",easy,"Upper Rasuwa Community Homestay Corner is a notable cultural destination in Rasuwa district, part of Nepal's Bagmati Province. Scenic localized hidden gem in the Rasuwa district of Bagmati province. This corner features striking rural warmth attributes, surrounding travellers with pristine lush organic farms & countryside and rich local ethnic hospitality traditions. It is best visited during Mar-May, Sep-Nov and offers an easy experience well suited to families and casual travelers."
Lower Nuwakot Waterfall & Gorge Hub,Nuwakot,Bagmati,1,1978,Waterfall,"Nature walks, Photography, Picnicking, Short hikes",moderate,"Lower Nuwakot Waterfall & Gorge Hub is a notable waterfall destination in Nuwakot district, part of Nepal's Bagmati Province. Scenic localized hidden gem in the Nuwakot district of Bagmati province. This corner features striking raw aquatic power attributes, surrounding travellers with pristine cascading streams & rocky cliffs and rich local hill community folklore traditions. It is best visited during Sep-May and offers a moderate experience well suited to families and casual travelers."
Old Dhading Monastery & Chorten Sanctuary,Dhading,Bagmati,1,2393,Religious,"Temple visits, Prayer and meditation, Pilgrimage rituals, Photography",easy,"Old Dhading Monastery & Chorten Sanctuary is a notable religious destination in Dhading district, part of Nepal's Bagmati Province. Scenic localized hidden gem in the Dhading district of Bagmati province. This corner features striking peaceful spiritualism attributes, surrounding travellers with pristine high mountain ridges & prayer flags and rich local tibetan buddhist culture traditions. It is best visited during Sep-May and offers an easy experience well suited to families and casual travelers."
Lower Makwanpur Old Newari Street Hub,Makwanpur,Bagmati,1,2590,Heritage,"Historical sightseeing, Museum visits, Photography, Guided heritage walks",easy,"Lower Makwanpur Old Newari Street Hub is a notable heritage destination in Makwanpur district, part of Nepal's Bagmati Province. Scenic localized hidden gem in the Makwanpur district of Bagmati province. This corner features striking living history attributes, surrounding travellers with pristine brick facades & woodcarvings and rich local traditional newar craftsmanship traditions. It is best visited during Sep-May and offers an easy experience well suited to families and casual travelers."
Lower Dolakha Ancient Cave Shrine Hub,Dolakha,Bagmati,1,3177,Religious,"Temple visits, Prayer and meditation, Pilgrimage rituals, Photography",easy,"Lower Dolakha Ancient Cave Shrine Hub is a notable religious destination in Dolakha district, part of Nepal's Bagmati Province. Scenic localized hidden gem in the Dolakha district of Bagmati province. This corner features striking mystic divinity attributes, surrounding travellers with pristine deep limestone caverns and rich local tantric traditions. It is best visited during Sep-May and offers an easy experience well suited to families and casual travelers."
Lower Bhaktapur Monastery & Chorten Hub,Bhaktapur,Bagmati,1,3392,Religious,"Temple visits, Prayer and meditation, Pilgrimage rituals, Photography",easy,"Lower Bhaktapur Monastery & Chorten Hub is a notable religious destination in Bhaktapur district, part of Nepal's Bagmati Province. Scenic localized hidden gem in the Bhaktapur district of Bagmati province. This corner features striking peaceful spiritualism attributes, surrounding travellers with pristine high mountain ridges & prayer flags and rich local tibetan buddhist culture traditions. It is best visited during Sep-Nov, Mar-May and offers an easy experience well suited to families and casual travelers."
Upper Kavrepalanchok Riverside Camp Corner,Kavrepalanchok,Bagmati,3,26548,Trekking,"Trekking, Camping, Mountain photography, Village homestay",difficult,"Upper Kavrepalanchok Riverside Camp Corner is a notable trekking destination in Kavrepalanchok district, part of Nepal's Bagmati Province. Scenic localized hidden gem in the Kavrepalanchok district of Bagmati province. This corner features striking adventurous escape attributes, surrounding travellers with pristine rushing glacial rivers, sandy beaches and rich local fishermen communities traditions. It is best visited during Mar-May, Sep-Nov and offers a difficult experience well suited to experienced or adventurous travelers."
Old Sindhupalchok Old Newari Street Sanctuary,Sindhupalchok,Bagmati,1,3301,Heritage,"Historical sightseeing, Museum visits, Photography, Guided heritage walks",easy,"Old Sindhupalchok Old Newari Street Sanctuary is a notable heritage destination in Sindhupalchok district, part of Nepal's Bagmati Province. Scenic localized hidden gem in the Sindhupalchok district of Bagmati province. This corner features striking living history attributes, surrounding travellers with pristine brick facades & woodcarvings and rich local traditional newar craftsmanship traditions. It is best visited during Sep-May and offers an easy experience well suited to families and casual travelers."
Lower Rasuwa Hill Station Viewpoint Hub,Rasuwa,Bagmati,2,3633,Hill Station,"Sunrise viewing, Hiking, Photography, Camping",moderate,"Lower Rasuwa Hill Station Viewpoint Hub is a notable hill station destination in Rasuwa district, part of Nepal's Bagmati Province. Scenic localized hidden gem in the Rasuwa district of Bagmati province. This corner features striking scenic grandeur attributes, surrounding travellers with pristine rolling terraced fields & deep valleys and rich local mixed tamang & chhetri culture traditions. It is best visited during Mar-May, Sep-Nov and offers a moderate experience well suited to families and casual travelers."
Upper Dhading Ancient Cave Shrine Corner,Dhading,Bagmati,1,2604,Religious,"Temple visits, Prayer and meditation, Pilgrimage rituals, Photography",easy,"Upper Dhading Ancient Cave Shrine Corner is a notable religious destination in Dhading district, part of Nepal's Bagmati Province. Scenic localized hidden gem in the Dhading district of Bagmati province. This corner features striking mystic divinity attributes, surrounding travellers with pristine deep limestone caverns and rich local tantric traditions. It is best visited during Sep-May and offers an easy experience well suited to families and casual travelers."
Lower Chitwan Community Homestay Hub,Chitwan,Bagmati,2,24467,National Park,"Jungle safari, Wildlife viewing, Bird watching, Jeep or canoe rides",moderate,"Lower Chitwan Community Homestay Hub is a notable national park destination in Chitwan district, part of Nepal's Bagmati Province. Scenic localized hidden gem in the Chitwan district of Bagmati province. This corner features striking rural warmth attributes, surrounding travellers with pristine lush organic farms & countryside and rich local ethnic hospitality traditions. It is best visited during Oct-Mar and offers a moderate experience well suited to families and casual travelers."
Old Makwanpur Waterfall & Gorge Sanctuary,Makwanpur,Bagmati,1,2249,Waterfall,"Nature walks, Photography, Picnicking, Short hikes",moderate,"Old Makwanpur Waterfall & Gorge Sanctuary is a notable waterfall destination in Makwanpur district, part of Nepal's Bagmati Province. Scenic localized hidden gem in the Makwanpur district of Bagmati province. This corner features striking raw aquatic power attributes, surrounding travellers with pristine cascading streams & rocky cliffs and rich local hill community folklore traditions. It is best visited during Sep-May and offers a moderate experience well suited to families and casual travelers."
Lower Ramechhap Riverside Camp Hub,Ramechhap,Bagmati,6,29747,Trekking,"Trekking, Camping, Mountain photography, Village homestay",difficult,"Lower Ramechhap Riverside Camp Hub is a notable trekking destination in Ramechhap district, part of Nepal's Bagmati Province. Scenic localized hidden gem in the Ramechhap district of Bagmati province. This corner features striking adventurous escape attributes, surrounding travellers with pristine rushing glacial rivers, sandy beaches and rich local fishermen communities traditions. It is best visited during Mar-May, Sep-Nov and offers a difficult experience well suited to experienced or adventurous travelers."
Lower Lalitpur Jungle Buffer Zone Hub,Lalitpur,Bagmati,1,2967,Nature,"Nature walks, Bird watching, Photography, Picnicking",easy,"Lower Lalitpur Jungle Buffer Zone Hub is a notable nature destination in Lalitpur district, part of Nepal's Bagmati Province. Scenic localized hidden gem in the Lalitpur district of Bagmati province. This corner features striking wild nature attributes, surrounding travellers with pristine grasslands & wildlife trails and rich local indigenous tharu heritage traditions. It is best visited during Sep-Nov, Mar-May and offers an easy experience well suited to families and casual travelers."
Lower Sindhupalchok Waterfall & Gorge Hub,Sindhupalchok,Bagmati,1,1290,Waterfall,"Nature walks, Photography, Picnicking, Short hikes",moderate,"Lower Sindhupalchok Waterfall & Gorge Hub is a notable waterfall destination in Sindhupalchok district, part of Nepal's Bagmati Province. Scenic localized hidden gem in the Sindhupalchok district of Bagmati province. This corner features striking raw aquatic power attributes, surrounding travellers with pristine cascading streams & rocky cliffs and rich local hill community folklore traditions. It is best visited during Sep-May and offers a moderate experience well suited to families and casual travelers."
Upper Rasuwa Monastery & Chorten Corner,Rasuwa,Bagmati,1,2435,Religious,"Temple visits, Prayer and meditation, Pilgrimage rituals, Photography",easy,"Upper Rasuwa Monastery & Chorten Corner is a notable religious destination in Rasuwa district, part of Nepal's Bagmati Province. Scenic localized hidden gem in the Rasuwa district of Bagmati province. This corner features striking peaceful spiritualism attributes, surrounding travellers with pristine high mountain ridges & prayer flags and rich local tibetan buddhist culture traditions. It is best visited during Mar-May, Sep-Nov and offers an easy experience well suited to families and casual travelers."
Old Nuwakot Riverside Camp Sanctuary,Nuwakot,Bagmati,6,25610,Trekking,"Trekking, Camping, Mountain photography, Village homestay",difficult,"Old Nuwakot Riverside Camp Sanctuary is a notable trekking destination in Nuwakot district, part of Nepal's Bagmati Province. Scenic localized hidden gem in the Nuwakot district of Bagmati province. This corner features striking adventurous escape attributes, surrounding travellers with pristine rushing glacial rivers, sandy beaches and rich local fishermen communities traditions. It is best visited during Mar-May, Sep-Nov and offers a difficult experience well suited to experienced or adventurous travelers."
Lower Dhading Old Newari Street Hub,Dhading,Bagmati,1,3309,Heritage,"Historical sightseeing, Museum visits, Photography, Guided heritage walks",easy,"Lower Dhading Old Newari Street Hub is a notable heritage destination in Dhading district, part of Nepal's Bagmati Province. Scenic localized hidden gem in the Dhading district of Bagmati province. This corner features striking living history attributes, surrounding travellers with pristine brick facades & woodcarvings and rich local traditional newar craftsmanship traditions. It is best visited during Sep-May and offers an easy experience well suited to families and casual travelers."
Upper Makwanpur Jungle Buffer Zone Corner,Makwanpur,Bagmati,1,2531,Nature,"Nature walks, Bird watching, Photography, Picnicking",easy,"Upper Makwanpur Jungle Buffer Zone Corner is a notable nature destination in Makwanpur district, part of Nepal's Bagmati Province. Scenic localized hidden gem in the Makwanpur district of Bagmati province. This corner features striking wild nature attributes, surrounding travellers with pristine grasslands & wildlife trails and rich local indigenous tharu heritage traditions. It is best visited during Sep-May and offers an easy experience well suited to families and casual travelers."
Lower Sindhuli Ancient Cave Shrine Hub,Sindhuli,Bagmati,1,2522,Religious,"Temple visits, Prayer and meditation, Pilgrimage rituals, Photography",easy,"Lower Sindhuli Ancient Cave Shrine Hub is a notable religious destination in Sindhuli district, part of Nepal's Bagmati Province. Scenic localized hidden gem in the Sindhuli district of Bagmati province. This corner features striking mystic divinity attributes, surrounding travellers with pristine deep limestone caverns and rich local tantric traditions. It is best visited during Sep-May and offers an easy experience well suited to families and casual travelers."
Old Ramechhap Community Homestay Sanctuary,Ramechhap,Bagmati,1,2603,Cultural,"Village walks, Cultural performances, Local cuisine tasting, Homestay experience",easy,"Old Ramechhap Community Homestay Sanctuary is a notable cultural destination in Ramechhap district, part of Nepal's Bagmati Province. Scenic localized hidden gem in the Ramechhap district of Bagmati province. This corner features striking rural warmth attributes, surrounding travellers with pristine lush organic farms & countryside and rich local ethnic hospitality traditions. It is best visited during Sep-May and offers an easy experience well suited to families and casual travelers."
Lower Kathmandu Monastery & Chorten Hub,Kathmandu,Bagmati,1,2731,Religious,"Temple visits, Prayer and meditation, Pilgrimage rituals, Photography",easy,"Lower Kathmandu Monastery & Chorten Hub is a notable religious destination in Kathmandu district, part of Nepal's Bagmati Province. Scenic localized hidden gem in the Kathmandu district of Bagmati province. This corner features striking peaceful spiritualism attributes, surrounding travellers with pristine high mountain ridges & prayer flags and rich local tibetan buddhist culture traditions. It is best visited during Sep-Nov, Mar-May and offers an easy experience well suited to families and casual travelers."
Lower Kavrepalanchok Hill Station Viewpoint Hub,Kavrepalanchok,Bagmati,1,3012,Hill Station,"Sunrise viewing, Hiking, Photography, Camping",moderate,"Lower Kavrepalanchok Hill Station Viewpoint Hub is a notable hill station destination in Kavrepalanchok district, part of Nepal's Bagmati Province. Scenic localized hidden gem in the Kavrepalanchok district of Bagmati province. This corner features striking scenic grandeur attributes, surrounding travellers with pristine rolling terraced fields & deep valleys and rich local mixed tamang & chhetri culture traditions. It is best visited during Sep-May and offers a moderate experience well suited to families and casual travelers."
Lower Nuwakot Community Homestay Hub,Nuwakot,Bagmati,1,2416,Cultural,"Village walks, Cultural performances, Local cuisine tasting, Homestay experience",easy,"Lower Nuwakot Community Homestay Hub is a notable cultural destination in Nuwakot district, part of Nepal's Bagmati Province. Scenic localized hidden gem in the Nuwakot district of Bagmati province. This corner features striking rural warmth attributes, surrounding travellers with pristine lush organic farms & countryside and rich local ethnic hospitality traditions. It is best visited during Sep-May and offers an easy experience well suited to families and casual travelers."
Upper Dhading Waterfall & Gorge Corner,Dhading,Bagmati,1,2568,Waterfall,"Nature walks, Photography, Picnicking, Short hikes",moderate,"Upper Dhading Waterfall & Gorge Corner is a notable waterfall destination in Dhading district, part of Nepal's Bagmati Province. Scenic localized hidden gem in the Dhading district of Bagmati province. This corner features striking raw aquatic power attributes, surrounding travellers with pristine cascading streams & rocky cliffs and rich local hill community folklore traditions. It is best visited during Sep-May and offers a moderate experience well suited to families and casual travelers."
Old Chitwan Monastery & Chorten Sanctuary,Chitwan,Bagmati,2,24891,National Park,"Jungle safari, Wildlife viewing, Bird watching, Jeep or canoe rides",moderate,"Old Chitwan Monastery & Chorten Sanctuary is a notable national park destination in Chitwan district, part of Nepal's Bagmati Province. Scenic localized hidden gem in the Chitwan district of Bagmati province. This corner features striking peaceful spiritualism attributes, surrounding travellers with pristine high mountain ridges & prayer flags and rich local tibetan buddhist culture traditions. It is best visited during Oct-Mar and offers a moderate experience well suited to families and casual travelers."
Lower Makwanpur Riverside Camp Hub,Makwanpur,Bagmati,3,24459,Trekking,"Trekking, Camping, Mountain photography, Village homestay",difficult,"Lower Makwanpur Riverside Camp Hub is a notable trekking destination in Makwanpur district, part of Nepal's Bagmati Province. Scenic localized hidden gem in the Makwanpur district of Bagmati province. This corner features striking adventurous escape attributes, surrounding travellers with pristine rushing glacial rivers, sandy beaches and rich local fishermen communities traditions. It is best visited during Mar-May, Sep-Nov and offers a difficult experience well suited to experienced or adventurous travelers."
Upper Ramechhap Hill Station Viewpoint Corner,Ramechhap,Bagmati,2,2112,Hill Station,"Sunrise viewing, Hiking, Photography, Camping",moderate,"Upper Ramechhap Hill Station Viewpoint Corner is a notable hill station destination in Ramechhap district, part of Nepal's Bagmati Province. Scenic localized hidden gem in the Ramechhap district of Bagmati province. This corner features striking scenic grandeur attributes, surrounding travellers with pristine rolling terraced fields & deep valleys and rich local mixed tamang & chhetri culture traditions. It is best visited during Sep-May and offers a moderate experience well suited to families and casual travelers."
Lower Dolakha Jungle Buffer Zone Hub,Dolakha,Bagmati,1,1761,Nature,"Nature walks, Bird watching, Photography, Picnicking",easy,"Lower Dolakha Jungle Buffer Zone Hub is a notable nature destination in Dolakha district, part of Nepal's Bagmati Province. Scenic localized hidden gem in the Dolakha district of Bagmati province. This corner features striking wild nature attributes, surrounding travellers with pristine grasslands & wildlife trails and rich local indigenous tharu heritage traditions. It is best visited during Sep-May and offers an easy experience well suited to families and casual travelers."
Old Kathmandu Ancient Cave Shrine Sanctuary,Kathmandu,Bagmati,1,2711,Religious,"Temple visits, Prayer and meditation, Pilgrimage rituals, Photography",easy,"Old Kathmandu Ancient Cave Shrine Sanctuary is a notable religious destination in Kathmandu district, part of Nepal's Bagmati Province. Scenic localized hidden gem in the Kathmandu district of Bagmati province. This corner features striking mystic divinity attributes, surrounding travellers with pristine deep limestone caverns and rich local tantric traditions. It is best visited during Sep-Nov, Mar-May and offers an easy experience well suited to families and casual travelers."
Old Sindhuli Waterfall & Gorge Sanctuary,Sindhuli,Bagmati,1,1233,Waterfall,"Nature walks, Photography, Picnicking, Short hikes",moderate,"Old Sindhuli Waterfall & Gorge Sanctuary is a notable waterfall destination in Sindhuli district, part of Nepal's Bagmati Province. Scenic localized hidden gem in the Sindhuli district of Bagmati province. This corner features striking raw aquatic power attributes, surrounding travellers with pristine cascading streams & rocky cliffs and rich local hill community folklore traditions. It is best visited during Sep-May and offers a moderate experience well suited to families and casual travelers."
Old Bhaktapur Jungle Buffer Zone Sanctuary,Bhaktapur,Bagmati,1,1868,Nature,"Nature walks, Bird watching, Photography, Picnicking",easy,"Old Bhaktapur Jungle Buffer Zone Sanctuary is a notable nature destination in Bhaktapur district, part of Nepal's Bagmati Province. Scenic localized hidden gem in the Bhaktapur district of Bagmati province. This corner features striking wild nature attributes, surrounding travellers with pristine grasslands & wildlife trails and rich local indigenous tharu heritage traditions. It is best visited during Sep-Nov, Mar-May and offers an easy experience well suited to families and casual travelers."
Old Dolakha Community Homestay Sanctuary,Dolakha,Bagmati,1,1408,Cultural,"Village walks, Cultural performances, Local cuisine tasting, Homestay experience",easy,"Old Dolakha Community Homestay Sanctuary is a notable cultural destination in Dolakha district, part of Nepal's Bagmati Province. Scenic localized hidden gem in the Dolakha district of Bagmati province. This corner features striking rural warmth attributes, surrounding travellers with pristine lush organic farms & countryside and rich local ethnic hospitality traditions. It is best visited during Sep-May and offers an easy experience well suited to families and casual travelers."
Old Sindhupalchok Hill Station Viewpoint Sanctuary,Sindhupalchok,Bagmati,1,2961,Hill Station,"Sunrise viewing, Hiking, Photography, Camping",moderate,"Old Sindhupalchok Hill Station Viewpoint Sanctuary is a notable hill station destination in Sindhupalchok district, part of Nepal's Bagmati Province. Scenic localized hidden gem in the Sindhupalchok district of Bagmati province. This corner features striking scenic grandeur attributes, surrounding travellers with pristine rolling terraced fields & deep valleys and rich local mixed tamang & chhetri culture traditions. It is best visited during Sep-May and offers a moderate experience well suited to families and casual travelers."
Old Lalitpur Ancient Cave Shrine Sanctuary,Lalitpur,Bagmati,1,3351,Religious,"Temple visits, Prayer and meditation, Pilgrimage rituals, Photography",easy,"Old Lalitpur Ancient Cave Shrine Sanctuary is a notable religious destination in Lalitpur district, part of Nepal's Bagmati Province. Scenic localized hidden gem in the Lalitpur district of Bagmati province. This corner features striking mystic divinity attributes, surrounding travellers with pristine deep limestone caverns and rich local tantric traditions. It is best visited during Sep-Nov, Mar-May and offers an easy experience well suited to families and casual travelers."
Old Nuwakot Old Newari Street Sanctuary,Nuwakot,Bagmati,1,2021,Heritage,"Historical sightseeing, Museum visits, Photography, Guided heritage walks",easy,"Old Nuwakot Old Newari Street Sanctuary is a notable heritage destination in Nuwakot district, part of Nepal's Bagmati Province. Scenic localized hidden gem in the Nuwakot district of Bagmati province. This corner features striking living history attributes, surrounding travellers with pristine brick facades & woodcarvings and rich local traditional newar craftsmanship traditions. It is best visited during Sep-May and offers an easy experience well suited to families and casual travelers."
Old Kavrepalanchok Jungle Buffer Zone Sanctuary,Kavrepalanchok,Bagmati,1,2189,Nature,"Nature walks, Bird watching, Photography, Picnicking",easy,"Old Kavrepalanchok Jungle Buffer Zone Sanctuary is a notable nature destination in Kavrepalanchok district, part of Nepal's Bagmati Province. Scenic localized hidden gem in the Kavrepalanchok district of Bagmati province. This corner features striking wild nature attributes, surrounding travellers with pristine grasslands & wildlife trails and rich local indigenous tharu heritage traditions. It is best visited during Sep-May and offers an easy experience well suited to families and casual travelers."
Old Chitwan Riverside Camp Sanctuary,Chitwan,Bagmati,2,19835,National Park,"Jungle safari, Wildlife viewing, Bird watching, Jeep or canoe rides",moderate,"Old Chitwan Riverside Camp Sanctuary is a notable national park destination in Chitwan district, part of Nepal's Bagmati Province. Scenic localized hidden gem in the Chitwan district of Bagmati province. This corner features striking adventurous escape attributes, surrounding travellers with pristine rushing glacial rivers, sandy beaches and rich local fishermen communities traditions. It is best visited during Oct-Mar and offers a moderate experience well suited to families and casual travelers."
Old Rasuwa Hill Station Viewpoint Sanctuary,Rasuwa,Bagmati,1,5111,Hill Station,"Sunrise viewing, Hiking, Photography, Camping",moderate,"Old Rasuwa Hill Station Viewpoint Sanctuary is a notable hill station destination in Rasuwa district, part of Nepal's Bagmati Province. Scenic localized hidden gem in the Rasuwa district of Bagmati province. This corner features striking scenic grandeur attributes, surrounding travellers with pristine rolling terraced fields & deep valleys and rich local mixed tamang & chhetri culture traditions. It is best visited during Mar-May, Sep-Nov and offers a moderate experience well suited to families and casual travelers."
Old Sindhuli Monastery & Chorten Sanctuary,Sindhuli,Bagmati,1,3038,Religious,"Temple visits, Prayer and meditation, Pilgrimage rituals, Photography",easy,"Old Sindhuli Monastery & Chorten Sanctuary is a notable religious destination in Sindhuli district, part of Nepal's Bagmati Province. Scenic localized hidden gem in the Sindhuli district of Bagmati province. This corner features striking peaceful spiritualism attributes, surrounding travellers with pristine high mountain ridges & prayer flags and rich local tibetan buddhist culture traditions. It is best visited during Sep-May and offers an easy experience well suited to families and casual travelers."
Old Dhading Old Newari Street Sanctuary,Dhading,Bagmati,1,2882,Heritage,"Historical sightseeing, Museum visits, Photography, Guided heritage walks",easy,"Old Dhading Old Newari Street Sanctuary is a notable heritage destination in Dhading district, part of Nepal's Bagmati Province. Scenic localized hidden gem in the Dhading district of Bagmati province. This corner features striking living history attributes, surrounding travellers with pristine brick facades & woodcarvings and rich local traditional newar craftsmanship traditions. It is best visited during Sep-May and offers an easy experience well suited to families and casual travelers."
Gadhimai Temple,Bara,Madhesh,1,1200,Religious,"prayer, meditation, temple visit",easy,a major Hindu shrine near Kalaiya famous for its once-every-five-years Gadhimai Mela fair
Kalaiya Bazaar,Bara,Madhesh,1,3000,Urban,"shopping, sightseeing, local cuisine",easy,the district headquarters and Bhojpuri-speaking commercial hub of Bara
Simraungadh Ancient City,Bara,Madhesh,1,950,Heritage,"historical tour, photography, architecture viewing",easy,the 1097-founded fortified capital of the medieval Karnat dynasty of Mithila
Kankalini Temple,Bara,Madhesh,1,1400,Religious,"prayer, meditation, temple visit",easy,a shrine within the historic Simraungadh city ruins
Jeetpur-Simara Sub-Metropolitan City,Bara,Madhesh,1,2600,Urban,"shopping, sightseeing, local cuisine",easy,a fast-urbanizing twin city housing Bara's only airport
Parsa Wildlife Reserve Buffer,Bara,Madhesh,1,1800,Nature,"bird watching, photography, hiking",moderate,"the Bara-side buffer zone of Parsa National Park, home to tigers and gaurs"
Amlekhgunj Elephant Camp,Bara,Madhesh,2,3500,Adventure,"wildlife viewing, hiking, photography",moderate,a captive-elephant camp within the Parsa protected-area belt
Nijgadh Municipality,Bara,Madhesh,1,2300,Urban,"shopping, sightseeing, local cuisine",easy,a growing town in northern Bara near the proposed international airport site
Ram Janaki Mandir,Bara,Madhesh,1,1100,Religious,"prayer, meditation, temple visit",easy,a temple within the old Simraungadh fort complex dedicated to Ram and Sita
Kalaiya Siddheswar Temple,Bara,Madhesh,1,1350,Religious,"prayer, meditation, temple visit",easy,a Shiva shrine in the district headquarters town
Bariyarpur Village,Bara,Madhesh,1,850,Rural,"local culture experience, farming tour, photography",easy,a farming settlement that hosts the Gadhimai Temple and its mass pilgrimage fair
Karchorba Jhorahar Pond,Bara,Madhesh,1,1250,Religious,"prayer, meditation, temple visit",easy,a sacred pond in Bara associated with local pilgrimage traditions
Churiyamai Temple,Bara,Madhesh,1,1300,Religious,"prayer, meditation, temple visit",easy,a hillside shrine to the goddess Churiyamai in Bara's Chure range
Baragadhi Rural Settlement,Bara,Madhesh,1,900,Rural,"local culture experience, farming tour, photography",easy,a farming municipality named for the historic Bara fort
Kolhabi Municipality,Bara,Madhesh,1,2500,Urban,"shopping, sightseeing, local cuisine",easy,a market town along Bara's east-west trade corridor
Pacharauta Village,Bara,Madhesh,1,750,Rural,"local culture experience, farming tour, photography",easy,a farming settlement in Bara's rural municipal belt
Mahagadhimai Municipality,Bara,Madhesh,1,2200,Urban,"shopping, sightseeing, local cuisine",easy,the municipality encompassing the Gadhimai temple and its pilgrimage town
Devtal Village,Bara,Madhesh,1,780,Rural,"local culture experience, farming tour, photography",easy,a farming hamlet in the Bara Terai plains
Sakhuwan Village,Bara,Madhesh,1,820,Rural,"local culture experience, farming tour, photography",easy,a rural municipality in eastern Bara district
Adarsha Kotwal Village,Bara,Madhesh,1,790,Rural,"local culture experience, farming tour, photography",easy,a farming settlement in Bara's flatland belt
Karaiyamai Village,Bara,Madhesh,1,810,Rural,"local culture experience, farming tour, photography",easy,a rural municipality named for a local goddess shrine
Oda Village,Bara,Madhesh,1,770,Rural,"local culture experience, farming tour, photography",easy,a Terai farming settlement in central Bara
Suwarna Village,Bara,Madhesh,1,800,Rural,"local culture experience, farming tour, photography",easy,a rural municipality in Bara's agricultural plains
Inaruwa (Bara) Village,Bara,Madhesh,1,790,Rural,"local culture experience, farming tour, photography",easy,a farming hamlet distinct from the larger Inaruwa town in Sunsari
Bariyapur Goddess Shrine,Bara,Madhesh,1,1100,Religious,"prayer, meditation, temple visit",easy,a local devi shrine near Bariyarpur village
Sahajnath Temple,Bara,Madhesh,1,1250,Religious,"prayer, meditation, temple visit",easy,a riverside Shiva shrine in Bara district
Nijgadh Forest Belt,Bara,Madhesh,1,1600,Nature,"bird watching, photography, hiking",moderate,a dense Sal forest area in northern Bara near the planned airport site
Simara Riverside,Bara,Madhesh,1,1400,Nature,"bird watching, photography, hiking",moderate,a lowland river corridor near Jeetpur-Simara used for local fishing
Kalaiya Ram Mandir,Bara,Madhesh,1,1050,Religious,"prayer, meditation, temple visit",easy,a Rama temple and pilgrimage stop in central Kalaiya
Basantapur Village,Bara,Madhesh,1,760,Rural,"local culture experience, farming tour, photography",easy,a Terai farming hamlet in Bara district
Parsa National Park Core,Parsa,Madhesh,2,3800,Adventure,"wildlife viewing, hiking, photography",moderate,"the park headquarters zone in the Terai, home to Bengal tigers and Asian elephants"
Birgunj City,Parsa,Madhesh,1,4200,Urban,"shopping, sightseeing, local cuisine",easy,Nepal's second-largest city and main India border trade gateway
Bindabasini Temple,Parsa,Madhesh,1,1100,Religious,"prayer, meditation, temple visit",easy,a historic shrine on the western edge of Birgunj
Ghadiyarwa Pond,Parsa,Madhesh,1,1200,Nature,"bird watching, photography, hiking",moderate,a garden-ringed pond popular with locals for morning walks and yoga
Buddha Stupa Hillock,Parsa,Madhesh,1,1000,Religious,"prayer, meditation, temple visit",easy,a small hilltop Buddhist stupa within Birgunj city
Gawaha Mai Temple,Parsa,Madhesh,1,1150,Religious,"prayer, meditation, temple visit",easy,the old temple that gave Birgunj its earlier name of Gawaha
Kailas Bhatta Hilltop,Parsa,Madhesh,1,1300,Religious,"prayer, meditation, temple visit",easy,a hilltop shrine to Shiva and Parvati within Parsa National Park
Dugdeswor Mahadev Temple,Parsa,Madhesh,1,1250,Religious,"prayer, meditation, temple visit",easy,a hilltop Shiva-Parvati temple inside the national park boundary
Parsa National Park View Tower,Parsa,Madhesh,1,1700,Nature,"bird watching, photography, hiking",moderate,an observation tower near park headquarters for birdwatching and wildlife viewing
Amlekhgunj Town,Parsa,Madhesh,1,2400,Urban,"shopping, sightseeing, local cuisine",easy,an industrial Terai town near the Parsa National Park buffer zone
Pathlaiya Junction,Parsa,Madhesh,1,2200,Urban,"shopping, sightseeing, local cuisine",easy,a highway crossroads town near the Parsa park headquarters
Bahudarmai Village,Parsa,Madhesh,1,800,Rural,"local culture experience, farming tour, photography",easy,a rural municipality in Parsa's Terai farmland
Chhipaharmai Village,Parsa,Madhesh,1,780,Rural,"local culture experience, farming tour, photography",easy,a farming settlement south of Birgunj
Dhobini Village,Parsa,Madhesh,1,790,Rural,"local culture experience, farming tour, photography",easy,a Terai rural municipality in Parsa district
Jagarnathpur Village,Parsa,Madhesh,1,810,Rural,"local culture experience, farming tour, photography",easy,a farming hamlet in Parsa's plains
Jirabhawani Village,Parsa,Madhesh,1,1150,Religious,"prayer, meditation, temple visit",easy,a rural municipality named for its local goddess shrine
Kalikamai Village,Parsa,Madhesh,1,1080,Religious,"prayer, meditation, temple visit",easy,a settlement centered on a Kali shrine in southern Parsa
Pakaha Mainpur Village,Parsa,Madhesh,1,770,Rural,"local culture experience, farming tour, photography",easy,a farming settlement in eastern Parsa district
Paterwa Sugauli Village,Parsa,Madhesh,1,900,Heritage,"historical tour, photography, architecture viewing",easy,a border settlement referencing the historic 1816 Sugauli Treaty region
Pokhariya Village,Parsa,Madhesh,1,820,Rural,"local culture experience, farming tour, photography",easy,a rural municipality bordering Birgunj metropolitan area
Sakhuwa Prasauni Village,Parsa,Madhesh,1,790,Rural,"local culture experience, farming tour, photography",easy,a farming hamlet in central Parsa
Thori Village,Parsa,Madhesh,2,3200,Adventure,"wildlife viewing, hiking, photography",moderate,a remote southern Parsa settlement bordering the national park's dense forest
Rani Bazaar,Parsa,Madhesh,1,2100,Urban,"shopping, sightseeing, local cuisine",easy,a well-known handicraft and textile market within Birgunj
Birgunj Railway Station,Parsa,Madhesh,1,850,Heritage,"historical tour, photography, architecture viewing",easy,a Nepal-India rail link station reflecting the city's trade history
Kalika Temple,Parsa,Madhesh,1,1050,Religious,"prayer, meditation, temple visit",easy,a Kali shrine within Birgunj city
Bhikhna Thori Border Point,Parsa,Madhesh,1,880,Heritage,"historical tour, photography, architecture viewing",easy,a Nepal-India crossing near the national park's southern edge
Chandrapur (Parsa) Village,Parsa,Madhesh,1,760,Rural,"local culture experience, farming tour, photography",easy,a farming hamlet in Parsa's eastern belt
Bindabasini Ghat Riverside,Parsa,Madhesh,1,1300,Nature,"bird watching, photography, hiking",moderate,a riverside area near the Bindabasini temple in Birgunj
Simara Airport Vicinity,Parsa,Madhesh,1,2300,Urban,"shopping, sightseeing, local cuisine",easy,the aviation-linked township around Jeetpur-Simara's domestic airport
Parsagadhi Village,Parsa,Madhesh,1,890,Heritage,"historical tour, photography, architecture viewing",easy,a settlement referencing an old fort site in Parsa district
Gaur Bazaar,Rautahat,Madhesh,1,2200,Urban,"shopping, sightseeing, local cuisine",easy,the district headquarters town linked to the East-West Highway
Nunthar Shiva Temple,Rautahat,Madhesh,1,1250,Religious,"prayer, meditation, temple visit",easy,a century-old hilltop shrine on the Rautahat-Makwanpur-Sarlahi border in the Chure forests
Najarpur Vegetarian Village,Rautahat,Madhesh,1,920,Heritage,"historical tour, photography, architecture viewing",easy,a unique Krishna Pranami village where every resident practices vegetarianism
Matsari Durga Temple,Rautahat,Madhesh,1,1180,Religious,"prayer, meditation, temple visit",easy,a historic Durga shrine drawing large Navaratri crowds
Maulapur Madhani Ruins,Rautahat,Madhesh,1,950,Heritage,"historical tour, photography, architecture viewing",easy,"the excavated remains of a 1,000-year-old temple discovered in 2019"
Junge Jharana Waterfall,Rautahat,Madhesh,1,1600,Nature,"bird watching, photography, hiking",moderate,a lesser-visited waterfall in the Hattidamadar forest west of Nunthar
Barahwa Suspension Bridge,Rautahat,Madhesh,1,1200,Nature,"bird watching, photography, hiking",moderate,a river bridge over the Bagmati popular for sunset views and photos
Gudibela Garden,Rautahat,Madhesh,1,1350,Nature,"bird watching, photography, hiking",moderate,a picnic garden in Rautahat district
Purnewa Darbar,Rautahat,Madhesh,1,980,Heritage,"historical tour, photography, architecture viewing",easy,a historic palace-style landmark in Rautahat
Chandranigahapur Town,Rautahat,Madhesh,1,2150,Urban,"shopping, sightseeing, local cuisine",easy,a former district administrative town on the East-West Highway
Katahariya Village,Rautahat,Madhesh,1,820,Rural,"local culture experience, farming tour, photography",easy,a Terai settlement known for its distinctive katiya-style clay-pot goat curry
Boudhi Mai Temple,Rautahat,Madhesh,1,1100,Religious,"prayer, meditation, temple visit",easy,a local goddess shrine in the district
Nijananda Dham,Rautahat,Madhesh,1,1300,Religious,"prayer, meditation, temple visit",easy,a Krishna Pranami temple complex including a school and dharamshala
Marudhar Wetland,Rautahat,Madhesh,1,1500,Nature,"bird watching, photography, hiking",moderate,a Terai wetland hosting migratory Siberian birds
Garuda Sugar Mill Town,Rautahat,Madhesh,1,2050,Urban,"shopping, sightseeing, local cuisine",easy,an industrial town built around Rautahat's only sugar mill
Bairiya Village,Rautahat,Madhesh,1,890,Heritage,"historical tour, photography, architecture viewing",easy,"Nepal's most Muslim-majority village, cited as an example of local secularism"
Shivnagar Shiva Temple,Rautahat,Madhesh,1,1220,Religious,"prayer, meditation, temple visit",easy,a Giri-family-run Shiva shrine in Rautahat district
Rajdevi Rural Settlement,Rautahat,Madhesh,1,780,Rural,"local culture experience, farming tour, photography",easy,a rural municipality named for the regional Rajdevi goddess tradition
Paroha Village,Rautahat,Madhesh,1,790,Rural,"local culture experience, farming tour, photography",easy,a farming municipality in central Rautahat
Dewahi Gonahi Village,Rautahat,Madhesh,1,770,Rural,"local culture experience, farming tour, photography",easy,a Terai farming settlement in Rautahat
Ishanath Village,Rautahat,Madhesh,1,1050,Religious,"prayer, meditation, temple visit",easy,a rural municipality centered on a local Shiva shrine
Phatuwa Bijayapur Village,Rautahat,Madhesh,1,800,Rural,"local culture experience, farming tour, photography",easy,a farming hamlet in southern Rautahat
Baudhimai Village,Rautahat,Madhesh,1,810,Rural,"local culture experience, farming tour, photography",easy,a rural municipality in Rautahat's plains
Brindaban Village,Rautahat,Madhesh,1,790,Rural,"local culture experience, farming tour, photography",easy,a Terai settlement named for the Krishna-associated Brindaban tradition
Gadhimai (Rautahat) Village,Rautahat,Madhesh,1,800,Rural,"local culture experience, farming tour, photography",easy,a rural municipality bordering Bara's Gadhimai pilgrimage zone
Katahariya Meat Market Quarter,Rautahat,Madhesh,1,2100,Urban,"shopping, sightseeing, local cuisine",easy,a bazaar quarter in Katahariya known for its slow-cooked goat dish
Gaur Park,Rautahat,Madhesh,1,1100,Nature,"bird watching, photography, hiking",moderate,a municipal park in the district headquarters town
Manusmara Riverside,Rautahat,Madhesh,1,1400,Nature,"bird watching, photography, hiking",moderate,"a river and irrigation-canal corridor supporting 3,200 hectares of farmland"
Chapur Bazaar,Rautahat,Madhesh,1,2150,Urban,"shopping, sightseeing, local cuisine",easy,a Rautahat market town along local highway routes
Yamunamai Rural Settlement,Rautahat,Madhesh,1,770,Rural,"local culture experience, farming tour, photography",easy,a rural municipality in Rautahat's eastern belt
Malangwa Bazaar,Sarlahi,Madhesh,1,2250,Urban,"shopping, sightseeing, local cuisine",easy,"the district headquarters, named for the Islamic saint Malang Baba whose shrine both faiths visit"
Sarlahi Devi Temple,Sarlahi,Madhesh,1,1150,Religious,"prayer, meditation, temple visit",easy,"the temple believed to have given the district its name, subject to local night-visit taboo"
Chameli Mai Temple,Sarlahi,Madhesh,1,1200,Religious,"prayer, meditation, temple visit",easy,a widely visited shrine drawing devotees from Nepal and India
Mukteshwar Nath Temple,Sarlahi,Madhesh,1,950,Heritage,"historical tour, photography, architecture viewing",easy,a temple in Murtiya village recognized as a heritage site
Nadiman Lake,Sarlahi,Madhesh,1,1100,Religious,"prayer, meditation, temple visit",easy,a Puranic lake near Malangwa believed to be a mystic yaksha pool
Nunthar Pahad,Sarlahi,Madhesh,1,1300,Religious,"prayer, meditation, temple visit",easy,"a historic hilltop straddling four districts, revered by regional pilgrims"
Pattharkot Temple,Sarlahi,Madhesh,1,1250,Religious,"prayer, meditation, temple visit",easy,the most prominent religious site in the Sarlahi highlands
Sitlamai Temple,Sarlahi,Madhesh,1,1150,Religious,"prayer, meditation, temple visit",easy,a goddess shrine within Balara municipality
Sagaranatha Temple,Sarlahi,Madhesh,1,1220,Religious,"prayer, meditation, temple visit",easy,a Shiva shrine in Ishworpur municipality
Gopalkuti Mahadev Temple,Sarlahi,Madhesh,1,1180,Religious,"prayer, meditation, temple visit",easy,a riverside Shiva shrine in Karmaiya village
Solti Bazaar,Sarlahi,Madhesh,1,2100,Urban,"shopping, sightseeing, local cuisine",easy,Sarlahi's fast-growing commercial center
Barahathawa Village,Sarlahi,Madhesh,1,800,Rural,"local culture experience, farming tour, photography",easy,a lush farming area presenting an idyllic picture of rural Terai life
Hariwon Village,Sarlahi,Madhesh,1,920,Heritage,"historical tour, photography, architecture viewing",easy,a town known for ancient temples and traditional houses
Lalbandi Municipality,Sarlahi,Madhesh,1,2300,Urban,"shopping, sightseeing, local cuisine",easy,one of Sarlahi's eleven municipalities with a mixed farming-trade economy
Bhagwati Temple,Sarlahi,Madhesh,1,1080,Religious,"prayer, meditation, temple visit",easy,a goddess shrine within the Malangwa municipal area
Musaili Pond,Sarlahi,Madhesh,1,1250,Nature,"bird watching, photography, hiking",moderate,a large pond in Malangwa municipality popular as a local tourist spot
Sibha Sagar Pond,Sarlahi,Madhesh,1,1300,Nature,"bird watching, photography, hiking",moderate,a sacred pond within Malangwa municipality
Karmaihiya Village,Sarlahi,Madhesh,1,780,Rural,"local culture experience, farming tour, photography",easy,a farming settlement in Sarlahi's plains
Jungamukteswar Mahadev Temple,Sarlahi,Madhesh,1,1200,Religious,"prayer, meditation, temple visit",easy,a Shiva temple in the Sarlahi district
Buddha Park,Sarlahi,Madhesh,1,1150,Nature,"bird watching, photography, hiking",moderate,a public park in the district commemorating Buddhist heritage
Bagmati Riverside,Sarlahi,Madhesh,1,1400,Nature,"bird watching, photography, hiking",moderate,the river forming Sarlahi's western boundary with Rautahat
Godaita Municipality,Sarlahi,Madhesh,1,2150,Urban,"shopping, sightseeing, local cuisine",easy,a market municipality in central Sarlahi
Harion Municipality,Sarlahi,Madhesh,1,2100,Urban,"shopping, sightseeing, local cuisine",easy,a Sarlahi municipality named for the Harion Khola stream
Kabilasi Village,Sarlahi,Madhesh,1,790,Rural,"local culture experience, farming tour, photography",easy,a rural farming municipality in Sarlahi district
Basbariya Village,Sarlahi,Madhesh,1,770,Rural,"local culture experience, farming tour, photography",easy,a rural municipality in Sarlahi's plains
Brahmapuri Village,Sarlahi,Madhesh,1,800,Rural,"local culture experience, farming tour, photography",easy,a farming settlement bordering the India frontier
Chakraghatta Village,Sarlahi,Madhesh,1,810,Rural,"local culture experience, farming tour, photography",easy,a rural municipality in western Sarlahi
Ramnagar (Sarlahi) Village,Sarlahi,Madhesh,1,790,Rural,"local culture experience, farming tour, photography",easy,a Terai farming settlement in Sarlahi district
Dhankaul Village,Sarlahi,Madhesh,1,780,Rural,"local culture experience, farming tour, photography",easy,a rural municipality in Sarlahi's agricultural belt
Kaudena Village,Sarlahi,Madhesh,1,760,Rural,"local culture experience, farming tour, photography",easy,a farming hamlet in Sarlahi district
Janaki Mandir,Dhanusha,Madhesh,1,1400,Religious,"prayer, meditation, temple visit",easy,"a marble Mughal-Rajput style temple built in 1898-1911, dedicated to Sita"
Ram Mandir,Dhanusha,Madhesh,1,1200,Religious,"prayer, meditation, temple visit",easy,"one of Janakpur's oldest temples, built by Gorkhali General Amar Singh Thapa"
Vivaha Mandap,Dhanusha,Madhesh,1,1150,Religious,"prayer, meditation, temple visit",easy,the marble pavilion marking the legendary wedding site of Ram and Sita
Dhanushadham,Dhanusha,Madhesh,1,1050,Religious,"prayer, meditation, temple visit",easy,a pilgrimage site 18km from Janakpur believed to hold a fossilized fragment of Shiva's broken bow
Ganga Sagar Pond,Dhanusha,Madhesh,1,1000,Religious,"prayer, meditation, temple visit",easy,one of Janakpur's holiest ponds among more than 70 sacred water bodies
Parshuram Kunda,Dhanusha,Madhesh,1,1100,Religious,"prayer, meditation, temple visit",easy,a lotus-covered pond near Dhanushadham linked to the sage Parashuram
Mithila Women's Art Center,Dhanusha,Madhesh,1,950,Heritage,"historical tour, photography, architecture viewing",easy,a center showcasing traditional Mithila and Madhubani painting
Janakpur Railway Station,Dhanusha,Madhesh,1,880,Heritage,"historical tour, photography, architecture viewing",easy,"Nepal's only operational railway station, linking to Jaynagar, India"
Hanuman Temple,Dhanusha,Madhesh,1,980,Religious,"prayer, meditation, temple visit",easy,a shrine near Janaki Mandir believed to grant strength and courage
Dhanush Sagar Pond,Dhanusha,Madhesh,1,1020,Religious,"prayer, meditation, temple visit",easy,a sacred pond near Ram Mandir tied to the broken-bow legend
Swargadwar,Dhanusha,Madhesh,1,900,Religious,"prayer, meditation, temple visit",easy,a riverside cremation and ritual ghat area in Janakpur
Ratna Sagar Pond,Dhanusha,Madhesh,1,1050,Religious,"prayer, meditation, temple visit",easy,one of Janakpur's most important sacred ponds
Nari Kala Kendra,Dhanusha,Madhesh,1,920,Heritage,"historical tour, photography, architecture viewing",easy,a cultural center for Mithila art and craft workshops
Traditional Mithila Village,Dhanusha,Madhesh,1,850,Rural,"local culture experience, farming tour, photography",easy,a mud-wall Mithila-art painted village near Janakpur
Bindeshwor Village,Dhanusha,Madhesh,1,790,Rural,"local culture experience, farming tour, photography",easy,a farming settlement in Dhanusha district
Chhatauna Village,Dhanusha,Madhesh,1,780,Rural,"local culture experience, farming tour, photography",easy,a Terai village in Dhanusha's agricultural belt
Ramoli Village,Dhanusha,Madhesh,1,800,Rural,"local culture experience, farming tour, photography",easy,a farming hamlet on the outskirts of Janakpur
Bateshwar Village,Dhanusha,Madhesh,1,810,Rural,"local culture experience, farming tour, photography",easy,a rural municipality in Dhanusha district
Aurahi Village,Dhanusha,Madhesh,1,790,Rural,"local culture experience, farming tour, photography",easy,a farming settlement in Dhanusha's plains
Sabaila Village,Dhanusha,Madhesh,1,800,Rural,"local culture experience, farming tour, photography",easy,a rural municipality in Dhanusha district
Mukhiyapatti Musharniya Village,Dhanusha,Madhesh,1,770,Rural,"local culture experience, farming tour, photography",easy,a Terai farming settlement in Dhanusha
Janakpurdham Markets Quarter,Dhanusha,Madhesh,1,2200,Urban,"shopping, sightseeing, local cuisine",easy,the bustling old-town market area of Janakpur selling Mithila handicrafts
Bideha Municipality,Dhanusha,Madhesh,1,2100,Urban,"shopping, sightseeing, local cuisine",easy,a Dhanusha municipality named for the ancient Videha kingdom
Nagarain Municipality,Dhanusha,Madhesh,1,2150,Urban,"shopping, sightseeing, local cuisine",easy,a Dhanusha municipality along the Kamala River
Kamala Riverside,Dhanusha,Madhesh,1,1350,Nature,"bird watching, photography, hiking",moderate,"one of five rivers surrounding Janakpur, used for farming and fishing"
Dhalkebar Junction,Dhanusha,Madhesh,1,2300,Urban,"shopping, sightseeing, local cuisine",easy,a highway junction town connecting Dhanusha to the East-West Highway
Janakpur Zoo & Deer Park,Dhanusha,Madhesh,1,1400,Nature,"bird watching, photography, hiking",moderate,a small recreational park within Janakpur city
Hansapur Village,Dhanusha,Madhesh,1,780,Rural,"local culture experience, farming tour, photography",easy,a farming settlement in Dhanusha district
Mithila Bihari Temple,Dhanusha,Madhesh,1,1080,Religious,"prayer, meditation, temple visit",easy,a Vishnu shrine within the wider Janakpur temple circuit
Janakpur Panchkoshi Circuit,Dhanusha,Madhesh,1,1250,Religious,"prayer, meditation, temple visit",easy,a five-stage pilgrimage route encircling Janakpur's sacred sites
Jaleshwar Mahadev Temple,Mahottari,Madhesh,1,1300,Religious,"prayer, meditation, temple visit",easy,"a Shiva shrine whose lingam sits 20 feet underwater, reached by a stone stairway"
Jaleshwar Bazaar,Mahottari,Madhesh,1,2150,Urban,"shopping, sightseeing, local cuisine",easy,the district headquarters town near the India border at Bhitthamore
Uma Mahodari Shaktipeeth Temple,Mahottari,Madhesh,1,1250,Religious,"prayer, meditation, temple visit",easy,"a shakti-peeth shrine in Jaleshwar, one of Mahottari's most sacred sites"
Trishulimai Temple,Mahottari,Madhesh,1,1150,Religious,"prayer, meditation, temple visit",easy,a goddess shrine within the Jaleshwar temple cluster
Rajdevi Temple,Mahottari,Madhesh,1,1100,Religious,"prayer, meditation, temple visit",easy,a local devi shrine in the Jaleshwar municipal area
Bhairav Temple,Mahottari,Madhesh,1,1120,Religious,"prayer, meditation, temple visit",easy,a temple within Jaleshwar's cluster of archaeological and religious sites
Siddhanath Mahadev Temple,Mahottari,Madhesh,1,1200,Religious,"prayer, meditation, temple visit",easy,a shrine at the confluence of the Ratu and Badahari rivers
Mahottari Pokhari,Mahottari,Madhesh,1,1300,Nature,"bird watching, photography, hiking",moderate,one of several sacred lakes in the district alongside Barun Sar and Bhargais Sar
Haraphuka Village,Mahottari,Madhesh,1,780,Rural,"local culture experience, farming tour, photography",easy,a farming settlement in Mahottari district
Khayarmara Village,Mahottari,Madhesh,1,790,Rural,"local culture experience, farming tour, photography",easy,a rural municipality in Mahottari's Terai belt
Banauli Danauli Village,Mahottari,Madhesh,1,770,Rural,"local culture experience, farming tour, photography",easy,a Terai farming settlement in Mahottari district
Matiyani Gadh,Mahottari,Madhesh,1,920,Heritage,"historical tour, photography, architecture viewing",easy,a historic fort-associated site in Mahottari district
Ancient Well of Bishnupur,Mahottari,Madhesh,1,880,Heritage,"historical tour, photography, architecture viewing",easy,a historic stepped well in Mahottari district
Sahodara Riverside,Mahottari,Madhesh,1,1350,Nature,"bird watching, photography, hiking",moderate,a river valued for its historical and religious importance
Bardibas Junction Town,Mahottari,Madhesh,1,2250,Urban,"shopping, sightseeing, local cuisine",easy,an important highway junction town linking the BP Highway and East-West Highway
Matihani Village,Mahottari,Madhesh,1,790,Rural,"local culture experience, farming tour, photography",easy,a rural municipality bordering Jaleshwar
Ekdara Village,Mahottari,Madhesh,1,800,Rural,"local culture experience, farming tour, photography",easy,a farming settlement adjoining Jaleshwar municipality
Ramgopalpur Municipality,Mahottari,Madhesh,1,2100,Urban,"shopping, sightseeing, local cuisine",easy,a Mahottari municipality along the district's trade corridor
Balawa Municipality,Mahottari,Madhesh,1,2150,Urban,"shopping, sightseeing, local cuisine",easy,a Mahottari municipality in the central Terai plains
Aurahi (Mahottari) Village,Mahottari,Madhesh,1,770,Rural,"local culture experience, farming tour, photography",easy,a farming settlement distinct from its Dhanusha namesake
Pipara Village,Mahottari,Madhesh,1,780,Rural,"local culture experience, farming tour, photography",easy,a rural municipality in Mahottari district
Manra Siswa Village,Mahottari,Madhesh,1,790,Rural,"local culture experience, farming tour, photography",easy,a Terai farming settlement in Mahottari
Sonama Village,Mahottari,Madhesh,1,800,Rural,"local culture experience, farming tour, photography",easy,a rural municipality in Mahottari's agricultural belt
Gaushala Municipality,Mahottari,Madhesh,1,2200,Urban,"shopping, sightseeing, local cuisine",easy,a Mahottari municipality along the East-West Highway
Loharpatti Municipality,Mahottari,Madhesh,1,2100,Urban,"shopping, sightseeing, local cuisine",easy,a Mahottari trading town near Jaleshwar
Samsi Village,Mahottari,Madhesh,1,770,Rural,"local culture experience, farming tour, photography",easy,a rural municipality in Mahottari district
Mahottari Traditional Maithil Village,Mahottari,Madhesh,1,820,Rural,"local culture experience, farming tour, photography",easy,a village showcasing traditional Maithil houses and customs
Parsapatauli Village,Mahottari,Madhesh,1,790,Rural,"local culture experience, farming tour, photography",easy,a former VDC merged into Jaleshwar municipality
Piguna Village,Mahottari,Madhesh,1,780,Rural,"local culture experience, farming tour, photography",easy,a farming hamlet within Jaleshwar municipal boundaries
Nainhi Village,Mahottari,Madhesh,1,770,Rural,"local culture experience, farming tour, photography",easy,a rural settlement within Jaleshwar municipality
Salhesh Mandir,Siraha,Madhesh,1,1150,Religious,"prayer, meditation, temple visit",easy,"a shrine to the folk deity Salhesh, central to Siraha's regional identity"
Siraha Bazaar,Siraha,Madhesh,1,2100,Urban,"shopping, sightseeing, local cuisine",easy,the district headquarters town in the Terai belt
Lahan Bazaar,Siraha,Madhesh,1,2250,Urban,"shopping, sightseeing, local cuisine",easy,"Siraha's largest city, home to the Sagarmatha Chaudhary Eye Hospital"
Rajdevi Mandir,Siraha,Madhesh,1,1080,Religious,"prayer, meditation, temple visit",easy,a devi shrine in Siraha district
Pakariyagarh Fort Site,Siraha,Madhesh,1,920,Heritage,"historical tour, photography, architecture viewing",easy,a historic fort site in Siraha district
Kamala Riverside,Siraha,Madhesh,1,1350,Nature,"bird watching, photography, hiking",moderate,the river forming Siraha's western boundary with Dhanusha
Khapate Danda,Siraha,Madhesh,1,1200,Nature,"bird watching, photography, hiking",moderate,a low ridge landmark in Siraha's landscape
Kamal and Manki Daha,Siraha,Madhesh,1,1300,Nature,"bird watching, photography, hiking",moderate,twin ponds noted for local fishing and scenery
Sahalesh Garden,Siraha,Madhesh,1,900,Heritage,"historical tour, photography, architecture viewing",easy,a garden famed for a tree whose flowers bloom only on New Year's Day
Thadi Border Town,Siraha,Madhesh,1,880,Heritage,"historical tour, photography, architecture viewing",easy,a historic Nepal-India customs and trade crossing point
Fulbari Village,Siraha,Madhesh,1,790,Rural,"local culture experience, farming tour, photography",easy,a village known for New Year gatherings and local festivities
Patari Village,Siraha,Madhesh,1,780,Rural,"local culture experience, farming tour, photography",easy,a farming settlement paired with Fulbari for New Year celebrations
Mango and Pineapple Farms,Siraha,Madhesh,1,810,Rural,"local culture experience, farming tour, photography",easy,orchard belts characteristic of Siraha's agricultural economy
Bishnupur (Siraha) Village,Siraha,Madhesh,1,790,Rural,"local culture experience, farming tour, photography",easy,a rural municipality in Siraha district
Lakshmipur Municipality,Siraha,Madhesh,1,2150,Urban,"shopping, sightseeing, local cuisine",easy,a Siraha municipality along the district's market network
Sitapur Village,Siraha,Madhesh,1,770,Rural,"local culture experience, farming tour, photography",easy,a rural municipality in Siraha's Terai plains
Naraha Municipality,Siraha,Madhesh,1,2100,Urban,"shopping, sightseeing, local cuisine",easy,a Siraha municipality on the road to Lahan
Golbazar Municipality,Siraha,Madhesh,1,2200,Urban,"shopping, sightseeing, local cuisine",easy,a trading town municipality in Siraha district
Mirchaiya Municipality,Siraha,Madhesh,1,2150,Urban,"shopping, sightseeing, local cuisine",easy,a Siraha municipality along the East-West Highway
Sukhipur Municipality,Siraha,Madhesh,1,2100,Urban,"shopping, sightseeing, local cuisine",easy,a market municipality in central Siraha
Karjanha Municipality,Siraha,Madhesh,1,2150,Urban,"shopping, sightseeing, local cuisine",easy,a Siraha municipality in the district's plains
Bhagawanpur (Siraha) Village,Siraha,Madhesh,1,780,Rural,"local culture experience, farming tour, photography",easy,a farming settlement in Siraha district
Arnama Village,Siraha,Madhesh,1,790,Rural,"local culture experience, farming tour, photography",easy,a rural municipality in Siraha district
Sarlahi Bhagwanpur Village,Siraha,Madhesh,1,770,Rural,"local culture experience, farming tour, photography",easy,a rural farming settlement in Siraha's south
Dhangadhimai Municipality,Siraha,Madhesh,1,2200,Urban,"shopping, sightseeing, local cuisine",easy,a Siraha municipality named for a local goddess
Aurahi (Siraha) Village,Siraha,Madhesh,1,780,Rural,"local culture experience, farming tour, photography",easy,a farming hamlet distinct from its Dhanusha and Mahottari namesakes
Bariyarpatti Municipality,Siraha,Madhesh,1,2100,Urban,"shopping, sightseeing, local cuisine",easy,a Siraha municipality along local trade routes
Sagarnath Municipality,Siraha,Madhesh,1,1150,Religious,"prayer, meditation, temple visit",easy,a municipality centered on a Shiva shrine tradition
Kalyanpur Village,Siraha,Madhesh,1,770,Rural,"local culture experience, farming tour, photography",easy,a Terai farming settlement in Siraha
Naktajhij Village,Siraha,Madhesh,1,790,Rural,"local culture experience, farming tour, photography",easy,a rural municipality in Siraha's agricultural plains
Rajbiraj Bazaar,Saptari,Madhesh,1,2300,Urban,"shopping, sightseeing, local cuisine",easy,"the district headquarters, named for the historic 8th-century Rajdevi Temple"
Rajdevi Temple,Saptari,Madhesh,1,1150,Religious,"prayer, meditation, temple visit",easy,an 8th-century Hindu temple that gave Rajbiraj its name
Chhinnamasta Bhagawati Temple,Saptari,Madhesh,1,1200,Religious,"prayer, meditation, temple visit",easy,a Shakti Peeth shrine near the Indian border drawing major Dashain pilgrimage crowds
Kankalini Temple,Saptari,Madhesh,1,1180,Religious,"prayer, meditation, temple visit",easy,a Durga shrine believed founded after villagers found ancient carved stones in a field
Koshi Tappu Wildlife Reserve,Saptari,Madhesh,2,3800,Adventure,"wildlife viewing, hiking, photography",moderate,"a wetland reserve 40 minutes from Rajbiraj, home to the endangered wild buffalo Arna"
Saptakoshi Bridge,Saptari,Madhesh,1,1400,Nature,"bird watching, photography, hiking",moderate,a bridge over the Sapta Koshi River near Rajbiraj
Shambhunath Temple,Saptari,Madhesh,1,1100,Religious,"prayer, meditation, temple visit",easy,"one of eastern Nepal's most popular pilgrimage temples, 12km from Rajbiraj"
Kanakpatti Palace Site,Saptari,Madhesh,1,940,Heritage,"historical tour, photography, architecture viewing",easy,a historic palace site north of the Shambhunath temple
Gokhi Pond,Saptari,Madhesh,1,1050,Religious,"prayer, meditation, temple visit",easy,a historic pond valued for its religious significance and greenery
Pateshwari Temple,Saptari,Madhesh,1,1120,Religious,"prayer, meditation, temple visit",easy,a revered temple drawing devotees from across the region
Bishnupaduka Religious Site,Saptari,Madhesh,1,1080,Religious,"prayer, meditation, temple visit",easy,an ancient temple complex with sacred sites for Hindu pilgrims
Koshi Barrage,Saptari,Madhesh,1,1600,Nature,"bird watching, photography, hiking",moderate,a major dam on the Koshi River popular for sightseeing
Rajbiraj Airport Vicinity,Saptari,Madhesh,1,2200,Urban,"shopping, sightseeing, local cuisine",easy,the township around Saptari's oldest operating airfield
Sapta Koshi Riverbank,Saptari,Madhesh,1,1350,Nature,"bird watching, photography, hiking",moderate,the seven-tributary river after which Saptari district is named
Dakneshwori Municipality,Saptari,Madhesh,1,2100,Urban,"shopping, sightseeing, local cuisine",easy,a Saptari municipality named for a local goddess shrine
Bodebarsain Municipality,Saptari,Madhesh,1,2150,Urban,"shopping, sightseeing, local cuisine",easy,a Saptari municipality in the district's plains
Hanumannagar Kankalini Municipality,Saptari,Madhesh,1,2100,Urban,"shopping, sightseeing, local cuisine",easy,a municipality centered on the Kankalini temple area
Kanchanrup Municipality,Saptari,Madhesh,1,2200,Urban,"shopping, sightseeing, local cuisine",easy,a Saptari municipality along the district's trade network
Surunga Municipality,Saptari,Madhesh,1,2150,Urban,"shopping, sightseeing, local cuisine",easy,a market municipality in central Saptari
Khadak Village,Saptari,Madhesh,1,790,Rural,"local culture experience, farming tour, photography",easy,a rural municipality in Saptari's Terai plains
Rupani Village,Saptari,Madhesh,1,780,Rural,"local culture experience, farming tour, photography",easy,a rural municipality in Saptari district
Tilathi Koiladi Village,Saptari,Madhesh,1,770,Rural,"local culture experience, farming tour, photography",easy,a Terai farming settlement in Saptari
Agnisaira Krishnasavaran Village,Saptari,Madhesh,1,810,Rural,"local culture experience, farming tour, photography",easy,a rural municipality named for local deity traditions
Balan-Bihul Village,Saptari,Madhesh,1,790,Rural,"local culture experience, farming tour, photography",easy,a rural municipality along the Balan River in Saptari
Rajgadh Village,Saptari,Madhesh,1,910,Heritage,"historical tour, photography, architecture viewing",easy,a rural municipality referencing a historic fort site
Tirhut Village,Saptari,Madhesh,1,780,Rural,"local culture experience, farming tour, photography",easy,a farming settlement reflecting the district's Mithila cultural ties
Mahadeva Village,Saptari,Madhesh,1,1050,Religious,"prayer, meditation, temple visit",easy,a rural municipality centered on a Shiva shrine tradition
Chinnamasta Village,Saptari,Madhesh,1,1120,Religious,"prayer, meditation, temple visit",easy,the rural municipality surrounding the Chhinnamasta Bhagawati temple
Fish Farming Center,Saptari,Madhesh,1,820,Rural,"local culture experience, farming tour, photography",easy,a community fish-farming hub in Saptari district
Bhardaha Village,Saptari,Madhesh,1,890,Heritage,"historical tour, photography, architecture viewing",easy,a Saptari village known as the birthplace of singer Udit Narayan
